team_id,team,year_season
1611661322,WAS,2009
1611661324,MIN,2009
1611661328,SEA,2009
1611661324,MIN,2009
1611661321,DET,2009
1611661329,CHI,2009
1611661328,SEA,2009
1611661313,NYL,2009
1611661322,WAS,2009
1611661325,IND,2009
1611661328,SEA,2009
1611661323,CON,2009
1611661322,WAS,2009
1611661320,LAS,2009
1611661318,SAC,2009
1611661317,PHO,2009
1611661321,DET,2009
1611661323,CON,2009
1611661318,SAC,2009
1611661328,SEA,2009
1611661329,CHI,2009
1611661313,NYL,2009
1611661328,SEA,2009
1611661330,ATL,2009
1611661325,IND,2009
1611661313,NYL,2009
1611661323,CON,2009
1611661322,WAS,2009
1611661322,WAS,2009
1611661319,SAS,2009
1611661325,IND,2009
1611661321,DET,2009
1611661330,ATL,2009
1611661325,IND,2009
1611661318,SAC,2009
1611661325,IND,2009
1611661329,CHI,2009
1611661329,CHI,2009
1611661323,CON,2009
1611661321,DET,2009
1611661320,LAS,2009
1611661321,DET,2009
1611661329,CHI,2009
1611661328,SEA,2009
1611661319,SAS,2009
1611661323,CON,2009
1611661328,SEA,2009
1611661325,IND,2009
1611661323,CON,2009
1611661319,SAS,2009
1611661322,WAS,2009
1611661318,SAC,2009
1611661320,LAS,2009
1611661320,LAS,2009
1611661324,MIN,2009
1611661325,IND,2009
1611661330,ATL,2009
1611661324,MIN,2009
1611661323,CON,2009
1611661321,DET,2009
1611661324,MIN,2009
1611661328,SEA,2009
1611661325,IND,2009
1611661323,CON,2009
1611661328,SEA,2009
1611661317,PHO,2009
1611661319,SAS,2009
1611661323,CON,2009
1611661313,NYL,2009
1611661330,ATL,2009
1611661322,WAS,2009
1611661313,NYL,2009
1611661330,ATL,2009
1611661319,SAS,2009
1611661318,SAC,2009
1611661330,ATL,2009
1611661320,LAS,2009
1611661320,LAS,2009
1611661330,ATL,2009
1611661318,SAC,2009
1611661322,WAS,2009
1611661317,PHO,2009
1611661324,MIN,2009
1611661313,NYL,2009
1611661330,ATL,2009
1611661321,DET,2009
1611661322,WAS,2009
1611661321,DET,2009
1611661330,ATL,2009
1611661324,MIN,2009
1611661320,LAS,2009
1611661313,NYL,2009
1611661324,MIN,2009
1611661324,MIN,2009
1611661325,IND,2009
1611661313,NYL,2009
1611661322,WAS,2009
1611661325,IND,2009
1611661329,CHI,2009
1611661318,SAC,2009
1611661321,DET,2009
1611661317,PHO,2009
1611661318,SAC,2009
1611661320,LAS,2009
1611661318,SAC,2009
1611661329,CHI,2009
1611661319,SAS,2009
1611661323,CON,2009
1611661321,DET,2009
1611661317,PHO,2009
1611661318,SAC,2009
1611661324,MIN,2009
1611661317,PHO,2009
1611661320,LAS,2009
1611661319,SAS,2009
1611661328,SEA,2009
1611661322,WAS,2009
1611661321,DET,2009
1611661321,DET,2009
1611661329,CHI,2009
1611661317,PHO,2009
1611661321,DET,2009
1611661317,PHO,2009
1611661319,SAS,2009
1611661330,ATL,2009
1611661313,NYL,2009
1611661325,IND,2009
1611661317,PHO,2009
1611661317,PHO,2009
1611661317,PHO,2009
1611661324,MIN,2009
1611661320,LAS,2009
1611661329,CHI,2009
1611661329,CHI,2009
1611661323,CON,2009
1611661313,NYL,2009
1611661328,SEA,2009
1611661318,SAC,2009
1611661319,SAS,2009
1611661323,CON,2009
1611661325,IND,2009
1611661323,CON,2009
1611661323,CON,2009
1611661325,IND,2009
1611661324,MIN,2009
1611661317,PHO,2009
1611661318,SAC,2009
1611661325,IND,2009
1611661320,LAS,2009
1611661328,SEA,2009
1611661329,CHI,2009
1611661319,SAS,2009
1611661321,DET,2009
1611661319,SAS,2009
1611661318,TOT,2009
1611661324,TOT,2009
1611661321,TOT,2009
1611661329,TOT,2009
1611661330,TOT,2009
1611661321,TOT,2009
1611661329,TOT,2009
1611661318,SAC,2009
1611661324,MIN,2009
1611661321,DET,2009
1611661329,CHI,2009
1611661330,ATL,2009
1611661321,DET,2009
1611661329,CHI,2009
1611661321,DET,2009
1611661313,NYL,2009
1611661328,SEA,2009
1611661325,IND,2009ps
1611661328,SEA,2009ps
1611661319,SAS,2009ps
1611661320,LAS,2009ps
1611661330,ATL,2009ps
1611661317,PHO,2009ps
1611661320,LAS,2009ps
1611661317,PHO,2009ps
1611661321,DET,2009ps
1611661325,IND,2009ps
1611661322,WAS,2009ps
1611661320,LAS,2009ps
1611661330,ATL,2009ps
1611661322,WAS,2009ps
1611661321,DET,2009ps
1611661330,ATL,2009ps
1611661317,PHO,2009ps
1611661322,WAS,2009ps
1611661330,ATL,2009ps
1611661328,SEA,2009ps
1611661321,DET,2009ps
1611661321,DET,2009ps
1611661319,SAS,2009ps
1611661328,SEA,2009ps
1611661320,LAS,2009ps
1611661325,IND,2009ps
1611661317,PHO,2009ps
1611661319,SAS,2009ps
1611661328,SEA,2009ps
1611661320,LAS,2009ps
1611661320,LAS,2009ps
1611661317,PHO,2009ps
1611661317,PHO,2009ps
1611661317,PHO,2009ps
1611661325,IND,2009ps
1611661330,ATL,2009ps
1611661319,SAS,2009ps
1611661317,PHO,2009ps
1611661317,PHO,2009ps
1611661321,DET,2009ps
1611661330,ATL,2009ps
1611661320,LAS,2009ps
1611661325,IND,2009ps
1611661325,IND,2009ps
1611661330,ATL,2009ps
1611661325,IND,2009ps
1611661319,SAS,2009ps
1611661322,WAS,2009ps
1611661322,WAS,2009ps
1611661325,IND,2009ps
1611661321,DET,2009ps
1611661328,SEA,2009ps
1611661328,SEA,2009ps
1611661321,DET,2009ps
1611661317,PHO,2009ps
1611661320,LAS,2009ps
1611661328,SEA,2009ps
1611661325,IND,2009ps
1611661322,WAS,2009ps
1611661328,SEA,2009ps
1611661325,IND,2009ps
1611661320,LAS,2009ps
1611661319,SAS,2009ps
1611661330,ATL,2009ps
1611661322,WAS,2009ps
1611661330,ATL,2009ps
1611661321,DET,2009ps
1611661319,SAS,2009ps
1611661317,PHO,2009ps
1611661328,SEA,2009ps
1611661322,WAS,2009ps
1611661321,DET,2009ps
1611661330,ATL,2009ps
1611661325,IND,2009ps
1611661320,LAS,2009ps
1611661320,LAS,2009ps
1611661322,WAS,2009ps
1611661319,SAS,2009ps
1611661319,SAS,2009ps
1611661322,WAS,2010
1611661324,MIN,2010
1611661324,MIN,2010
1611661329,CHI,2010
1611661319,SAS,2010
1611661325,IND,2010
1611661328,SEA,2010
1611661321,TUL,2010
1611661313,NYL,2010
1611661317,PHO,2010
1611661321,TUL,2010
1611661324,MIN,2010
1611661329,CHI,2010
1611661313,NYL,2010
1611661328,SEA,2010
1611661330,ATL,2010
1611661325,IND,2010
1611661329,CHI,2010
1611661322,WAS,2010
1611661322,WAS,2010
1611661319,SAS,2010
1611661325,IND,2010
1611661330,ATL,2010
1611661321,TUL,2010
1611661325,IND,2010
1611661317,PHO,2010
1611661320,LAS,2010
1611661329,CHI,2010
1611661319,SAS,2010
1611661323,CON,2010
1611661323,CON,2010
1611661319,SAS,2010
1611661322,WAS,2010
1611661319,SAS,2010
1611661325,IND,2010
1611661319,SAS,2010
1611661324,MIN,2010
1611661321,TUL,2010
1611661324,MIN,2010
1611661328,SEA,2010
1611661325,IND,2010
1611661323,CON,2010
1611661317,PHO,2010
1611661323,CON,2010
1611661319,SAS,2010
1611661329,CHI,2010
1611661321,TUL,2010
1611661322,WAS,2010
1611661321,TUL,2010
1611661319,SAS,2010
1611661323,CON,2010
1611661330,ATL,2010
1611661320,LAS,2010
1611661328,SEA,2010
1611661330,ATL,2010
1611661324,MIN,2010
1611661324,MIN,2010
1611661313,NYL,2010
1611661330,ATL,2010
1611661313,NYL,2010
1611661322,WAS,2010
1611661330,ATL,2010
1611661330,ATL,2010
1611661320,LAS,2010
1611661313,NYL,2010
1611661323,CON,2010
1611661325,IND,2010
1611661320,LAS,2010
1611661320,LAS,2010
1611661329,CHI,2010
1611661313,NYL,2010
1611661313,NYL,2010
1611661330,ATL,2010
1611661320,LAS,2010
1611661319,SAS,2010
1611661328,SEA,2010
1611661322,WAS,2010
1611661317,PHO,2010
1611661322,WAS,2010
1611661317,PHO,2010
1611661319,SAS,2010
1611661319,SAS,2010
1611661313,NYL,2010
1611661325,IND,2010
1611661317,PHO,2010
1611661317,PHO,2010
1611661317,PHO,2010
1611661329,CHI,2010
1611661320,LAS,2010
1611661329,CHI,2010
1611661320,LAS,2010
1611661313,NYL,2010
1611661321,TUL,2010
1611661323,CON,2010
1611661324,MIN,2010
1611661323,CON,2010
1611661324,MIN,2010
1611661328,SEA,2010
1611661320,LAS,2010
1611661328,SEA,2010
1611661319,SAS,2010
1611661329,CHI,2010
1611661321,TUL,2010
1611661317,TOT,2010
1611661324,TOT,2010
1611661321,TOT,2010
1611661321,TOT,2010
1611661329,TOT,2010
1611661321,TOT,2010
1611661313,TOT,2010
1611661319,TOT,2010
1611661325,TOT,2010
1611661317,TUL,2010
1611661324,TUL,2010
1611661321,NYL,2010
1611661321,MIN,2010
1611661329,IND,2010
1611661321,PHO,2010
1611661313,TUL,2010
1611661319,IND,2010
1611661325,TUL,2010
1611661317,PHO,2010
1611661324,MIN,2010
1611661321,TUL,2010
1611661321,TUL,2010
1611661329,CHI,2010
1611661321,TUL,2010
1611661313,NYL,2010
1611661319,SAS,2010
1611661325,IND,2010
1611661328,SEA,2010
1611661324,MIN,2010
1611661330,ATL,2010
1611661328,SEA,2010
1611661323,CON,2010
1611661325,IND,2010
1611661313,NYL,2010
1611661323,CON,2010
1611661323,CON,2010
1611661317,PHO,2010
1611661322,WAS,2010
1611661329,CHI,2010
1611661321,TUL,2010
1611661328,SEA,2010
1611661321,TUL,2010
1611661330,ATL,2010
1611661317,PHO,2010
1611661324,MIN,2010
1611661324,MIN,2010
1611661320,LAS,2010
1611661322,WAS,2010
1611661325,IND,2010
1611661329,CHI,2010
1611661329,CHI,2010
1611661330,ATL,2010
1611661320,LAS,2010
1611661320,LAS,2010
1611661321,TUL,2010
1611661328,SEA,2010
1611661324,MIN,2010
1611661319,SAS,2010
1611661325,IND,2010ps
1611661319,SAS,2010ps
1611661320,LAS,2010ps
1611661330,ATL,2010ps
1611661320,LAS,2010ps
1611661330,ATL,2010ps
1611661313,NYL,2010ps
1611661313,NYL,2010ps
1611661313,NYL,2010ps
1611661320,LAS,2010ps
1611661325,IND,2010ps
1611661328,SEA,2010ps
1611661322,WAS,2010ps
1611661313,NYL,2010ps
1611661320,LAS,2010ps
1611661330,ATL,2010ps
1611661330,ATL,2010ps
1611661322,WAS,2010ps
1611661313,NYL,2010ps
1611661330,ATL,2010ps
1611661313,NYL,2010ps
1611661317,PHO,2010ps
1611661325,IND,2010ps
1611661319,SAS,2010ps
1611661328,SEA,2010ps
1611661320,LAS,2010ps
1611661328,SEA,2010ps
1611661328,SEA,2010ps
1611661313,NYL,2010ps
1611661320,LAS,2010ps
1611661320,LAS,2010ps
1611661330,ATL,2010ps
1611661317,PHO,2010ps
1611661317,PHO,2010ps
1611661325,IND,2010ps
1611661313,NYL,2010ps
1611661319,SAS,2010ps
1611661317,PHO,2010ps
1611661322,WAS,2010ps
1611661317,PHO,2010ps
1611661322,WAS,2010ps
1611661313,NYL,2010ps
1611661325,IND,2010ps
1611661330,ATL,2010ps
1611661325,IND,2010ps
1611661319,SAS,2010ps
1611661322,WAS,2010ps
1611661322,WAS,2010ps
1611661325,IND,2010ps
1611661330,ATL,2010ps
1611661328,SEA,2010ps
1611661317,PHO,2010ps
1611661317,PHO,2010ps
1611661317,PHO,2010ps
1611661313,NYL,2010ps
1611661328,SEA,2010ps
1611661325,IND,2010ps
1611661319,SAS,2010ps
1611661330,ATL,2010ps
1611661319,SAS,2010ps
1611661322,WAS,2010ps
1611661325,IND,2010ps
1611661328,SEA,2010ps
1611661317,PHO,2010ps
1611661330,ATL,2010ps
1611661330,ATL,2010ps
1611661319,SAS,2010ps
1611661322,WAS,2010ps
1611661328,SEA,2010ps
1611661319,SAS,2010ps
1611661317,PHO,2010ps
1611661328,SEA,2010ps
1611661328,SEA,2010ps
1611661322,WAS,2010ps
1611661317,PHO,2010ps
1611661325,IND,2010ps
1611661319,SAS,2010ps
1611661322,WAS,2010ps
1611661319,SAS,2010ps
1611661313,NYL,2010ps
1611661320,LAS,2010ps
1611661324,MIN,2011
1611661322,WAS,2011
1611661322,WAS,2011
1611661319,SAS,2011
1611661324,MIN,2011
1611661330,ATL,2011
1611661319,SAS,2011
1611661328,SEA,2011
1611661325,IND,2011
1611661317,PHO,2011
1611661324,MIN,2011
1611661329,CHI,2011
1611661313,NYL,2011
1611661328,SEA,2011
1611661330,ATL,2011
1611661325,IND,2011
1611661323,CON,2011
1611661322,WAS,2011
1611661322,WAS,2011
1611661322,WAS,2011
1611661325,IND,2011
1611661330,ATL,2011
1611661319,SAS,2011
1611661325,IND,2011
1611661317,PHO,2011
1611661325,IND,2011
1611661317,PHO,2011
1611661329,CHI,2011
1611661322,WAS,2011
1611661323,CON,2011
1611661323,CON,2011
1611661319,SAS,2011
1611661330,ATL,2011
1611661323,CON,2011
1611661319,SAS,2011
1611661320,LAS,2011
1611661313,NYL,2011
1611661321,TUL,2011
1611661324,MIN,2011
1611661324,MIN,2011
1611661330,ATL,2011
1611661328,SEA,2011
1611661321,TUL,2011
1611661325,IND,2011
1611661317,PHO,2011
1611661323,CON,2011
1611661321,TUL,2011
1611661329,CHI,2011
1611661321,TUL,2011
1611661320,LAS,2011
1611661322,WAS,2011
1611661321,TUL,2011
1611661323,CON,2011
1611661330,ATL,2011
1611661321,TUL,2011
1611661328,SEA,2011
1611661330,ATL,2011
1611661330,ATL,2011
1611661330,ATL,2011
1611661324,MIN,2011
1611661330,ATL,2011
1611661322,WAS,2011
1611661320,LAS,2011
1611661313,NYL,2011
1611661321,TUL,2011
1611661323,CON,2011
1611661323,CON,2011
1611661329,CHI,2011
1611661321,TUL,2011
1611661330,ATL,2011
1611661320,LAS,2011
1611661320,LAS,2011
1611661319,SAS,2011
1611661325,IND,2011
1611661313,NYL,2011
1611661313,NYL,2011
1611661313,NYL,2011
1611661330,ATL,2011
1611661329,CHI,2011
1611661320,LAS,2011
1611661328,SEA,2011
1611661320,LAS,2011
1611661321,TUL,2011
1611661319,SAS,2011
1611661328,SEA,2011
1611661317,PHO,2011
1611661317,PHO,2011
1611661328,SEA,2011
1611661325,IND,2011
1611661328,SEA,2011
1611661329,CHI,2011
1611661325,IND,2011
1611661317,PHO,2011
1611661317,PHO,2011
1611661317,PHO,2011
1611661320,LAS,2011
1611661329,CHI,2011
1611661320,LAS,2011
1611661313,NYL,2011
1611661324,MIN,2011
1611661323,CON,2011
1611661324,MIN,2011
1611661328,SEA,2011
1611661329,CHI,2011
1611661324,MIN,2011
1611661328,SEA,2011
1611661319,SAS,2011
1611661329,CHI,2011
1611661325,IND,2011
1611661313,TOT,2011
1611661317,TOT,2011
1611661322,TOT,2011
1611661313,PHO,2011
1611661317,NYL,2011
1611661322,CON,2011
1611661313,NYL,2011
1611661317,PHO,2011
1611661322,WAS,2011
1611661319,SAS,2011
1611661321,TUL,2011
1611661329,CHI,2011
1611661321,TUL,2011
1611661313,NYL,2011
1611661322,WAS,2011
1611661317,PHO,2011
1611661324,MIN,2011
1611661321,TUL,2011
1611661328,SEA,2011
1611661328,SEA,2011
1611661320,LAS,2011
1611661323,CON,2011
1611661313,NYL,2011
1611661324,MIN,2011
1611661320,LAS,2011
1611661321,TUL,2011
1611661319,SAS,2011
1611661325,IND,2011
1611661321,TUL,2011
1611661319,SAS,2011
1611661321,TUL,2011
1611661329,CHI,2011
1611661322,WAS,2011
1611661329,CHI,2011
1611661323,TOT,2011
1611661321,TOT,2011
1611661313,TOT,2011
1611661317,TOT,2011
1611661323,CON,2011
1611661321,TUL,2011
1611661313,NYL,2011
1611661317,PHO,2011
1611661313,NYL,2011
1611661330,ATL,2011ps
1611661319,SAS,2011ps
1611661328,SEA,2011ps
1611661330,ATL,2011ps
1611661313,NYL,2011ps
1611661313,NYL,2011ps
1611661325,IND,2011ps
1611661313,NYL,2011ps
1611661319,SAS,2011ps
1611661325,IND,2011ps
1611661319,SAS,2011ps
1611661328,SEA,2011ps
1611661324,MIN,2011ps
1611661323,CON,2011ps
1611661323,CON,2011ps
1611661313,NYL,2011ps
1611661313,NYL,2011ps
1611661330,ATL,2011ps
1611661324,MIN,2011ps
1611661323,CON,2011ps
1611661330,ATL,2011ps
1611661317,PHO,2011ps
1611661325,IND,2011ps
1611661319,SAS,2011ps
1611661328,SEA,2011ps
1611661324,MIN,2011ps
1611661328,SEA,2011ps
1611661324,MIN,2011ps
1611661323,CON,2011ps
1611661324,MIN,2011ps
1611661313,NYL,2011ps
1611661317,PHO,2011ps
1611661330,ATL,2011ps
1611661317,PHO,2011ps
1611661317,PHO,2011ps
1611661325,IND,2011ps
1611661317,PHO,2011ps
1611661328,SEA,2011ps
1611661325,IND,2011ps
1611661328,SEA,2011ps
1611661317,PHO,2011ps
1611661319,SAS,2011ps
1611661324,MIN,2011ps
1611661317,PHO,2011ps
1611661325,IND,2011ps
1611661330,ATL,2011ps
1611661325,IND,2011ps
1611661313,NYL,2011ps
1611661323,CON,2011ps
1611661325,IND,2011ps
1611661330,ATL,2011ps
1611661328,SEA,2011ps
1611661313,NYL,2011ps
1611661325,IND,2011ps
1611661313,NYL,2011ps
1611661317,PHO,2011ps
1611661325,IND,2011ps
1611661328,SEA,2011ps
1611661319,SAS,2011ps
1611661330,ATL,2011ps
1611661324,MIN,2011ps
1611661319,SAS,2011ps
1611661319,SAS,2011ps
1611661313,NYL,2011ps
1611661328,SEA,2011ps
1611661323,CON,2011ps
1611661328,SEA,2011ps
1611661323,CON,2011ps
1611661317,PHO,2011ps
1611661328,SEA,2011ps
1611661330,ATL,2011ps
1611661324,MIN,2011ps
1611661324,MIN,2011ps
1611661324,MIN,2011ps
1611661319,SAS,2011ps
1611661323,CON,2011ps
1611661324,MIN,2011ps
1611661330,ATL,2011ps
1611661319,SAS,2011ps
1611661323,CON,2011ps
1611661323,CON,2011ps
1611661317,PHO,2011ps
1611661317,PHO,2011ps
1611661328,SEA,2012
1611661324,MIN,2012
1611661319,SAS,2012
1611661322,WAS,2012
1611661320,LAS,2012
1611661319,SAS,2012
1611661324,MIN,2012
1611661323,CON,2012
1611661320,LAS,2012
1611661319,SAS,2012
1611661328,SEA,2012
1611661321,TUL,2012
1611661322,WAS,2012
1611661317,PHO,2012
1611661313,NYL,2012
1611661324,MIN,2012
1611661322,WAS,2012
1611661313,NYL,2012
1611661329,CHI,2012
1611661322,WAS,2012
1611661325,IND,2012
1611661323,CON,2012
1611661319,SAS,2012
1611661320,LAS,2012
1611661322,WAS,2012
1611661325,IND,2012
1611661330,ATL,2012
1611661321,TUL,2012
1611661325,IND,2012
1611661328,SEA,2012
1611661317,PHO,2012
1611661329,CHI,2012
1611661317,PHO,2012
1611661323,CON,2012
1611661323,CON,2012
1611661319,SAS,2012
1611661330,ATL,2012
1611661324,MIN,2012
1611661323,CON,2012
1611661320,LAS,2012
1611661321,TUL,2012
1611661317,PHO,2012
1611661317,PHO,2012
1611661328,SEA,2012
1611661325,IND,2012
1611661321,TUL,2012
1611661323,CON,2012
1611661328,SEA,2012
1611661330,ATL,2012
1611661321,TUL,2012
1611661322,WAS,2012
1611661322,WAS,2012
1611661325,IND,2012
1611661321,TUL,2012
1611661320,LAS,2012
1611661323,CON,2012
1611661330,ATL,2012
1611661328,SEA,2012
1611661330,ATL,2012
1611661330,ATL,2012
1611661323,CON,2012
1611661324,MIN,2012
1611661320,LAS,2012
1611661313,NYL,2012
1611661320,LAS,2012
1611661313,NYL,2012
1611661313,NYL,2012
1611661323,CON,2012
1611661324,MIN,2012
1611661321,TUL,2012
1611661329,CHI,2012
1611661320,LAS,2012
1611661320,LAS,2012
1611661321,TUL,2012
1611661329,CHI,2012
1611661319,SAS,2012
1611661325,IND,2012
1611661313,NYL,2012
1611661325,IND,2012
1611661313,NYL,2012
1611661313,NYL,2012
1611661330,ATL,2012
1611661329,CHI,2012
1611661322,WAS,2012
1611661329,CHI,2012
1611661322,WAS,2012
1611661319,SAS,2012
1611661317,PHO,2012
1611661328,SEA,2012
1611661319,SAS,2012
1611661322,WAS,2012
1611661325,IND,2012
1611661330,ATL,2012
1611661329,CHI,2012
1611661317,PHO,2012
1611661322,WAS,2012
1611661317,PHO,2012
1611661328,SEA,2012
1611661324,MIN,2012
1611661320,LAS,2012
1611661329,CHI,2012
1611661313,NYL,2012
1611661313,NYL,2012
1611661328,SEA,2012
1611661324,MIN,2012
1611661323,CON,2012
1611661324,MIN,2012
1611661329,CHI,2012
1611661322,WAS,2012
1611661324,MIN,2012
1611661328,SEA,2012
1611661319,SAS,2012
1611661329,CHI,2012
1611661325,IND,2012
1611661325,TOT,2012
1611661321,TOT,2012
1611661323,TOT,2012
1611661321,TOT,2012
1611661320,TOT,2012
1611661325,TUL,2012
1611661321,IND,2012
1611661323,ATL,2012
1611661321,ATL,2012
1611661320,PHO,2012
1611661325,IND,2012
1611661321,TUL,2012
1611661323,CON,2012
1611661321,TUL,2012
1611661320,LAS,2012
1611661313,NYL,2012
1611661329,CHI,2012
1611661328,SEA,2012
1611661320,LAS,2012
1611661325,IND,2012
1611661330,ATL,2012
1611661321,TUL,2012
1611661319,SAS,2012
1611661330,ATL,2012
1611661319,SAS,2012
1611661322,WAS,2012
1611661320,LAS,2012
1611661324,MIN,2012
1611661329,CHI,2012
1611661317,PHO,2012
1611661313,NYL,2012
1611661323,CON,2012
1611661317,PHO,2012
1611661328,SEA,2012
1611661320,LAS,2012
1611661317,PHO,2012
1611661317,PHO,2012
1611661321,TUL,2012
1611661324,MIN,2012
1611661317,TOT,2012
1611661317,PHO,2012
1611661317,PHO,2012
1611661330,ATL,2012
1611661320,LAS,2012ps
1611661330,ATL,2012ps
1611661313,NYL,2012ps
1611661313,NYL,2012ps
1611661325,IND,2012ps
1611661313,NYL,2012ps
1611661325,IND,2012ps
1611661324,MIN,2012ps
1611661319,SAS,2012ps
1611661320,LAS,2012ps
1611661319,SAS,2012ps
1611661320,LAS,2012ps
1611661324,MIN,2012ps
1611661323,CON,2012ps
1611661323,CON,2012ps
1611661313,NYL,2012ps
1611661313,NYL,2012ps
1611661320,LAS,2012ps
1611661324,MIN,2012ps
1611661323,CON,2012ps
1611661313,NYL,2012ps
1611661325,IND,2012ps
1611661319,SAS,2012ps
1611661328,SEA,2012ps
1611661324,MIN,2012ps
1611661324,MIN,2012ps
1611661323,CON,2012ps
1611661324,MIN,2012ps
1611661328,SEA,2012ps
1611661313,NYL,2012ps
1611661330,ATL,2012ps
1611661320,LAS,2012ps
1611661324,MIN,2012ps
1611661328,SEA,2012ps
1611661320,LAS,2012ps
1611661330,ATL,2012ps
1611661325,IND,2012ps
1611661328,SEA,2012ps
1611661319,SAS,2012ps
1611661328,SEA,2012ps
1611661324,MIN,2012ps
1611661325,IND,2012ps
1611661330,ATL,2012ps
1611661325,IND,2012ps
1611661320,LAS,2012ps
1611661319,SAS,2012ps
1611661325,IND,2012ps
1611661323,CON,2012ps
1611661325,IND,2012ps
1611661313,NYL,2012ps
1611661325,IND,2012ps
1611661313,NYL,2012ps
1611661328,SEA,2012ps
1611661320,LAS,2012ps
1611661323,CON,2012ps
1611661324,MIN,2012ps
1611661319,SAS,2012ps
1611661320,LAS,2012ps
1611661319,SAS,2012ps
1611661324,MIN,2012ps
1611661328,SEA,2012ps
1611661330,ATL,2012ps
1611661328,SEA,2012ps
1611661323,CON,2012ps
1611661320,LAS,2012ps
1611661325,IND,2012ps
1611661330,ATL,2012ps
1611661323,CON,2012ps
1611661319,SAS,2012ps
1611661325,IND,2012ps
1611661328,SEA,2012ps
1611661320,LAS,2012ps
1611661323,CON,2012ps
1611661330,ATL,2012ps
1611661330,ATL,2012ps
1611661324,MIN,2012ps
1611661330,ATL,2012ps
1611661319,SAS,2012ps
1611661323,CON,2012ps
1611661323,CON,2012ps
1611661319,SAS,2013
1611661322,WAS,2013
1611661319,SAS,2013
1611661324,MIN,2013
1611661323,CON,2013
1611661320,LAS,2013
1611661319,SAS,2013
1611661317,PHO,2013
1611661313,NYL,2013
1611661325,IND,2013
1611661324,MIN,2013
1611661321,TUL,2013
1611661313,NYL,2013
1611661323,CON,2013
1611661329,CHI,2013
1611661323,CON,2013
1611661325,IND,2013
1611661323,CON,2013
1611661325,IND,2013
1611661319,SAS,2013
1611661328,SEA,2013
1611661320,LAS,2013
1611661322,WAS,2013
1611661330,ATL,2013
1611661325,IND,2013
1611661317,PHO,2013
1611661329,CHI,2013
1611661317,PHO,2013
1611661325,IND,2013
1611661323,CON,2013
1611661323,CON,2013
1611661319,SAS,2013
1611661320,LAS,2013
1611661324,MIN,2013
1611661330,ATL,2013
1611661330,ATL,2013
1611661323,CON,2013
1611661321,TUL,2013
1611661320,LAS,2013
1611661322,WAS,2013
1611661317,PHO,2013
1611661317,PHO,2013
1611661321,TUL,2013
1611661325,IND,2013
1611661321,TUL,2013
1611661319,SAS,2013
1611661328,SEA,2013
1611661317,PHO,2013
1611661319,SAS,2013
1611661321,TUL,2013
1611661323,CON,2013
1611661322,WAS,2013
1611661325,IND,2013
1611661322,WAS,2013
1611661320,LAS,2013
1611661323,CON,2013
1611661328,SEA,2013
1611661330,ATL,2013
1611661324,MIN,2013
1611661330,ATL,2013
1611661313,NYL,2013
1611661313,NYL,2013
1611661323,CON,2013
1611661322,WAS,2013
1611661324,MIN,2013
1611661329,CHI,2013
1611661320,LAS,2013
1611661320,LAS,2013
1611661321,TUL,2013
1611661320,LAS,2013
1611661319,SAS,2013
1611661324,MIN,2013
1611661325,IND,2013
1611661313,NYL,2013
1611661325,IND,2013
1611661313,NYL,2013
1611661321,TUL,2013
1611661330,ATL,2013
1611661329,CHI,2013
1611661329,CHI,2013
1611661328,SEA,2013
1611661330,ATL,2013
1611661328,SEA,2013
1611661319,SAS,2013
1611661328,SEA,2013
1611661313,NYL,2013
1611661322,WAS,2013
1611661328,SEA,2013
1611661329,CHI,2013
1611661317,PHO,2013
1611661317,PHO,2013
1611661330,ATL,2013
1611661317,PHO,2013
1611661328,SEA,2013
1611661325,IND,2013
1611661320,LAS,2013
1611661329,CHI,2013
1611661322,WAS,2013
1611661323,CON,2013
1611661324,MIN,2013
1611661323,CON,2013
1611661321,TUL,2013
1611661330,ATL,2013
1611661321,TUL,2013
1611661319,SAS,2013
1611661324,MIN,2013
1611661328,SEA,2013
1611661329,CHI,2013
1611661325,IND,2013
1611661313,TOT,2013
1611661323,TOT,2013
1611661313,TOT,2013
1611661329,TOT,2013
1611661313,SAS,2013
1611661323,TUL,2013
1611661313,PHO,2013
1611661329,NYL,2013
1611661313,NYL,2013
1611661323,CON,2013
1611661313,NYL,2013
1611661329,CHI,2013
1611661320,LAS,2013
1611661319,SAS,2013
1611661330,ATL,2013
1611661313,NYL,2013
1611661328,SEA,2013
1611661329,CHI,2013
1611661325,IND,2013
1611661330,ATL,2013
1611661329,CHI,2013
1611661323,CON,2013
1611661321,TUL,2013
1611661317,PHO,2013
1611661328,SEA,2013
1611661322,WAS,2013
1611661319,SAS,2013
1611661317,PHO,2013
1611661324,MIN,2013
1611661313,NYL,2013
1611661330,ATL,2013
1611661320,LAS,2013
1611661322,WAS,2013
1611661322,WAS,2013
1611661324,MIN,2013
1611661319,SAS,2013
1611661324,MIN,2013
1611661322,WAS,2013
1611661328,SEA,2013
1611661319,SAS,2013
1611661313,NYL,2013
1611661313,NYL,2013
1611661325,TOT,2013
1611661325,IND,2013
1611661321,TUL,2013
1611661329,CHI,2013
1611661320,LAS,2013ps
1611661328,SEA,2013ps
1611661330,ATL,2013ps
1611661328,SEA,2013ps
1611661329,CHI,2013ps
1611661329,CHI,2013ps
1611661330,ATL,2013ps
1611661325,IND,2013ps
1611661325,IND,2013ps
1611661324,MIN,2013ps
1611661320,LAS,2013ps
1611661324,MIN,2013ps
1611661320,LAS,2013ps
1611661329,CHI,2013ps
1611661324,MIN,2013ps
1611661324,MIN,2013ps
1611661322,WAS,2013ps
1611661322,WAS,2013ps
1611661330,ATL,2013ps
1611661324,MIN,2013ps
1611661320,LAS,2013ps
1611661320,LAS,2013ps
1611661325,IND,2013ps
1611661329,CHI,2013ps
1611661328,SEA,2013ps
1611661324,MIN,2013ps
1611661330,ATL,2013ps
1611661324,MIN,2013ps
1611661329,CHI,2013ps
1611661322,WAS,2013ps
1611661329,CHI,2013ps
1611661328,SEA,2013ps
1611661328,SEA,2013ps
1611661328,SEA,2013ps
1611661317,PHO,2013ps
1611661330,ATL,2013ps
1611661317,PHO,2013ps
1611661317,PHO,2013ps
1611661328,SEA,2013ps
1611661322,WAS,2013ps
1611661322,WAS,2013ps
1611661325,IND,2013ps
1611661317,PHO,2013ps
1611661317,PHO,2013ps
1611661329,CHI,2013ps
1611661317,PHO,2013ps
1611661330,ATL,2013ps
1611661329,CHI,2013ps
1611661322,WAS,2013ps
1611661320,LAS,2013ps
1611661330,ATL,2013ps
1611661328,SEA,2013ps
1611661320,LAS,2013ps
1611661325,IND,2013ps
1611661325,IND,2013ps
1611661329,CHI,2013ps
1611661329,CHI,2013ps
1611661324,MIN,2013ps
1611661317,PHO,2013ps
1611661330,ATL,2013ps
1611661320,LAS,2013ps
1611661324,MIN,2013ps
1611661317,PHO,2013ps
1611661320,LAS,2013ps
1611661322,WAS,2013ps
1611661325,IND,2013ps
1611661322,WAS,2013ps
1611661317,PHO,2013ps
1611661328,SEA,2013ps
1611661324,MIN,2013ps
1611661325,IND,2013ps
1611661317,PHO,2013ps
1611661322,WAS,2013ps
1611661317,PHO,2013ps
1611661322,WAS,2013ps
1611661320,LAS,2013ps
1611661322,WAS,2013ps
1611661330,ATL,2013ps
1611661330,ATL,2013ps
1611661328,SEA,2013ps
1611661325,IND,2013ps
1611661324,MIN,2013ps
1611661320,LAS,2014
1611661319,SAS,2014
1611661330,ATL,2014
1611661319,SAS,2014
1611661319,SAS,2014
1611661324,MIN,2014
1611661317,PHO,2014
1611661320,LAS,2014
1611661323,CON,2014
1611661328,SEA,2014
1611661323,CON,2014
1611661317,PHO,2014
1611661313,NYL,2014
1611661329,CHI,2014
1611661324,MIN,2014
1611661323,CON,2014
1611661313,NYL,2014
1611661325,IND,2014
1611661325,IND,2014
1611661313,NYL,2014
1611661325,IND,2014
1611661319,SAS,2014
1611661325,IND,2014
1611661328,SEA,2014
1611661329,CHI,2014
1611661325,IND,2014
1611661322,WAS,2014
1611661329,CHI,2014
1611661330,ATL,2014
1611661321,TUL,2014
1611661323,CON,2014
1611661317,PHO,2014
1611661323,CON,2014
1611661329,CHI,2014
1611661323,CON,2014
1611661329,CHI,2014
1611661321,TUL,2014
1611661322,WAS,2014
1611661323,CON,2014
1611661317,PHO,2014
1611661320,LAS,2014
1611661319,SAS,2014
1611661320,LAS,2014
1611661325,IND,2014
1611661322,WAS,2014
1611661330,ATL,2014
1611661330,ATL,2014
1611661323,CON,2014
1611661322,WAS,2014
1611661321,TUL,2014
1611661323,CON,2014
1611661313,NYL,2014
1611661321,TUL,2014
1611661325,IND,2014
1611661313,NYL,2014
1611661317,PHO,2014
1611661321,TUL,2014
1611661319,SAS,2014
1611661328,SEA,2014
1611661325,IND,2014
1611661317,PHO,2014
1611661321,TUL,2014
1611661313,NYL,2014
1611661328,SEA,2014
1611661325,IND,2014
1611661322,WAS,2014
1611661320,LAS,2014
1611661322,WAS,2014
1611661328,SEA,2014
1611661330,ATL,2014
1611661324,MIN,2014
1611661330,ATL,2014
1611661323,CON,2014
1611661324,MIN,2014
1611661322,WAS,2014
1611661313,NYL,2014
1611661323,CON,2014
1611661324,MIN,2014
1611661324,MIN,2014
1611661317,PHO,2014
1611661320,LAS,2014
1611661328,SEA,2014
1611661321,TUL,2014
1611661320,LAS,2014
1611661323,CON,2014
1611661319,SAS,2014
1611661324,MIN,2014
1611661317,PHO,2014
1611661313,NYL,2014
1611661313,NYL,2014
1611661328,SEA,2014
1611661320,LAS,2014
1611661320,LAS,2014
1611661329,CHI,2014
1611661329,CHI,2014
1611661328,SEA,2014
1611661319,SAS,2014
1611661313,NYL,2014
1611661322,WAS,2014
1611661328,SEA,2014
1611661317,PHO,2014
1611661317,PHO,2014
1611661330,ATL,2014
1611661325,IND,2014
1611661330,ATL,2014
1611661320,LAS,2014
1611661329,CHI,2014
1611661322,WAS,2014
1611661313,NYL,2014
1611661324,MIN,2014
1611661324,MIN,2014
1611661319,SAS,2014
1611661320,LAS,2014
1611661321,TUL,2014
1611661324,MIN,2014
1611661328,SEA,2014
1611661319,SAS,2014
1611661329,CHI,2014
1611661313,NYL,2014
1611661325,IND,2014
1611661313,TOT,2014
1611661330,TOT,2014
1611661313,ATL,2014
1611661330,NYL,2014
1611661313,NYL,2014
1611661330,ATL,2014
1611661321,TUL,2014
1611661317,PHO,2014
1611661329,CHI,2014
1611661319,SAS,2014
1611661330,ATL,2014
1611661313,NYL,2014
1611661324,MIN,2014
1611661322,WAS,2014
1611661330,ATL,2014
1611661329,CHI,2014
1611661329,CHI,2014
1611661329,CHI,2014
1611661320,LAS,2014
1611661322,WAS,2014
1611661321,TUL,2014
1611661325,IND,2014
1611661324,MIN,2014
1611661325,IND,2014
1611661319,SAS,2014
1611661313,NYL,2014
1611661322,WAS,2014
1611661320,LAS,2014
1611661323,CON,2014
1611661330,ATL,2014
1611661321,TUL,2014
1611661328,SEA,2014
1611661328,SEA,2014
1611661330,ATL,2014
1611661321,TUL,2014
1611661324,MIN,2014
1611661323,CON,2014
1611661319,SAS,2014
1611661319,SAS,2014ps
1611661324,MIN,2014ps
1611661319,SAS,2014ps
1611661320,LAS,2014ps
1611661320,LAS,2014ps
1611661319,SAS,2014ps
1611661317,PHO,2014ps
1611661324,MIN,2014ps
1611661322,WAS,2014ps
1611661324,MIN,2014ps
1611661330,ATL,2014ps
1611661324,MIN,2014ps
1611661317,PHO,2014ps
1611661330,ATL,2014ps
1611661325,IND,2014ps
1611661324,MIN,2014ps
1611661322,WAS,2014ps
1611661320,LAS,2014ps
1611661322,WAS,2014ps
1611661325,IND,2014ps
1611661317,PHO,2014ps
1611661325,IND,2014ps
1611661319,SAS,2014ps
1611661325,IND,2014ps
1611661325,IND,2014ps
1611661329,CHI,2014ps
1611661319,SAS,2014ps
1611661324,MIN,2014ps
1611661320,LAS,2014ps
1611661324,MIN,2014ps
1611661324,MIN,2014ps
1611661322,WAS,2014ps
1611661329,CHI,2014ps
1611661320,LAS,2014ps
1611661317,PHO,2014ps
1611661330,ATL,2014ps
1611661317,PHO,2014ps
1611661324,MIN,2014ps
1611661317,PHO,2014ps
1611661330,ATL,2014ps
1611661322,WAS,2014ps
1611661319,SAS,2014ps
1611661329,CHI,2014ps
1611661329,CHI,2014ps
1611661320,LAS,2014ps
1611661329,CHI,2014ps
1611661324,MIN,2014ps
1611661322,WAS,2014ps
1611661325,IND,2014ps
1611661329,CHI,2014ps
1611661325,IND,2014ps
1611661319,SAS,2014ps
1611661325,IND,2014ps
1611661325,IND,2014ps
1611661325,IND,2014ps
1611661324,MIN,2014ps
1611661329,CHI,2014ps
1611661329,CHI,2014ps
1611661317,PHO,2014ps
1611661317,PHO,2014ps
1611661320,LAS,2014ps
1611661317,PHO,2014ps
1611661324,MIN,2014ps
1611661319,SAS,2014ps
1611661319,SAS,2014ps
1611661330,ATL,2014ps
1611661319,SAS,2014ps
1611661317,PHO,2014ps
1611661325,IND,2014ps
1611661325,IND,2014ps
1611661322,WAS,2014ps
1611661330,ATL,2014ps
1611661330,ATL,2014ps
1611661322,WAS,2014ps
1611661322,WAS,2014ps
1611661320,LAS,2014ps
1611661319,SAS,2014ps
1611661320,LAS,2014ps
1611661320,LAS,2014ps
1611661320,LAS,2014ps
1611661322,WAS,2014ps
1611661329,CHI,2014ps
1611661329,CHI,2014ps
1611661329,CHI,2014ps
1611661329,CHI,2014ps
1611661317,PHO,2014ps
1611661330,ATL,2014ps
1611661322,WAS,2014ps
1611661330,ATL,2014ps
1611661320,LAS,2015
1611661319,SAS,2015
1611661330,ATL,2015
1611661319,SAS,2015
1611661319,SAS,2015
1611661324,MIN,2015
1611661317,PHO,2015
1611661321,TUL,2015
1611661320,LAS,2015
1611661323,CON,2015
1611661317,PHO,2015
1611661328,SEA,2015
1611661328,SEA,2015
1611661323,CON,2015
1611661317,PHO,2015
1611661329,CHI,2015
1611661324,MIN,2015
1611661313,NYL,2015
1611661330,ATL,2015
1611661313,NYL,2015
1611661325,IND,2015
1611661313,NYL,2015
1611661321,TUL,2015
1611661317,PHO,2015
1611661325,IND,2015
1611661328,SEA,2015
1611661320,LAS,2015
1611661325,IND,2015
1611661330,ATL,2015
1611661319,SAS,2015
1611661324,MIN,2015
1611661317,PHO,2015
1611661329,CHI,2015
1611661321,TUL,2015
1611661322,WAS,2015
1611661317,PHO,2015
1611661323,CON,2015
1611661329,CHI,2015
1611661328,SEA,2015
1611661325,IND,2015
1611661329,CHI,2015
1611661328,SEA,2015
1611661323,CON,2015
1611661317,PHO,2015
1611661322,WAS,2015
1611661330,ATL,2015
1611661330,ATL,2015
1611661322,WAS,2015
1611661330,ATL,2015
1611661328,SEA,2015
1611661321,TUL,2015
1611661325,IND,2015
1611661321,TUL,2015
1611661325,IND,2015
1611661325,IND,2015
1611661320,LAS,2015
1611661324,MIN,2015
1611661325,IND,2015
1611661328,SEA,2015
1611661325,IND,2015
1611661322,WAS,2015
1611661320,LAS,2015
1611661322,WAS,2015
1611661324,MIN,2015
1611661323,CON,2015
1611661325,IND,2015
1611661330,ATL,2015
1611661319,SAS,2015
1611661330,ATL,2015
1611661322,WAS,2015
1611661330,ATL,2015
1611661317,PHO,2015
1611661319,SAS,2015
1611661324,MIN,2015
1611661320,LAS,2015
1611661328,SEA,2015
1611661323,CON,2015
1611661321,TUL,2015
1611661320,LAS,2015
1611661323,CON,2015
1611661319,SAS,2015
1611661324,MIN,2015
1611661320,LAS,2015
1611661321,TUL,2015
1611661321,TUL,2015
1611661325,IND,2015
1611661329,CHI,2015
1611661322,WAS,2015
1611661313,NYL,2015
1611661322,WAS,2015
1611661329,CHI,2015
1611661317,PHO,2015
1611661319,SAS,2015
1611661313,NYL,2015
1611661322,WAS,2015
1611661330,ATL,2015
1611661321,TUL,2015
1611661320,LAS,2015
1611661323,CON,2015
1611661313,NYL,2015
1611661323,CON,2015
1611661323,CON,2015
1611661320,LAS,2015
1611661329,CHI,2015
1611661322,WAS,2015
1611661313,NYL,2015
1611661324,MIN,2015
1611661313,NYL,2015
1611661321,TUL,2015
1611661324,MIN,2015
1611661313,NYL,2015
1611661319,SAS,2015
1611661329,CHI,2015
1611661325,IND,2015
1611661324,MIN,2015
1611661330,TOT,2015
1611661329,TOT,2015
1611661324,TOT,2015
1611661323,TOT,2015
1611661324,TOT,2015
1611661330,MIN,2015
1611661329,ATL,2015
1611661324,SAS,2015
1611661323,LAS,2015
1611661324,SEA,2015
1611661330,ATL,2015
1611661329,CHI,2015
1611661324,MIN,2015
1611661323,CON,2015
1611661324,MIN,2015
1611661325,IND,2015
1611661313,NYL,2015
1611661319,SAS,2015
1611661313,NYL,2015
1611661320,LAS,2015
1611661330,ATL,2015
1611661322,WAS,2015
1611661330,ATL,2015
1611661320,LAS,2015
1611661329,CHI,2015
1611661317,PHO,2015
1611661329,CHI,2015
1611661323,CON,2015
1611661319,SAS,2015
1611661320,LAS,2015
1611661317,PHO,2015
1611661320,LAS,2015
1611661324,MIN,2015
1611661321,TUL,2015
1611661320,LAS,2015
1611661328,SEA,2015
1611661329,CHI,2015
1611661317,PHO,2015
1611661322,WAS,2015
1611661328,SEA,2015
1611661324,MIN,2015
1611661313,NYL,2015
1611661322,WAS,2015
1611661328,SEA,2015
1611661320,LAS,2015
1611661323,CON,2015
1611661317,PHO,2015
1611661321,TUL,2015
1611661330,TOT,2015
1611661321,TOT,2015
1611661319,TOT,2015
1611661313,TOT,2015
1611661330,ATL,2015
1611661321,TUL,2015
1611661319,SAS,2015
1611661313,NYL,2015
1611661329,CHI,2015
1611661329,CHI,2015
1611661324,MIN,2015ps
1611661322,WAS,2015ps
1611661329,CHI,2015ps
1611661325,IND,2015ps
1611661321,TUL,2015ps
1611661321,TUL,2015ps
1611661324,MIN,2015ps
1611661329,CHI,2015ps
1611661320,LAS,2015ps
1611661321,TUL,2015ps
1611661320,LAS,2015ps
1611661313,NYL,2015ps
1611661324,MIN,2015ps
1611661317,PHO,2015ps
1611661322,WAS,2015ps
1611661322,WAS,2015ps
1611661325,IND,2015ps
1611661324,MIN,2015ps
1611661322,WAS,2015ps
1611661320,LAS,2015ps
1611661322,WAS,2015ps
1611661325,IND,2015ps
1611661322,WAS,2015ps
1611661325,IND,2015ps
1611661321,TUL,2015ps
1611661329,CHI,2015ps
1611661317,PHO,2015ps
1611661313,NYL,2015ps
1611661321,TUL,2015ps
1611661313,NYL,2015ps
1611661313,NYL,2015ps
1611661324,MIN,2015ps
1611661313,NYL,2015ps
1611661329,CHI,2015ps
1611661329,CHI,2015ps
1611661320,LAS,2015ps
1611661313,NYL,2015ps
1611661313,NYL,2015ps
1611661321,TUL,2015ps
1611661322,WAS,2015ps
1611661313,NYL,2015ps
1611661317,PHO,2015ps
1611661329,CHI,2015ps
1611661325,IND,2015ps
1611661329,CHI,2015ps
1611661320,LAS,2015ps
1611661317,PHO,2015ps
1611661324,MIN,2015ps
1611661325,IND,2015ps
1611661322,WAS,2015ps
1611661325,IND,2015ps
1611661317,PHO,2015ps
1611661321,TUL,2015ps
1611661313,NYL,2015ps
1611661329,CHI,2015ps
1611661313,NYL,2015ps
1611661313,NYL,2015ps
1611661324,MIN,2015ps
1611661329,CHI,2015ps
1611661317,PHO,2015ps
1611661317,PHO,2015ps
1611661320,LAS,2015ps
1611661321,TUL,2015ps
1611661317,PHO,2015ps
1611661324,MIN,2015ps
1611661322,WAS,2015ps
1611661325,IND,2015ps
1611661321,TUL,2015ps
1611661324,MIN,2015ps
1611661324,MIN,2015ps
1611661320,LAS,2015ps
1611661325,IND,2015ps
1611661325,IND,2015ps
1611661321,TUL,2015ps
1611661325,IND,2015ps
1611661321,TUL,2015ps
1611661325,IND,2015ps
1611661322,WAS,2015ps
1611661317,PHO,2015ps
1611661317,PHO,2015ps
1611661317,PHO,2015ps
1611661324,MIN,2015ps
1611661329,CHI,2015ps
1611661317,PHO,2015ps
1611661329,CHI,2015ps
1611661322,WAS,2015ps
1611661325,IND,2016
1611661330,ATL,2016
1611661319,SAS,2016
1611661313,NYL,2016
1611661319,SAS,2016
1611661324,MIN,2016
1611661317,PHO,2016
1611661319,SAS,2016
1611661320,LAS,2016
1611661323,CON,2016
1611661321,DAL,2016
1611661328,SEA,2016
1611661328,SEA,2016
1611661317,PHO,2016
1611661313,NYL,2016
1611661329,CHI,2016
1611661324,MIN,2016
1611661330,ATL,2016
1611661320,LAS,2016
1611661313,NYL,2016
1611661325,IND,2016
1611661313,NYL,2016
1611661321,DAL,2016
1611661330,ATL,2016
1611661328,SEA,2016
1611661322,WAS,2016
1611661325,IND,2016
1611661319,SAS,2016
1611661330,ATL,2016
1611661324,MIN,2016
1611661319,SAS,2016
1611661320,LAS,2016
1611661329,CHI,2016
1611661329,CHI,2016
1611661321,DAL,2016
1611661322,WAS,2016
1611661329,CHI,2016
1611661317,PHO,2016
1611661323,CON,2016
1611661329,CHI,2016
1611661324,MIN,2016
1611661320,LAS,2016
1611661330,ATL,2016
1611661317,PHO,2016
1611661320,LAS,2016
1611661319,SAS,2016
1611661317,PHO,2016
1611661322,WAS,2016
1611661322,WAS,2016
1611661330,ATL,2016
1611661323,CON,2016
1611661322,WAS,2016
1611661321,DAL,2016
1611661324,MIN,2016
1611661325,IND,2016
1611661321,DAL,2016
1611661325,IND,2016
1611661321,DAL,2016
1611661325,IND,2016
1611661329,CHI,2016
1611661328,SEA,2016
1611661325,IND,2016
1611661322,WAS,2016
1611661320,LAS,2016
1611661323,CON,2016
1611661328,SEA,2016
1611661325,IND,2016
1611661330,ATL,2016
1611661322,WAS,2016
1611661319,SAS,2016
1611661324,MIN,2016
1611661330,ATL,2016
1611661322,WAS,2016
1611661322,WAS,2016
1611661319,SAS,2016
1611661324,MIN,2016
1611661324,MIN,2016
1611661328,SEA,2016
1611661319,SAS,2016
1611661323,CON,2016
1611661320,LAS,2016
1611661328,SEA,2016
1611661321,DAL,2016
1611661320,LAS,2016
1611661329,CHI,2016
1611661324,MIN,2016
1611661325,IND,2016
1611661317,PHO,2016
1611661321,DAL,2016
1611661321,DAL,2016
1611661321,DAL,2016
1611661325,IND,2016
1611661329,CHI,2016
1611661313,NYL,2016
1611661322,WAS,2016
1611661329,CHI,2016
1611661313,NYL,2016
1611661322,WAS,2016
1611661313,NYL,2016
1611661321,DAL,2016
1611661313,NYL,2016
1611661323,CON,2016
1611661313,NYL,2016
1611661317,PHO,2016
1611661323,CON,2016
1611661317,PHO,2016
1611661323,CON,2016
1611661323,CON,2016
1611661328,SEA,2016
1611661328,SEA,2016
1611661320,LAS,2016
1611661329,CHI,2016
1611661322,WAS,2016
1611661320,LAS,2016
1611661324,MIN,2016
1611661325,IND,2016
1611661330,ATL,2016
1611661328,SEA,2016
1611661313,NYL,2016
1611661317,PHO,2016
1611661329,CHI,2016
1611661313,NYL,2016
1611661313,NYL,2016
1611661317,TOT,2016
1611661330,TOT,2016
1611661317,TOT,2016
1611661328,TOT,2016
1611661319,TOT,2016
1611661317,CON,2016
1611661330,SEA,2016
1611661317,NYL,2016
1611661328,PHO,2016
1611661319,ATL,2016
1611661317,PHO,2016
1611661330,ATL,2016
1611661317,PHO,2016
1611661328,SEA,2016
1611661319,SAS,2016
1611661313,NYL,2016
1611661323,CON,2016
1611661329,CHI,2016
1611661313,NYL,2016
1611661322,WAS,2016
1611661322,WAS,2016
1611661320,LAS,2016
1611661319,SAS,2016
1611661317,PHO,2016
1611661324,MIN,2016
1611661319,SAS,2016
1611661321,DAL,2016
1611661324,MIN,2016
1611661317,PHO,2016
1611661330,ATL,2016
1611661330,ATL,2016
1611661319,SAS,2016
1611661323,CON,2016
1611661325,IND,2016
1611661325,IND,2016
1611661319,SAS,2016
1611661321,DAL,2016
1611661330,ATL,2016
1611661328,SEA,2016
1611661323,CON,2016
1611661322,WAS,2016
1611661319,TOT,2016
1611661319,TOT,2016
1611661323,TOT,2016
1611661319,SAS,2016
1611661319,SAS,2016
1611661323,CON,2016
1611661320,LAS,2016
1611661324,MIN,2016ps
1611661329,CHI,2016ps
1611661313,NYL,2016ps
1611661329,CHI,2016ps
1611661317,PHO,2016ps
1611661324,MIN,2016ps
1611661329,CHI,2016ps
1611661320,LAS,2016ps
1611661320,LAS,2016ps
1611661328,SEA,2016ps
1611661324,MIN,2016ps
1611661328,SEA,2016ps
1611661325,IND,2016ps
1611661330,ATL,2016ps
1611661324,MIN,2016ps
1611661328,SEA,2016ps
1611661320,LAS,2016ps
1611661325,IND,2016ps
1611661328,SEA,2016ps
1611661325,IND,2016ps
1611661325,IND,2016ps
1611661329,CHI,2016ps
1611661313,NYL,2016ps
1611661313,NYL,2016ps
1611661329,CHI,2016ps
1611661317,PHO,2016ps
1611661313,NYL,2016ps
1611661330,ATL,2016ps
1611661325,IND,2016ps
1611661324,MIN,2016ps
1611661320,LAS,2016ps
1611661325,IND,2016ps
1611661320,LAS,2016ps
1611661328,SEA,2016ps
1611661317,PHO,2016ps
1611661317,PHO,2016ps
1611661313,NYL,2016ps
1611661313,NYL,2016ps
1611661328,SEA,2016ps
1611661330,ATL,2016ps
1611661313,NYL,2016ps
1611661329,CHI,2016ps
1611661330,ATL,2016ps
1611661325,IND,2016ps
1611661328,SEA,2016ps
1611661330,ATL,2016ps
1611661313,NYL,2016ps
1611661325,IND,2016ps
1611661313,NYL,2016ps
1611661320,LAS,2016ps
1611661324,MIN,2016ps
1611661329,CHI,2016ps
1611661324,MIN,2016ps
1611661313,NYL,2016ps
1611661317,PHO,2016ps
1611661317,PHO,2016ps
1611661328,SEA,2016ps
1611661320,LAS,2016ps
1611661320,LAS,2016ps
1611661317,PHO,2016ps
1611661324,MIN,2016ps
1611661330,ATL,2016ps
1611661330,ATL,2016ps
1611661324,MIN,2016ps
1611661330,ATL,2016ps
1611661330,ATL,2016ps
1611661317,PHO,2016ps
1611661317,PHO,2016ps
1611661317,PHO,2016ps
1611661324,MIN,2016ps
1611661320,LAS,2016ps
1611661317,PHO,2016ps
1611661325,IND,2016ps
1611661320,LAS,2016ps
1611661330,ATL,2016ps
1611661324,MIN,2016ps
1611661329,CHI,2016ps
1611661317,PHO,2016ps
1611661320,LAS,2016ps
1611661329,CHI,2016ps
1611661329,CHI,2016ps
1611661320,LAS,2016ps
1611661325,IND,2017
1611661323,CON,2017
1611661330,ATL,2017
1611661319,SAS,2017
1611661313,NYL,2017
1611661313,NYL,2017
1611661324,MIN,2017
1611661323,CON,2017
1611661320,LAS,2017
1611661323,CON,2017
1611661328,SEA,2017
1611661313,NYL,2017
1611661329,CHI,2017
1611661324,MIN,2017
1611661329,CHI,2017
1611661320,LAS,2017
1611661313,NYL,2017
1611661321,DAL,2017
1611661330,ATL,2017
1611661328,SEA,2017
1611661322,WAS,2017
1611661325,IND,2017
1611661325,IND,2017
1611661319,SAS,2017
1611661329,CHI,2017
1611661330,ATL,2017
1611661322,WAS,2017
1611661319,SAS,2017
1611661321,DAL,2017
1611661329,CHI,2017
1611661325,IND,2017
1611661324,MIN,2017
1611661317,PHO,2017
1611661329,CHI,2017
1611661320,LAS,2017
1611661317,PHO,2017
1611661320,LAS,2017
1611661325,IND,2017
1611661319,SAS,2017
1611661329,CHI,2017
1611661325,IND,2017
1611661329,CHI,2017
1611661319,SAS,2017
1611661313,NYL,2017
1611661322,WAS,2017
1611661330,ATL,2017
1611661330,ATL,2017
1611661322,WAS,2017
1611661322,WAS,2017
1611661330,ATL,2017
1611661330,ATL,2017
1611661319,SAS,2017
1611661324,MIN,2017
1611661320,LAS,2017
1611661320,LAS,2017
1611661325,IND,2017
1611661319,SAS,2017
1611661321,DAL,2017
1611661325,IND,2017
1611661323,CON,2017
1611661330,ATL,2017
1611661323,CON,2017
1611661328,SEA,2017
1611661325,IND,2017
1611661322,WAS,2017
1611661320,LAS,2017
1611661317,PHO,2017
1611661328,SEA,2017
1611661330,ATL,2017
1611661319,SAS,2017
1611661322,WAS,2017
1611661317,PHO,2017
1611661325,IND,2017
1611661319,SAS,2017
1611661324,MIN,2017
1611661324,MIN,2017
1611661330,ATL,2017
1611661328,SEA,2017
1611661320,LAS,2017
1611661321,DAL,2017
1611661320,LAS,2017
1611661329,CHI,2017
1611661323,CON,2017
1611661324,MIN,2017
1611661324,MIN,2017
1611661321,DAL,2017
1611661325,IND,2017
1611661329,CHI,2017
1611661321,DAL,2017
1611661313,NYL,2017
1611661329,CHI,2017
1611661328,SEA,2017
1611661317,PHO,2017
1611661313,NYL,2017
1611661322,WAS,2017
1611661330,ATL,2017
1611661320,LAS,2017
1611661328,SEA,2017
1611661313,NYL,2017
1611661323,CON,2017
1611661328,SEA,2017
1611661317,PHO,2017
1611661322,WAS,2017
1611661323,CON,2017
1611661323,CON,2017
1611661322,WAS,2017
1611661321,DAL,2017
1611661328,SEA,2017
1611661322,WAS,2017
1611661323,CON,2017
1611661329,CHI,2017
1611661313,NYL,2017
1611661324,MIN,2017
1611661325,IND,2017
1611661323,CON,2017
1611661330,ATL,2017
1611661320,LAS,2017
1611661313,NYL,2017
1611661313,NYL,2017
1611661330,TOT,2017
1611661319,TOT,2017
1611661317,TOT,2017
1611661329,TOT,2017
1611661330,TOT,2017
1611661319,TOT,2017
1611661322,TOT,2017
1611661330,TOT,2017
1611661330,CHI,2017
1611661319,NYL,2017
1611661317,SAS,2017
1611661329,CON,2017
1611661330,NYL,2017
1611661319,PHO,2017
1611661322,SAS,2017
1611661330,CHI,2017
1611661330,ATL,2017
1611661319,SAS,2017
1611661317,PHO,2017
1611661329,ATL,2017
1611661330,ATL,2017
1611661319,SAS,2017
1611661322,WAS,2017
1611661330,ATL,2017
1611661329,CHI,2017
1611661321,DAL,2017
1611661313,NYL,2017
1611661317,PHO,2017
1611661321,DAL,2017
1611661319,SAS,2017
1611661321,DAL,2017
1611661320,LAS,2017
1611661329,CHI,2017
1611661324,MIN,2017
1611661323,CON,2017
1611661321,DAL,2017
1611661324,MIN,2017
1611661323,CON,2017
1611661321,DAL,2017
1611661325,IND,2017
1611661328,SEA,2017
1611661328,SEA,2017
1611661319,SAS,2017
1611661317,PHO,2017
1611661313,NYL,2017
1611661317,PHO,2017
1611661330,ATL,2017
1611661317,PHO,2017
1611661317,PHO,2017
1611661322,WAS,2017
1611661328,SEA,2017
1611661320,LAS,2017
1611661324,MIN,2017
1611661319,TOT,2017
1611661325,TOT,2017
1611661319,SAS,2017
1611661325,IND,2017
1611661328,SEA,2017ps
1611661328,SEA,2017ps
1611661323,CON,2017ps
1611661313,NYL,2017ps
1611661328,SEA,2017ps
1611661320,LAS,2017ps
1611661322,WAS,2017ps
1611661313,NYL,2017ps
1611661317,PHO,2017ps
1611661317,PHO,2017ps
1611661313,NYL,2017ps
1611661317,PHO,2017ps
1611661313,NYL,2017ps
1611661317,PHO,2017ps
1611661321,DAL,2017ps
1611661321,DAL,2017ps
1611661324,MIN,2017ps
1611661324,MIN,2017ps
1611661323,CON,2017ps
1611661320,LAS,2017ps
1611661321,DAL,2017ps
1611661320,LAS,2017ps
1611661317,PHO,2017ps
1611661313,NYL,2017ps
1611661324,MIN,2017ps
1611661313,NYL,2017ps
1611661320,LAS,2017ps
1611661323,CON,2017ps
1611661320,LAS,2017ps
1611661328,SEA,2017ps
1611661324,MIN,2017ps
1611661322,WAS,2017ps
1611661313,NYL,2017ps
1611661328,SEA,2017ps
1611661323,CON,2017ps
1611661322,WAS,2017ps
1611661328,SEA,2017ps
1611661321,DAL,2017ps
1611661322,WAS,2017ps
1611661323,CON,2017ps
1611661323,CON,2017ps
1611661322,WAS,2017ps
1611661317,PHO,2017ps
1611661321,DAL,2017ps
1611661317,PHO,2017ps
1611661324,MIN,2017ps
1611661324,MIN,2017ps
1611661321,DAL,2017ps
1611661322,WAS,2017ps
1611661321,DAL,2017ps
1611661317,PHO,2017ps
1611661322,WAS,2017ps
1611661328,SEA,2017ps
1611661321,DAL,2017ps
1611661321,DAL,2017ps
1611661313,NYL,2017ps
1611661320,LAS,2017ps
1611661317,PHO,2017ps
1611661324,MIN,2017ps
1611661328,SEA,2017ps
1611661323,CON,2017ps
1611661320,LAS,2017ps
1611661323,CON,2017ps
1611661324,MIN,2017ps
1611661313,NYL,2017ps
1611661324,MIN,2017ps
1611661324,MIN,2017ps
1611661324,MIN,2017ps
1611661317,PHO,2017ps
1611661322,WAS,2017ps
1611661328,SEA,2017ps
1611661317,PHO,2017ps
1611661320,LAS,2017ps
1611661322,WAS,2017ps
1611661328,SEA,2017ps
1611661323,CON,2017ps
1611661313,NYL,2017ps
1611661321,DAL,2017ps
1611661320,LAS,2017ps
1611661324,MIN,2017ps
1611661322,WAS,2017ps
1611661322,WAS,2017ps
1611661313,NYL,2017ps
1611661320,LAS,2017ps
1611661317,PHO,2017ps
1611661320,LAS,2017ps
1611661325,IND,2018
1611661325,IND,2018
1611661319,LVA,2018
1611661313,NYL,2018
1611661324,MIN,2018
1611661323,CON,2018
1611661320,LAS,2018
1611661328,SEA,2018
1611661319,LVA,2018
1611661317,PHO,2018
1611661313,NYL,2018
1611661330,ATL,2018
1611661330,ATL,2018
1611661324,MIN,2018
1611661321,DAL,2018
1611661320,LAS,2018
1611661313,NYL,2018
1611661321,DAL,2018
1611661321,DAL,2018
1611661328,SEA,2018
1611661322,WAS,2018
1611661319,LVA,2018
1611661313,NYL,2018
1611661324,MIN,2018
1611661329,CHI,2018
1611661322,WAS,2018
1611661330,ATL,2018
1611661321,DAL,2018
1611661322,WAS,2018
1611661330,ATL,2018
1611661321,DAL,2018
1611661329,CHI,2018
1611661325,IND,2018
1611661324,MIN,2018
1611661329,CHI,2018
1611661324,MIN,2018
1611661321,DAL,2018
1611661321,DAL,2018
1611661320,LAS,2018
1611661317,PHO,2018
1611661325,IND,2018
1611661319,LVA,2018
1611661329,CHI,2018
1611661313,NYL,2018
1611661322,WAS,2018
1611661330,ATL,2018
1611661319,LVA,2018
1611661329,CHI,2018
1611661328,SEA,2018
1611661317,PHO,2018
1611661319,LVA,2018
1611661321,DAL,2018
1611661324,MIN,2018
1611661323,CON,2018
1611661323,CON,2018
1611661324,MIN,2018
1611661323,CON,2018
1611661328,SEA,2018
1611661324,MIN,2018
1611661320,LAS,2018
1611661321,DAL,2018
1611661317,PHO,2018
1611661328,SEA,2018
1611661317,PHO,2018
1611661319,LVA,2018
1611661325,IND,2018
1611661330,ATL,2018
1611661317,PHO,2018
1611661325,IND,2018
1611661329,CHI,2018
1611661330,ATL,2018
1611661324,MIN,2018
1611661328,SEA,2018
1611661329,CHI,2018
1611661323,CON,2018
1611661320,LAS,2018
1611661328,SEA,2018
1611661320,LAS,2018
1611661329,CHI,2018
1611661317,PHO,2018
1611661321,DAL,2018
1611661319,LVA,2018
1611661330,ATL,2018
1611661313,NYL,2018
1611661322,WAS,2018
1611661329,CHI,2018
1611661328,SEA,2018
1611661317,PHO,2018
1611661324,MIN,2018
1611661313,NYL,2018
1611661322,WAS,2018
1611661319,LVA,2018
1611661320,LAS,2018
1611661328,SEA,2018
1611661313,NYL,2018
1611661323,CON,2018
1611661319,LVA,2018
1611661330,ATL,2018
1611661317,PHO,2018
1611661317,PHO,2018
1611661325,IND,2018
1611661323,CON,2018
1611661323,CON,2018
1611661322,WAS,2018
1611661321,DAL,2018
1611661322,WAS,2018
1611661323,CON,2018
1611661317,PHO,2018
1611661329,CHI,2018
1611661313,NYL,2018
1611661322,WAS,2018
1611661324,MIN,2018
1611661325,IND,2018
1611661328,SEA,2018
1611661320,LAS,2018
1611661323,CON,2018
1611661330,ATL,2018
1611661320,LAS,2018
1611661324,MIN,2018
1611661319,LVA,2018
1611661313,NYL,2018
1611661324,MIN,2018
1611661313,NYL,2018
1611661330,TOT,2018
1611661323,TOT,2018
1611661321,TOT,2018
1611661321,TOT,2018
1611661325,TOT,2018
1611661322,TOT,2018
1611661330,CON,2018
1611661323,ATL,2018
1611661321,WAS,2018
1611661321,ATL,2018
1611661325,LAS,2018
1611661322,DAL,2018
1611661330,ATL,2018
1611661323,CON,2018
1611661321,DAL,2018
1611661321,DAL,2018
1611661325,IND,2018
1611661322,WAS,2018
1611661322,WAS,2018
1611661325,IND,2018
1611661330,ATL,2018
1611661323,CON,2018
1611661328,SEA,2018
1611661329,CHI,2018
1611661329,CHI,2018
1611661330,ATL,2018
1611661317,PHO,2018
1611661329,CHI,2018
1611661322,WAS,2018
1611661319,LVA,2018
1611661325,IND,2018
1611661325,IND,2018
1611661324,MIN,2018
1611661319,LVA,2018
1611661313,NYL,2018
1611661319,LVA,2018
1611661321,DAL,2018
1611661320,LAS,2018
1611661321,DAL,2018
1611661325,IND,2018
1611661329,CHI,2018
1611661319,LVA,2018
1611661317,PHO,2018
1611661321,TOT,2018
1611661328,TOT,2018
1611661321,DAL,2018
1611661328,SEA,2018
1611661320,LAS,2018
1611661322,WAS,2018ps
1611661323,CON,2018ps
1611661328,SEA,2018ps
1611661321,DAL,2018ps
1611661320,LAS,2018ps
1611661320,LAS,2018ps
1611661328,SEA,2018ps
1611661322,WAS,2018ps
1611661321,DAL,2018ps
1611661317,PHO,2018ps
1611661328,SEA,2018ps
1611661330,ATL,2018ps
1611661322,WAS,2018ps
1611661317,PHO,2018ps
1611661320,LAS,2018ps
1611661328,SEA,2018ps
1611661320,LAS,2018ps
1611661323,CON,2018ps
1611661328,SEA,2018ps
1611661324,MIN,2018ps
1611661330,ATL,2018ps
1611661320,LAS,2018ps
1611661324,MIN,2018ps
1611661324,MIN,2018ps
1611661320,LAS,2018ps
1611661330,ATL,2018ps
1611661323,CON,2018ps
1611661320,LAS,2018ps
1611661328,SEA,2018ps
1611661324,MIN,2018ps
1611661322,WAS,2018ps
1611661317,PHO,2018ps
1611661317,PHO,2018ps
1611661323,CON,2018ps
1611661322,WAS,2018ps
1611661321,DAL,2018ps
1611661322,WAS,2018ps
1611661323,CON,2018ps
1611661323,CON,2018ps
1611661317,PHO,2018ps
1611661317,PHO,2018ps
1611661321,DAL,2018ps
1611661321,DAL,2018ps
1611661330,ATL,2018ps
1611661322,WAS,2018ps
1611661322,WAS,2018ps
1611661322,WAS,2018ps
1611661328,SEA,2018ps
1611661323,CON,2018ps
1611661320,LAS,2018ps
1611661328,SEA,2018ps
1611661330,ATL,2018ps
1611661330,ATL,2018ps
1611661330,ATL,2018ps
1611661317,PHO,2018ps
1611661328,SEA,2018ps
1611661330,ATL,2018ps
1611661330,ATL,2018ps
1611661320,LAS,2018ps
1611661323,CON,2018ps
1611661324,MIN,2018ps
1611661328,SEA,2018ps
1611661321,DAL,2018ps
1611661328,SEA,2018ps
1611661317,PHO,2018ps
1611661320,LAS,2018ps
1611661328,SEA,2018ps
1611661323,CON,2018ps
1611661324,MIN,2018ps
1611661321,DAL,2018ps
1611661317,PHO,2018ps
1611661322,WAS,2018ps
1611661322,WAS,2018ps
1611661330,ATL,2018ps
1611661322,WAS,2018ps
1611661317,PHO,2018ps
1611661320,LAS,2018ps
1611661321,DAL,2018ps
1611661321,DAL,2018ps
1611661324,MIN,2018ps
1611661324,MIN,2018ps
1611661325,IND,2019
1611661329,CHI,2019
1611661313,NYL,2019
1611661322,WAS,2019
1611661324,MIN,2019
1611661323,CON,2019
1611661320,LAS,2019
1611661330,ATL,2019
1611661313,NYL,2019
1611661330,ATL,2019
1611661317,PHO,2019
1611661313,NYL,2019
1611661321,DAL,2019
1611661330,ATL,2019
1611661324,MIN,2019
1611661319,LVA,2019
1611661328,SEA,2019
1611661317,PHO,2019
1611661313,NYL,2019
1611661324,MIN,2019
1611661323,CON,2019
1611661328,SEA,2019
1611661322,WAS,2019
1611661330,ATL,2019
1611661319,LVA,2019
1611661329,CHI,2019
1611661324,MIN,2019
1611661321,DAL,2019
1611661322,WAS,2019
1611661329,CHI,2019
1611661328,SEA,2019
1611661329,CHI,2019
1611661325,IND,2019
1611661324,MIN,2019
1611661329,CHI,2019
1611661324,MIN,2019
1611661321,DAL,2019
1611661320,LAS,2019
1611661313,NYL,2019
1611661317,PHO,2019
1611661330,ATL,2019
1611661319,LVA,2019
1611661321,DAL,2019
1611661313,NYL,2019
1611661322,WAS,2019
1611661330,ATL,2019
1611661321,DAL,2019
1611661322,WAS,2019
1611661323,CON,2019
1611661328,SEA,2019
1611661317,PHO,2019
1611661321,DAL,2019
1611661325,IND,2019
1611661320,LAS,2019
1611661323,CON,2019
1611661323,CON,2019
1611661325,IND,2019
1611661328,SEA,2019
1611661329,CHI,2019
1611661317,PHO,2019
1611661328,SEA,2019
1611661317,PHO,2019
1611661329,CHI,2019
1611661325,IND,2019
1611661319,LVA,2019
1611661325,IND,2019
1611661330,ATL,2019
1611661322,WAS,2019
1611661325,IND,2019
1611661317,PHO,2019
1611661325,IND,2019
1611661330,ATL,2019
1611661328,SEA,2019
1611661319,LVA,2019
1611661329,CHI,2019
1611661313,NYL,2019
1611661320,LAS,2019
1611661320,LAS,2019
1611661328,SEA,2019
1611661320,LAS,2019
1611661329,CHI,2019
1611661319,LVA,2019
1611661330,ATL,2019
1611661319,LVA,2019
1611661322,WAS,2019
1611661319,LVA,2019
1611661322,WAS,2019
1611661329,CHI,2019
1611661313,NYL,2019
1611661324,MIN,2019
1611661319,LVA,2019
1611661320,LAS,2019
1611661328,SEA,2019
1611661324,MIN,2019
1611661321,DAL,2019
1611661323,CON,2019
1611661319,LVA,2019
1611661330,ATL,2019
1611661324,MIN,2019
1611661317,PHO,2019
1611661323,CON,2019
1611661323,CON,2019
1611661321,DAL,2019
1611661322,WAS,2019
1611661323,CON,2019
1611661317,PHO,2019
1611661320,LAS,2019
1611661329,CHI,2019
1611661320,LAS,2019
1611661322,WAS,2019
1611661313,NYL,2019
1611661325,IND,2019
1611661328,SEA,2019
1611661320,LAS,2019
1611661323,CON,2019
1611661330,ATL,2019
1611661329,CHI,2019
1611661320,LAS,2019
1611661319,LVA,2019
1611661313,NYL,2019
1611661319,LVA,2019
1611661313,NYL,2019
1611661328,SEA,2019
1611661330,TOT,2019
1611661323,TOT,2019
1611661321,TOT,2019
1611661317,TOT,2019
1611661330,MIN,2019
1611661323,DAL,2019
1611661321,LAS,2019
1611661317,MIN,2019
1611661330,ATL,2019
1611661323,CON,2019
1611661321,DAL,2019
1611661317,PHO,2019
1611661324,MIN,2019
1611661324,MIN,2019
1611661320,LAS,2019
1611661325,IND,2019
1611661317,PHO,2019
1611661330,ATL,2019
1611661324,MIN,2019
1611661317,PHO,2019
1611661321,DAL,2019
1611661323,CON,2019
1611661328,SEA,2019
1611661329,CHI,2019
1611661313,NYL,2019
1611661325,IND,2019
1611661320,LAS,2019
1611661321,DAL,2019
1611661325,IND,2019
1611661322,WAS,2019
1611661321,DAL,2019
1611661322,WAS,2019
1611661329,CHI,2019
1611661324,MIN,2019
1611661317,PHO,2019
1611661324,MIN,2019
1611661317,PHO,2019
1611661313,NYL,2019
1611661319,LVA,2019
1611661321,TOT,2019
1611661324,TOT,2019
1611661321,DAL,2019
1611661324,MIN,2019
1611661313,NYL,2019
1611661323,CON,2019ps
1611661329,CHI,2019ps
1611661328,SEA,2019ps
1611661320,LAS,2019ps
1611661319,LVA,2019ps
1611661324,MIN,2019ps
1611661329,CHI,2019ps
1611661322,WAS,2019ps
1611661319,LVA,2019ps
1611661322,WAS,2019ps
1611661319,LVA,2019ps
1611661324,MIN,2019ps
1611661319,LVA,2019ps
1611661329,CHI,2019ps
1611661320,LAS,2019ps
1611661328,SEA,2019ps
1611661320,LAS,2019ps
1611661320,LAS,2019ps
1611661329,CHI,2019ps
1611661328,SEA,2019ps
1611661317,PHO,2019ps
1611661322,WAS,2019ps
1611661329,CHI,2019ps
1611661328,SEA,2019ps
1611661319,LVA,2019ps
1611661319,LVA,2019ps
1611661319,LVA,2019ps
1611661320,LAS,2019ps
1611661329,CHI,2019ps
1611661323,CON,2019ps
1611661320,LAS,2019ps
1611661328,SEA,2019ps
1611661322,WAS,2019ps
1611661322,WAS,2019ps
1611661320,LAS,2019ps
1611661317,PHO,2019ps
1611661317,PHO,2019ps
1611661323,CON,2019ps
1611661322,WAS,2019ps
1611661323,CON,2019ps
1611661323,CON,2019ps
1611661324,MIN,2019ps
1611661319,LVA,2019ps
1611661323,CON,2019ps
1611661328,SEA,2019ps
1611661329,CHI,2019ps
1611661328,SEA,2019ps
1611661329,CHI,2019ps
1611661322,WAS,2019ps
1611661324,MIN,2019ps
1611661317,PHO,2019ps
1611661329,CHI,2019ps
1611661319,LVA,2019ps
1611661324,MIN,2019ps
1611661322,WAS,2019ps
1611661324,MIN,2019ps
1611661317,PHO,2019ps
1611661328,SEA,2019ps
1611661319,LVA,2019ps
1611661324,MIN,2019ps
1611661320,LAS,2019ps
1611661317,PHO,2019ps
1611661320,LAS,2019ps
1611661323,CON,2019ps
1611661324,MIN,2019ps
1611661322,WAS,2019ps
1611661328,SEA,2019ps
1611661319,LVA,2019ps
1611661320,LAS,2019ps
1611661317,PHO,2019ps
1611661328,SEA,2019ps
1611661317,PHO,2019ps
1611661328,SEA,2019ps
1611661323,CON,2019ps
1611661323,CON,2019ps
1611661320,LAS,2019ps
1611661317,PHO,2019ps
1611661329,CHI,2019ps
1611661323,CON,2019ps
1611661322,WAS,2019ps
1611661323,CON,2019ps
1611661322,WAS,2019ps
1611661319,LVA,2019ps
1611661317,PHO,2019ps
1611661320,LAS,2019ps
1611661324,MIN,2019ps
1611661329,CHI,2019ps
1611661325,IND,2020
1611661324,MIN,2020
1611661319,LVA,2020
1611661320,LAS,2020
1611661322,WAS,2020
1611661320,LAS,2020
1611661324,MIN,2020
1611661330,ATL,2020
1611661328,SEA,2020
1611661323,CON,2020
1611661330,ATL,2020
1611661324,MIN,2020
1611661319,LVA,2020
1611661325,IND,2020
1611661328,SEA,2020
1611661319,LVA,2020
1611661324,MIN,2020
1611661324,MIN,2020
1611661313,NYL,2020
1611661328,SEA,2020
1611661322,WAS,2020
1611661317,PHO,2020
1611661324,MIN,2020
1611661329,CHI,2020
1611661329,CHI,2020
1611661317,PHO,2020
1611661324,MIN,2020
1611661330,ATL,2020
1611661329,CHI,2020
1611661330,ATL,2020
1611661317,PHO,2020
1611661329,CHI,2020
1611661325,IND,2020
1611661324,MIN,2020
1611661321,DAL,2020
1611661320,LAS,2020
1611661320,LAS,2020
1611661317,PHO,2020
1611661320,LAS,2020
1611661321,DAL,2020
1611661319,LVA,2020
1611661321,DAL,2020
1611661317,PHO,2020
1611661322,WAS,2020
1611661323,CON,2020
1611661322,WAS,2020
1611661323,CON,2020
1611661328,SEA,2020
1611661323,CON,2020
1611661321,DAL,2020
1611661330,ATL,2020
1611661324,MIN,2020
1611661330,ATL,2020
1611661323,CON,2020
1611661313,NYL,2020
1611661330,ATL,2020
1611661328,SEA,2020
1611661328,SEA,2020
1611661321,DAL,2020
1611661319,LVA,2020
1611661319,LVA,2020
1611661325,IND,2020
1611661322,WAS,2020
1611661325,IND,2020
1611661322,WAS,2020
1611661325,IND,2020
1611661323,CON,2020
1611661321,DAL,2020
1611661313,NYL,2020
1611661321,DAL,2020
1611661320,LAS,2020
1611661320,LAS,2020
1611661329,CHI,2020
1611661323,CON,2020
1611661322,WAS,2020
1611661329,CHI,2020
1611661328,SEA,2020
1611661329,CHI,2020
1611661319,LVA,2020
1611661319,LVA,2020
1611661320,LAS,2020
1611661328,SEA,2020
1611661321,DAL,2020
1611661324,MIN,2020
1611661317,PHO,2020
1611661329,CHI,2020
1611661328,SEA,2020
1611661313,NYL,2020
1611661330,ATL,2020
1611661319,LVA,2020
1611661320,LAS,2020
1611661317,PHO,2020
1611661323,CON,2020
1611661323,CON,2020
1611661321,DAL,2020
1611661328,SEA,2020
1611661317,PHO,2020
1611661329,CHI,2020
1611661317,PHO,2020
1611661325,IND,2020
1611661317,PHO,2020
1611661319,LVA,2020
1611661328,SEA,2020
1611661320,LAS,2020
1611661330,ATL,2020
1611661330,ATL,2020
1611661329,CHI,2020
1611661320,LAS,2020
1611661319,LVA,2020
1611661319,LVA,2020
1611661313,NYL,2020
1611661323,TOT,2020
1611661322,TOT,2020
1611661329,TOT,2020
1611661324,TOT,2020
1611661317,TOT,2020
1611661323,WAS,2020
1611661322,CON,2020
1611661329,IND,2020
1611661324,ATL,2020
1611661317,WAS,2020
1611661323,CON,2020
1611661322,WAS,2020
1611661329,CHI,2020
1611661324,MIN,2020
1611661317,PHO,2020
1611661330,ATL,2020
1611661321,DAL,2020
1611661325,IND,2020
1611661330,ATL,2020
1611661330,ATL,2020
1611661323,CON,2020
1611661320,LAS,2020
1611661325,IND,2020
1611661324,MIN,2020
1611661325,IND,2020
1611661324,MIN,2020
1611661321,DAL,2020
1611661329,CHI,2020
1611661313,NYL,2020
1611661313,NYL,2020
1611661313,NYL,2020
1611661322,WAS,2020
1611661328,SEA,2020
1611661323,CON,2020
1611661313,NYL,2020
1611661321,DAL,2020
1611661313,NYL,2020
1611661325,IND,2020
1611661322,WAS,2020
1611661313,NYL,2020
1611661313,NYL,2020
1611661319,TOT,2020
1611661317,TOT,2020
1611661322,TOT,2020
1611661319,LVA,2020
1611661322,WAS,2020
1611661317,PHO,2020
1611661320,LAS,2020ps
1611661328,SEA,2020ps
1611661320,LAS,2020ps
1611661319,LVA,2020ps
1611661319,LVA,2020ps
1611661329,CHI,2020ps
1611661328,SEA,2020ps
1611661329,CHI,2020ps
1611661323,CON,2020ps
1611661317,PHO,2020ps
1611661329,CHI,2020ps
1611661324,MIN,2020ps
1611661323,CON,2020ps
1611661323,CON,2020ps
1611661322,WAS,2020ps
1611661322,WAS,2020ps
1611661319,LVA,2020ps
1611661324,MIN,2020ps
1611661319,LVA,2020ps
1611661329,CHI,2020ps
1611661328,SEA,2020ps
1611661317,PHO,2020ps
1611661319,LVA,2020ps
1611661319,LVA,2020ps
1611661320,LAS,2020ps
1611661329,CHI,2020ps
1611661320,LAS,2020ps
1611661328,SEA,2020ps
1611661317,PHO,2020ps
1611661317,PHO,2020ps
1611661329,CHI,2020ps
1611661328,SEA,2020ps
1611661328,SEA,2020ps
1611661323,CON,2020ps
1611661323,CON,2020ps
1611661317,PHO,2020ps
1611661320,LAS,2020ps
1611661319,LVA,2020ps
1611661322,WAS,2020ps
1611661328,SEA,2020ps
1611661317,PHO,2020ps
1611661324,MIN,2020ps
1611661317,PHO,2020ps
1611661329,CHI,2020ps
1611661320,LAS,2020ps
1611661329,CHI,2020ps
1611661324,MIN,2020ps
1611661322,WAS,2020ps
1611661328,SEA,2020ps
1611661323,CON,2020ps
1611661323,CON,2020ps
1611661324,MIN,2020ps
1611661319,LVA,2020ps
1611661328,SEA,2020ps
1611661319,LVA,2020ps
1611661323,CON,2020ps
1611661328,SEA,2020ps
1611661324,MIN,2020ps
1611661320,LAS,2020ps
1611661322,WAS,2020ps
1611661320,LAS,2020ps
1611661322,WAS,2020ps
1611661322,WAS,2020ps
1611661328,SEA,2020ps
1611661323,CON,2020ps
1611661324,MIN,2020ps
1611661323,CON,2020ps
1611661328,SEA,2020ps
1611661322,WAS,2020ps
1611661323,CON,2020ps
1611661329,CHI,2020ps
1611661319,LVA,2020ps
1611661324,MIN,2020ps
1611661319,LVA,2020ps
1611661320,LAS,2020ps
1611661320,LAS,2020ps
1611661322,WAS,2020ps
1611661324,MIN,2020ps
1611661329,CHI,2020ps
1611661317,PHO,2020ps
1611661324,MIN,2020ps
1611661324,MIN,2021
1611661321,DAL,2021
1611661325,IND,2021
1611661313,NYL,2021
1611661322,WAS,2021
1611661322,WAS,2021
1611661324,MIN,2021
1611661330,ATL,2021
1611661328,SEA,2021
1611661323,CON,2021
1611661329,CHI,2021
1611661330,ATL,2021
1611661325,IND,2021
1611661330,ATL,2021
1611661329,CHI,2021
1611661328,SEA,2021
1611661319,LVA,2021
1611661328,SEA,2021
1611661324,MIN,2021
1611661330,ATL,2021
1611661323,CON,2021
1611661322,WAS,2021
1611661322,WAS,2021
1611661320,LAS,2021
1611661324,MIN,2021
1611661320,LAS,2021
1611661329,CHI,2021
1611661317,PHO,2021
1611661324,MIN,2021
1611661324,MIN,2021
1611661322,WAS,2021
1611661329,CHI,2021
1611661330,ATL,2021
1611661317,PHO,2021
1611661329,CHI,2021
1611661324,MIN,2021
1611661321,DAL,2021
1611661319,LVA,2021
1611661313,NYL,2021
1611661317,PHO,2021
1611661322,WAS,2021
1611661319,LVA,2021
1611661324,MIN,2021
1611661321,DAL,2021
1611661328,SEA,2021
1611661321,DAL,2021
1611661317,PHO,2021
1611661330,ATL,2021
1611661330,ATL,2021
1611661329,CHI,2021
1611661323,CON,2021
1611661322,WAS,2021
1611661313,NYL,2021
1611661313,NYL,2021
1611661323,CON,2021
1611661321,DAL,2021
1611661322,WAS,2021
1611661323,CON,2021
1611661313,NYL,2021
1611661323,CON,2021
1611661313,NYL,2021
1611661325,IND,2021
1611661322,WAS,2021
1611661328,SEA,2021
1611661321,DAL,2021
1611661328,SEA,2021
1611661324,MIN,2021
1611661322,WAS,2021
1611661319,LVA,2021
1611661325,IND,2021
1611661325,IND,2021
1611661322,WAS,2021
1611661325,IND,2021
1611661323,CON,2021
1611661329,CHI,2021
1611661317,PHO,2021
1611661313,NYL,2021
1611661321,DAL,2021
1611661320,LAS,2021
1611661320,LAS,2021
1611661329,CHI,2021
1611661330,ATL,2021
1611661319,LVA,2021
1611661317,PHO,2021
1611661322,WAS,2021
1611661319,LVA,2021
1611661324,MIN,2021
1611661328,SEA,2021
1611661329,CHI,2021
1611661325,IND,2021
1611661328,SEA,2021
1611661321,DAL,2021
1611661328,SEA,2021
1611661324,MIN,2021
1611661313,NYL,2021
1611661330,ATL,2021
1611661317,PHO,2021
1611661329,CHI,2021
1611661328,SEA,2021
1611661330,ATL,2021
1611661320,LAS,2021
1611661328,SEA,2021
1611661317,PHO,2021
1611661323,CON,2021
1611661323,CON,2021
1611661321,DAL,2021
1611661320,LAS,2021
1611661317,PHO,2021
1611661329,CHI,2021
1611661317,PHO,2021
1611661325,IND,2021
1611661317,PHO,2021
1611661320,LAS,2021
1611661313,NYL,2021
1611661322,WAS,2021
1611661330,ATL,2021
1611661330,ATL,2021
1611661319,LVA,2021
1611661319,LVA,2021
1611661319,LVA,2021
1611661320,LAS,2021
1611661322,WAS,2021
1611661320,TOT,2021
1611661328,TOT,2021
1611661325,TOT,2021
1611661324,TOT,2021
1611661320,TOT,2021
1611661330,TOT,2021
1611661319,TOT,2021
1611661319,TOT,2021
1611661328,TOT,2021
1611661319,TOT,2021
1611661322,TOT,2021
1611661320,DAL,2021
1611661328,PHO,2021
1611661325,LVA,2021
1611661324,NYL,2021
1611661320,IND,2021
1611661330,SEA,2021
1611661319,LAS,2021
1611661319,NYL,2021
1611661328,LAS,2021
1611661319,NYL,2021
1611661322,CON,2021
1611661324,MIN,2021
1611661319,LVA,2021
1611661322,WAS,2021
1611661320,LAS,2021
1611661325,CON,2021
1611661328,MIN,2021
1611661328,SEA,2021
1611661325,IND,2021
1611661319,LVA,2021
1611661320,LAS,2021
1611661328,SEA,2021
1611661330,ATL,2021
1611661319,LVA,2021
1611661323,CON,2021
1611661321,DAL,2021
1611661321,DAL,2021
1611661325,IND,2021
1611661323,CON,2021
1611661317,PHO,2021
1611661320,LAS,2021
1611661325,IND,2021
1611661329,CHI,2021
1611661323,CON,2021
1611661321,DAL,2021
1611661330,ATL,2021
1611661313,NYL,2021
1611661325,IND,2021
1611661313,NYL,2021
1611661319,LVA,2021
1611661320,LAS,2021
1611661329,CHI,2021
1611661328,SEA,2021
1611661325,IND,2021
1611661329,TOT,2021
1611661324,TOT,2021
1611661324,MIN,2021
1611661329,CHI,2021
1611661317,PHO,2021ps
1611661329,CHI,2021ps
1611661328,SEA,2021ps
1611661324,MIN,2021ps
1611661319,LVA,2021ps
1611661317,PHO,2021ps
1611661319,LVA,2021ps
1611661329,CHI,2021ps
1611661313,NYL,2021ps
1611661321,DAL,2021ps
1611661313,NYL,2021ps
1611661329,CHI,2021ps
1611661323,CON,2021ps
1611661324,MIN,2021ps
1611661328,SEA,2021ps
1611661321,DAL,2021ps
1611661328,SEA,2021ps
1611661313,NYL,2021ps
1611661321,DAL,2021ps
1611661323,CON,2021ps
1611661323,CON,2021ps
1611661319,LVA,2021ps
1611661319,LVA,2021ps
1611661319,LVA,2021ps
1611661313,NYL,2021ps
1611661317,PHO,2021ps
1611661317,PHO,2021ps
1611661329,CHI,2021ps
1611661317,PHO,2021ps
1611661321,DAL,2021ps
1611661323,CON,2021ps
1611661323,CON,2021ps
1611661317,PHO,2021ps
1611661328,SEA,2021ps
1611661329,CHI,2021ps
1611661317,PHO,2021ps
1611661319,LVA,2021ps
1611661328,SEA,2021ps
1611661321,DAL,2021ps
1611661328,SEA,2021ps
1611661324,MIN,2021ps
1611661324,MIN,2021ps
1611661317,PHO,2021ps
1611661329,CHI,2021ps
1611661324,MIN,2021ps
1611661317,PHO,2021ps
1611661329,CHI,2021ps
1611661324,MIN,2021ps
1611661323,CON,2021ps
1611661323,CON,2021ps
1611661329,CHI,2021ps
1611661328,SEA,2021ps
1611661319,LVA,2021ps
1611661328,SEA,2021ps
1611661329,CHI,2021ps
1611661323,CON,2021ps
1611661328,SEA,2021ps
1611661324,MIN,2021ps
1611661313,NYL,2021ps
1611661321,DAL,2021ps
1611661321,DAL,2021ps
1611661313,NYL,2021ps
1611661323,CON,2021ps
1611661321,DAL,2021ps
1611661323,CON,2021ps
1611661313,NYL,2021ps
1611661313,NYL,2021ps
1611661323,CON,2021ps
1611661329,CHI,2021ps
1611661317,PHO,2021ps
1611661321,DAL,2021ps
1611661321,DAL,2021ps
1611661319,LVA,2021ps
1611661317,PHO,2021ps
1611661313,NYL,2021ps
1611661319,LVA,2021ps
1611661321,DAL,2021ps
1611661324,MIN,2021ps
1611661324,MIN,2021ps
1611661329,CHI,2021ps
1611661319,LVA,2021ps
1611661324,MIN,2022
1611661329,CHI,2022
1611661324,MIN,2022
1611661313,NYL,2022
1611661317,PHO,2022
1611661322,WAS,2022
1611661324,MIN,2022
1611661330,ATL,2022
1611661328,SEA,2022
1611661323,CON,2022
1611661320,LAS,2022
1611661322,WAS,2022
1611661320,LAS,2022
1611661320,LAS,2022
1611661324,MIN,2022
1611661323,CON,2022
1611661320,LAS,2022
1611661330,ATL,2022
1611661322,WAS,2022
1611661322,WAS,2022
1611661325,IND,2022
1611661330,ATL,2022
1611661321,DAL,2022
1611661324,MIN,2022
1611661319,LVA,2022
1611661329,CHI,2022
1611661317,PHO,2022
1611661324,MIN,2022
1611661322,WAS,2022
1611661317,PHO,2022
1611661317,PHO,2022
1611661313,NYL,2022
1611661329,CHI,2022
1611661324,MIN,2022
1611661321,DAL,2022
1611661319,LVA,2022
1611661317,PHO,2022
1611661319,LVA,2022
1611661321,DAL,2022
1611661321,DAL,2022
1611661322,WAS,2022
1611661330,ATL,2022
1611661329,CHI,2022
1611661323,CON,2022
1611661322,WAS,2022
1611661323,CON,2022
1611661313,NYL,2022
1611661313,NYL,2022
1611661328,SEA,2022
1611661313,NYL,2022
1611661323,CON,2022
1611661323,CON,2022
1611661321,DAL,2022
1611661313,NYL,2022
1611661328,SEA,2022
1611661328,SEA,2022
1611661321,DAL,2022
1611661328,SEA,2022
1611661324,MIN,2022
1611661324,MIN,2022
1611661321,DAL,2022
1611661330,ATL,2022
1611661329,CHI,2022
1611661325,IND,2022
1611661325,IND,2022
1611661330,ATL,2022
1611661321,DAL,2022
1611661320,LAS,2022
1611661320,LAS,2022
1611661313,NYL,2022
1611661329,CHI,2022
1611661330,ATL,2022
1611661317,PHO,2022
1611661319,LVA,2022
1611661319,LVA,2022
1611661324,MIN,2022
1611661328,SEA,2022
1611661329,CHI,2022
1611661313,NYL,2022
1611661325,IND,2022
1611661328,SEA,2022
1611661321,DAL,2022
1611661317,PHO,2022
1611661320,LAS,2022
1611661324,MIN,2022
1611661317,PHO,2022
1611661330,ATL,2022
1611661324,MIN,2022
1611661325,IND,2022
1611661329,CHI,2022
1611661328,SEA,2022
1611661319,LVA,2022
1611661320,LAS,2022
1611661328,SEA,2022
1611661317,PHO,2022
1611661323,CON,2022
1611661323,CON,2022
1611661321,DAL,2022
1611661320,LAS,2022
1611661317,PHO,2022
1611661329,CHI,2022
1611661330,ATL,2022
1611661325,IND,2022
1611661320,LAS,2022
1611661330,ATL,2022
1611661322,WAS,2022
1611661330,ATL,2022
1611661313,NYL,2022
1611661323,CON,2022
1611661322,WAS,2022
1611661328,SEA,2022
1611661319,LVA,2022
1611661313,NYL,2022
1611661319,LVA,2022
1611661313,NYL,2022
1611661319,LVA,2022
1611661325,TOT,2022
1611661328,TOT,2022
1611661313,TOT,2022
1611661317,TOT,2022
1611661330,TOT,2022
1611661317,TOT,2022
1611661323,TOT,2022
1611661324,TOT,2022
1611661322,TOT,2022
1611661323,TOT,2022
1611661323,TOT,2022
1611661317,TOT,2022
1611661323,TOT,2022
1611661325,PHO,2022
1611661328,PHO,2022
1611661313,IND,2022
1611661317,CHI,2022
1611661330,NYL,2022
1611661317,SEA,2022
1611661323,IND,2022
1611661324,DAL,2022
1611661322,CON,2022
1611661323,WAS,2022
1611661323,MIN,2022
1611661317,MIN,2022
1611661323,SEA,2022
1611661325,IND,2022
1611661317,SEA,2022
1611661324,MIN,2022
1611661317,PHO,2022
1611661323,CON,2022
1611661313,NYL,2022
1611661323,CON,2022
1611661323,CON,2022
1611661317,ATL,2022
1611661317,PHO,2022
1611661322,WAS,2022
1611661330,ATL,2022
1611661323,CON,2022
1611661317,PHO,2022
1611661328,SEA,2022
1611661323,CON,2022
1611661320,LAS,2022
1611661322,WAS,2022
1611661319,LVA,2022
1611661322,WAS,2022
1611661320,LAS,2022
1611661321,DAL,2022
1611661330,ATL,2022
1611661323,CON,2022
1611661313,NYL,2022
1611661324,MIN,2022
1611661321,DAL,2022
1611661325,IND,2022
1611661325,IND,2022
1611661329,CHI,2022
1611661325,IND,2022
1611661330,ATL,2022
1611661330,ATL,2022
1611661325,IND,2022
1611661329,CHI,2022
1611661322,WAS,2022
1611661329,CHI,2022
1611661324,MIN,2022
1611661320,LAS,2022
1611661328,SEA,2022
1611661325,IND,2022
1611661319,LVA,2022
1611661319,LVA,2022
1611661324,MIN,2022
1611661320,LAS,2022
1611661325,IND,2022
1611661329,CHI,2022
1611661317,PHO,2022
1611661330,ATL,2022
1611661329,CHI,2022
1611661325,TOT,2022
1611661322,TOT,2022
1611661325,IND,2022
1611661322,WAS,2022
1611661313,NYL,2022ps
1611661319,LVA,2022ps
1611661321,DAL,2022ps
1611661319,LVA,2022ps
1611661313,NYL,2022ps
1611661329,CHI,2022ps
1611661328,SEA,2022ps
1611661319,LVA,2022ps
1611661319,LVA,2022ps
1611661317,PHO,2022ps
1611661329,CHI,2022ps
1611661317,PHO,2022ps
1611661321,DAL,2022ps
1611661329,CHI,2022ps
1611661321,DAL,2022ps
1611661328,SEA,2022ps
1611661322,WAS,2022ps
1611661321,DAL,2022ps
1611661328,SEA,2022ps
1611661313,NYL,2022ps
1611661329,CHI,2022ps
1611661322,WAS,2022ps
1611661319,LVA,2022ps
1611661313,NYL,2022ps
1611661319,LVA,2022ps
1611661313,NYL,2022ps
1611661319,LVA,2022ps
1611661328,SEA,2022ps
1611661322,WAS,2022ps
1611661323,CON,2022ps
1611661313,NYL,2022ps
1611661321,DAL,2022ps
1611661329,CHI,2022ps
1611661317,PHO,2022ps
1611661321,DAL,2022ps
1611661317,PHO,2022ps
1611661323,CON,2022ps
1611661328,SEA,2022ps
1611661319,LVA,2022ps
1611661328,SEA,2022ps
1611661329,CHI,2022ps
1611661322,WAS,2022ps
1611661313,NYL,2022ps
1611661321,DAL,2022ps
1611661317,PHO,2022ps
1611661322,WAS,2022ps
1611661317,PHO,2022ps
1611661329,CHI,2022ps
1611661319,LVA,2022ps
1611661323,CON,2022ps
1611661322,WAS,2022ps
1611661323,CON,2022ps
1611661323,CON,2022ps
1611661321,DAL,2022ps
1611661323,CON,2022ps
1611661328,SEA,2022ps
1611661319,LVA,2022ps
1611661322,WAS,2022ps
1611661322,WAS,2022ps
1611661313,NYL,2022ps
1611661329,CHI,2022ps
1611661323,CON,2022ps
1611661313,NYL,2022ps
1611661328,SEA,2022ps
1611661313,NYL,2022ps
1611661313,NYL,2022ps
1611661323,CON,2022ps
1611661322,WAS,2022ps
1611661323,CON,2022ps
1611661329,CHI,2022ps
1611661321,DAL,2022ps
1611661321,DAL,2022ps
1611661319,LVA,2022ps
1611661317,PHO,2022ps
1611661319,LVA,2022ps
1611661321,DAL,2022ps
1611661329,CHI,2022ps
1611661317,PHO,2022ps
1611661323,CON,2022ps
1611661313,NYL,2022ps
1611661317,PHO,2022ps
1611661317,PHO,2022ps
1611661328,SEA,2022ps
1611661324,MIN,2023
1611661323,CON,2023
1611661322,WAS,2023
1611661322,WAS,2023
1611661324,MIN,2023
1611661319,LVA,2023
1611661330,ATL,2023
1611661323,CON,2023
1611661321,DAL,2023
1611661320,LAS,2023
1611661320,LAS,2023
1611661321,DAL,2023
1611661325,IND,2023
1611661320,LAS,2023
1611661325,IND,2023
1611661324,MIN,2023
1611661323,CON,2023
1611661328,SEA,2023
1611661320,LAS,2023
1611661319,LVA,2023
1611661322,WAS,2023
1611661320,LAS,2023
1611661330,ATL,2023
1611661324,MIN,2023
1611661319,LVA,2023
1611661329,CHI,2023
1611661323,CON,2023
1611661330,ATL,2023
1611661317,PHO,2023
1611661321,DAL,2023
1611661322,WAS,2023
1611661321,DAL,2023
1611661313,NYL,2023
1611661330,ATL,2023
1611661324,MIN,2023
1611661329,CHI,2023
1611661319,LVA,2023
1611661329,CHI,2023
1611661330,ATL,2023
1611661319,LVA,2023
1611661317,PHO,2023
1611661328,SEA,2023
1611661317,PHO,2023
1611661320,LAS,2023
1611661322,WAS,2023
1611661323,CON,2023
1611661323,CON,2023
1611661322,WAS,2023
1611661323,CON,2023
1611661329,CHI,2023
1611661323,CON,2023
1611661330,ATL,2023
1611661322,WAS,2023
1611661321,DAL,2023
1611661330,ATL,2023
1611661325,IND,2023
1611661313,NYL,2023
1611661317,PHO,2023
1611661313,NYL,2023
1611661323,CON,2023
1611661313,NYL,2023
1611661321,DAL,2023
1611661313,NYL,2023
1611661328,SEA,2023
1611661329,CHI,2023
1611661328,SEA,2023
1611661324,MIN,2023
1611661321,DAL,2023
1611661330,ATL,2023
1611661324,MIN,2023
1611661325,IND,2023
1611661324,MIN,2023
1611661323,CON,2023
1611661328,SEA,2023
1611661321,DAL,2023
1611661320,LAS,2023
1611661320,LAS,2023
1611661317,PHO,2023
1611661319,LVA,2023
1611661330,ATL,2023
1611661317,PHO,2023
1611661319,LVA,2023
1611661324,MIN,2023
1611661313,NYL,2023
1611661330,ATL,2023
1611661330,ATL,2023
1611661328,SEA,2023
1611661321,DAL,2023
1611661320,LAS,2023
1611661324,MIN,2023
1611661317,PHO,2023
1611661321,DAL,2023
1611661329,CHI,2023
1611661325,IND,2023
1611661320,LAS,2023
1611661313,NYL,2023
1611661319,LVA,2023
1611661317,PHO,2023
1611661322,WAS,2023
1611661317,PHO,2023
1611661323,CON,2023
1611661320,LAS,2023
1611661317,PHO,2023
1611661313,NYL,2023
1611661322,WAS,2023
1611661317,PHO,2023
1611661328,SEA,2023
1611661313,NYL,2023
1611661325,IND,2023
1611661322,WAS,2023
1611661325,IND,2023
1611661325,IND,2023
1611661328,SEA,2023
1611661329,CHI,2023
1611661329,CHI,2023
1611661328,SEA,2023
1611661313,NYL,2023
1611661319,LVA,2023
1611661313,NYL,2023
1611661319,LVA,2023
1611661323,TOT,2023
1611661319,TOT,2023
1611661322,TOT,2023
1611661317,TOT,2023
1611661328,TOT,2023
1611661320,TOT,2023
1611661325,TOT,2023
1611661323,CHI,2023
1611661319,PHO,2023
1611661322,IND,2023
1611661317,LAS,2023
1611661328,LAS,2023
1611661320,PHO,2023
1611661325,WAS,2023
1611661319,LVA,2023
1611661328,SEA,2023
1611661320,LAS,2023
1611661323,CON,2023
1611661317,PHO,2023
1611661325,IND,2023
1611661322,WAS,2023
1611661330,ATL,2023
1611661325,IND,2023
1611661329,CHI,2023
1611661325,IND,2023
1611661323,CON,2023
1611661320,LAS,2023
1611661328,SEA,2023
1611661322,WAS,2023
1611661329,CHI,2023
1611661328,SEA,2023
1611661330,ATL,2023
1611661324,MIN,2023
1611661328,SEA,2023
1611661322,WAS,2023
1611661322,WAS,2023
1611661330,ATL,2023
1611661324,MIN,2023
1611661329,CHI,2023
1611661313,NYL,2023
1611661325,IND,2023
1611661321,DAL,2023
1611661317,PHO,2023
1611661329,CHI,2023
1611661324,MIN,2023
1611661317,PHO,2023
1611661317,TOT,2023
1611661317,TOT,2023
1611661317,PHO,2023
1611661317,PHO,2023
1611661328,SEA,2023
1611661329,CHI,2023
1611661322,WAS,2023ps
1611661324,MIN,2023ps
1611661319,LVA,2023ps
1611661329,CHI,2023ps
1611661330,ATL,2023ps
1611661321,DAL,2023ps
1611661323,CON,2023ps
1611661324,MIN,2023ps
1611661324,MIN,2023ps
1611661324,MIN,2023ps
1611661330,ATL,2023ps
1611661330,ATL,2023ps
1611661321,DAL,2023ps
1611661324,MIN,2023ps
1611661329,CHI,2023ps
1611661313,NYL,2023ps
1611661321,DAL,2023ps
1611661329,CHI,2023ps
1611661324,MIN,2023ps
1611661313,NYL,2023ps
1611661322,WAS,2023ps
1611661319,LVA,2023ps
1611661319,LVA,2023ps
1611661313,NYL,2023ps
1611661329,CHI,2023ps
1611661329,CHI,2023ps
1611661322,WAS,2023ps
1611661313,NYL,2023ps
1611661313,NYL,2023ps
1611661323,CON,2023ps
1611661330,ATL,2023ps
1611661319,LVA,2023ps
1611661313,NYL,2023ps
1611661329,CHI,2023ps
1611661329,CHI,2023ps
1611661321,DAL,2023ps
1611661321,DAL,2023ps
1611661321,DAL,2023ps
1611661313,NYL,2023ps
1611661330,ATL,2023ps
1611661323,CON,2023ps
1611661321,DAL,2023ps
1611661329,CHI,2023ps
1611661319,LVA,2023ps
1611661324,MIN,2023ps
1611661322,WAS,2023ps
1611661319,LVA,2023ps
1611661323,CON,2023ps
1611661324,MIN,2023ps
1611661321,DAL,2023ps
1611661322,WAS,2023ps
1611661321,DAL,2023ps
1611661323,CON,2023ps
1611661330,ATL,2023ps
1611661329,CHI,2023ps
1611661319,LVA,2023ps
1611661324,MIN,2023ps
1611661322,WAS,2023ps
1611661330,ATL,2023ps
1611661322,WAS,2023ps
1611661313,NYL,2023ps
1611661313,NYL,2023ps
1611661330,ATL,2023ps
1611661321,DAL,2023ps
1611661322,WAS,2023ps
1611661330,ATL,2023ps
1611661323,CON,2023ps
1611661329,CHI,2023ps
1611661323,CON,2023ps
1611661323,CON,2023ps
1611661323,CON,2023ps
1611661319,LVA,2023ps
1611661330,ATL,2023ps
1611661319,LVA,2023ps
1611661329,CHI,2023ps
1611661330,ATL,2023ps
1611661313,NYL,2023ps
1611661319,LVA,2023ps
1611661322,WAS,2023ps
1611661329,CHI,2024
1611661317,PHO,2024
1611661330,ATL,2024
1611661322,WAS,2024
1611661317,PHO,2024
1611661322,WAS,2024
1611661319,LVA,2024
1611661325,IND,2024
1611661323,CON,2024
1611661325,IND,2024
1611661321,DAL,2024
1611661320,LAS,2024
1611661313,NYL,2024
1611661320,LAS,2024
1611661323,CON,2024
1611661330,ATL,2024
1611661330,ATL,2024
1611661319,LVA,2024
1611661324,MIN,2024
1611661323,CON,2024
1611661329,CHI,2024
1611661330,ATL,2024
1611661320,LAS,2024
1611661319,LVA,2024
1611661317,PHO,2024
1611661330,ATL,2024
1611661324,MIN,2024
1611661319,LVA,2024
1611661320,LAS,2024
1611661317,PHO,2024
1611661330,ATL,2024
1611661317,PHO,2024
1611661325,IND,2024
1611661329,CHI,2024
1611661329,CHI,2024
1611661328,SEA,2024
1611661317,PHO,2024
1611661313,NYL,2024
1611661322,WAS,2024
1611661322,WAS,2024
1611661329,CHI,2024
1611661325,IND,2024
1611661328,SEA,2024
1611661329,CHI,2024
1611661330,ATL,2024
1611661319,LVA,2024
1611661317,PHO,2024
1611661319,LVA,2024
1611661320,LAS,2024
1611661329,CHI,2024
1611661317,PHO,2024
1611661323,CON,2024
1611661319,LVA,2024
1611661330,ATL,2024
1611661324,MIN,2024
1611661330,ATL,2024
1611661328,SEA,2024
1611661328,SEA,2024
1611661321,DAL,2024
1611661330,ATL,2024
1611661325,IND,2024
1611661313,NYL,2024
1611661323,CON,2024
1611661330,ATL,2024
1611661313,NYL,2024
1611661324,MIN,2024
1611661313,NYL,2024
1611661328,SEA,2024
1611661317,PHO,2024
1611661328,SEA,2024
1611661324,MIN,2024
1611661321,DAL,2024
1611661320,LAS,2024
1611661322,WAS,2024
1611661324,MIN,2024
1611661325,IND,2024
1611661323,CON,2024
1611661323,CON,2024
1611661323,CON,2024
1611661320,LAS,2024
1611661321,DAL,2024
1611661328,SEA,2024
1611661329,CHI,2024
1611661330,ATL,2024
1611661319,LVA,2024
1611661330,ATL,2024
1611661322,WAS,2024
1611661328,SEA,2024
1611661313,NYL,2024
1611661321,DAL,2024
1611661322,WAS,2024
1611661325,IND,2024
1611661325,IND,2024
1611661321,DAL,2024
1611661324,MIN,2024
1611661325,IND,2024
1611661324,MIN,2024
1611661320,LAS,2024
1611661313,NYL,2024
1611661319,LVA,2024
1611661322,WAS,2024
1611661320,LAS,2024
1611661317,PHO,2024
1611661323,CON,2024
1611661313,NYL,2024
1611661329,CHI,2024
1611661313,NYL,2024
1611661328,SEA,2024
1611661322,WAS,2024
1611661325,IND,2024
1611661325,IND,2024
1611661328,SEA,2024
1611661324,MIN,2024
1611661329,CHI,2024
1611661328,SEA,2024
1611661328,SEA,2024
1611661319,LVA,2024
1611661319,LVA,2024
1611661320,LAS,2024
1611661324,MIN,2024
1611661329,TOT,2024
1611661321,TOT,2024
1611661317,TOT,2024
1611661320,TOT,2024
1611661319,TOT,2024
1611661324,TOT,2024
1611661329,TOT,2024
1611661322,TOT,2024
1611661323,TOT,2024
1611661320,TOT,2024
1611661322,TOT,2024
1611661329,CON,2024
1611661321,PHO,2024
1611661317,DAL,2024
1611661320,ATL,2024
1611661319,CON,2024
1611661324,WAS,2024
1611661329,CON,2024
1611661322,MIN,2024
1611661323,CHI,2024
1611661320,DAL,2024
1611661322,PHO,2024
1611661319,LAS,2024
1611661319,LVA,2024
1611661321,DAL,2024
1611661329,CHI,2024
1611661320,LAS,2024
1611661320,LAS,2024
1611661322,WAS,2024
1611661329,CHI,2024
1611661322,WAS,2024
1611661317,PHO,2024
1611661323,CON,2024
1611661324,MIN,2024
1611661323,CON,2024
1611661320,LAS,2024
1611661321,DAL,2024
1611661322,WAS,2024
1611661329,CHI,2024
1611661319,LVA,2024
1611661325,IND,2024
1611661313,NYL,2024
1611661322,WAS,2024
1611661319,LVA,2024
1611661313,NYL,2024
1611661320,LAS,2024
1611661330,ATL,2024
1611661319,LVA,2024
1611661317,PHO,2024
1611661324,MIN,2024
1611661329,CHI,2024
1611661321,DAL,2024
1611661313,NYL,2024
1611661321,DAL,2024
1611661321,DAL,2024
1611661322,WAS,2024
1611661317,TOT,2024
1611661317,PHO,2024
1611661324,MIN,2024
1611661321,DAL,2024
1611661328,SEA,2024
1611661328,SEA,2024ps
1611661328,SEA,2024ps
1611661319,LVA,2024ps
1611661324,MIN,2024ps
1611661328,SEA,2024ps
1611661323,CON,2024ps
1611661323,CON,2024ps
1611661325,IND,2024ps
1611661324,MIN,2024ps
1611661324,MIN,2024ps
1611661319,LVA,2024ps
1611661313,NYL,2024ps
1611661317,PHO,2024ps
1611661328,SEA,2024ps
1611661313,NYL,2024ps
1611661324,MIN,2024ps
1611661313,NYL,2024ps
1611661330,ATL,2024ps
1611661323,CON,2024ps
1611661313,NYL,2024ps
1611661325,IND,2024ps
1611661330,ATL,2024ps
1611661313,NYL,2024ps
1611661324,MIN,2024ps
1611661319,LVA,2024ps
1611661319,LVA,2024ps
1611661328,SEA,2024ps
1611661324,MIN,2024ps
1611661328,SEA,2024ps
1611661325,IND,2024ps
1611661325,IND,2024ps
1611661328,SEA,2024ps
1611661313,NYL,2024ps
1611661330,ATL,2024ps
1611661323,CON,2024ps
1611661317,PHO,2024ps
1611661319,LVA,2024ps
1611661313,NYL,2024ps
1611661325,IND,2024ps
1611661324,MIN,2024ps
1611661313,NYL,2024ps
1611661325,IND,2024ps
1611661325,IND,2024ps
1611661324,MIN,2024ps
1611661328,SEA,2024ps
1611661317,PHO,2024ps
1611661319,LVA,2024ps
1611661324,MIN,2024ps
1611661330,ATL,2024ps
1611661317,PHO,2024ps
1611661325,IND,2024ps
1611661319,LVA,2024ps
1611661330,ATL,2024ps
1611661323,CON,2024ps
1611661330,ATL,2024ps
1611661330,ATL,2024ps
1611661330,ATL,2024ps
1611661323,CON,2024ps
1611661313,NYL,2024ps
1611661325,IND,2024ps
1611661323,CON,2024ps
1611661323,CON,2024ps
1611661325,IND,2024ps
1611661319,LVA,2024ps
1611661317,PHO,2024ps
1611661319,LVA,2024ps
1611661328,SEA,2024ps
1611661330,ATL,2024ps
1611661324,MIN,2024ps
1611661319,LVA,2024ps
1611661323,CON,2024ps
1611661317,PHO,2024ps
1611661319,LVA,2024ps
1611661317,PHO,2024ps
1611661317,PHO,2024ps
1611661330,ATL,2024ps
1611661313,NYL,2024ps
1611661325,IND,2024ps
1611661324,MIN,2024ps
1611661313,NYL,2024ps
1611661328,SEA,2024ps
1611661313,NYL,2024ps
1611661325,IND,2024ps
1611661319,LVA,2024ps
1611661317,PHO,2024ps
1611661323,CON,2024ps
1611661317,PHO,2024ps
1611661324,MIN,2024ps
1611661320,LAS,2025
1611661323,CON,2025
1611661329,CHI,2025
1611661331,GSV,2025
1611661324,MIN,2025
1611661329,CHI,2025
1611661322,WAS,2025
1611661329,CHI,2025
1611661319,LVA,2025
1611661331,GSV,2025
1611661325,IND,2025
1611661319,LVA,2025
1611661320,LAS,2025
1611661323,CON,2025
1611661317,PHO,2025
1611661328,SEA,2025
1611661313,NYL,2025
1611661320,LAS,2025
1611661331,GSV,2025
1611661330,ATL,2025
1611661330,ATL,2025
1611661320,LAS,2025
1611661329,CHI,2025
1611661324,MIN,2025
1611661323,CON,2025
1611661325,IND,2025
1611661313,NYL,2025
1611661330,ATL,2025
1611661324,MIN,2025
1611661325,IND,2025
1611661328,SEA,2025
1611661317,PHO,2025
1611661325,IND,2025
1611661325,IND,2025
1611661328,SEA,2025
1611661322,WAS,2025
1611661322,WAS,2025
1611661319,LVA,2025
1611661331,GSV,2025
1611661313,NYL,2025
1611661313,NYL,2025
1611661330,ATL,2025
1611661319,LVA,2025
1611661330,ATL,2025
1611661319,LVA,2025
1611661320,LAS,2025
1611661313,NYL,2025
1611661321,DAL,2025
1611661323,CON,2025
1611661331,GSV,2025
1611661324,MIN,2025
1611661330,ATL,2025
1611661321,DAL,2025
1611661319,LVA,2025
1611661325,IND,2025
1611661330,ATL,2025
1611661325,IND,2025
1611661313,NYL,2025
1611661320,LAS,2025
1611661329,CHI,2025
1611661313,NYL,2025
1611661330,ATL,2025
1611661313,NYL,2025
1611661319,LVA,2025
1611661323,CON,2025
1611661317,PHO,2025
1611661328,SEA,2025
1611661331,GSV,2025
1611661324,MIN,2025
1611661321,DAL,2025
1611661325,IND,2025
1611661313,NYL,2025
1611661322,WAS,2025
1611661325,IND,2025
1611661323,CON,2025
1611661329,CHI,2025
1611661321,DAL,2025
1611661328,SEA,2025
1611661329,CHI,2025
1611661319,LVA,2025
1611661323,CON,2025
1611661323,CON,2025
1611661320,LAS,2025
1611661317,PHO,2025
1611661329,CHI,2025
1611661331,GSV,2025
1611661320,LAS,2025
1611661313,NYL,2025
1611661317,PHO,2025
1611661324,MIN,2025
1611661324,MIN,2025
1611661321,DAL,2025
1611661330,ATL,2025
1611661324,MIN,2025
1611661320,LAS,2025
1611661313,NYL,2025
1611661319,LVA,2025
1611661322,WAS,2025
1611661317,PHO,2025
1611661331,GSV,2025
1611661325,IND,2025
1611661324,MIN,2025
1611661329,CHI,2025
1611661330,ATL,2025
1611661328,SEA,2025
1611661317,PHO,2025
1611661324,MIN,2025
1611661329,CHI,2025
1611661328,SEA,2025
1611661317,PHO,2025
1611661319,LVA,2025
1611661319,LVA,2025
1611661331,GSV,2025
1611661321,TOT,2025
1611661317,TOT,2025
1611661324,TOT,2025
1611661331,TOT,2025
1611661322,TOT,2025
1611661329,TOT,2025
1611661323,TOT,2025
1611661321,TOT,2025
1611661330,TOT,2025
1611661321,TOT,2025
1611661328,TOT,2025
1611661325,TOT,2025
1611661320,TOT,2025
1611661325,TOT,2025
1611661322,TOT,2025
1611661324,TOT,2025
1611661325,TOT,2025
1611661319,TOT,2025
1611661328,TOT,2025
1611661313,TOT,2025
1611661329,TOT,2025
1611661320,TOT,2025
1611661321,TOT,2025
1611661321,LAS,2025
1611661317,IND,2025
1611661324,DAL,2025
1611661331,DAL,2025
1611661322,SEA,2025
1611661329,NYL,2025
1611661323,WAS,2025
1611661321,PHO,2025
1611661330,WAS,2025
1611661321,MIN,2025
1611661328,LVA,2025
1611661325,LAS,2025
1611661320,MIN,2025
1611661325,GSV,2025
1611661322,CON,2025
1611661324,NYL,2025
1611661325,LAS,2025
1611661319,DAL,2025
1611661328,WAS,2025
1611661313,GSV,2025
1611661329,PHO,2025
1611661320,GSV,2025
1611661321,SEA,2025
1611661321,DAL,2025
1611661325,IND,2025
1611661321,DAL,2025
1611661325,IND,2025
1611661329,CHI,2025
1611661317,PHO,2025
1611661329,CHI,2025
1611661320,LAS,2025
1611661321,DAL,2025
1611661330,ATL,2025
1611661325,IND,2025
1611661320,LAS,2025
1611661328,SEA,2025
1611661313,NYL,2025
1611661331,GSV,2025
1611661324,MIN,2025
1611661319,LVA,2025
1611661324,MIN,2025
1611661323,CON,2025
1611661321,DAL,2025
1611661328,SEA,2025
1611661322,WAS,2025
1611661322,WAS,2025
1611661320,LAS,2025
1611661321,DAL,2025
1611661331,GSV,2025
1611661322,WAS,2025
1611661323,CON,2025
1611661320,LAS,2025
1611661321,DAL,2025
1611661328,SEA,2025
1611661322,WAS,2025
1611661321,DAL,2025
1611661319,LVA,2025
1611661325,IND,2025
1611661331,GSV,2025
1611661331,GSV,2025
1611661328,SEA,2025
1611661323,CON,2025
1611661323,CON,2025
1611661319,LVA,2025
1611661321,DAL,2025
1611661322,WAS,2025
1611661330,ATL,2025
1611661321,DAL,2025
1611661321,DAL,2025
1611661323,CON,2025
1611661322,WAS,2025
1611661321,DAL,2025
1611661324,MIN,2025
1611661330,ATL,2025
1611661325,IND,2025
1611661329,CHI,2025
1611661329,CHI,2025
1611661321,DAL,2025
1611661325,TOT,2025
1611661325,TOT,2025
1611661321,TOT,2025
1611661325,IND,2025
1611661325,IND,2025
1611661321,DAL,2025
1611661317,PHO,2025
1611661317,PHO,2025
1611661317,PHO,2025
1611661317,PHO,2025
1611661317,PHO,2025
1611661317,PHO,2025
1611661324,MIN,2025
1611661323,CON,2025
1611661331,GSV,2025
1611661323,CON,2025
1611661324,MIN,2025
1611661324,MIN,2025ps
1611661331,GSV,2025ps
1611661317,PHO,2025ps
1611661313,NYL,2025ps
1611661331,GSV,2025ps
1611661319,LVA,2025ps
1611661330,ATL,2025ps
1611661328,SEA,2025ps
1611661319,LVA,2025ps
1611661325,IND,2025ps
1611661313,NYL,2025ps
1611661324,MIN,2025ps
1611661331,GSV,2025ps
1611661328,SEA,2025ps
1611661328,SEA,2025ps
1611661317,PHO,2025ps
1611661319,LVA,2025ps
1611661331,GSV,2025ps
1611661317,PHO,2025ps
1611661324,MIN,2025ps
1611661313,NYL,2025ps
1611661330,ATL,2025ps
1611661331,GSV,2025ps
1611661319,LVA,2025ps
1611661319,LVA,2025ps
1611661317,PHO,2025ps
1611661328,SEA,2025ps
1611661324,MIN,2025ps
1611661317,PHO,2025ps
1611661328,SEA,2025ps
1611661317,PHO,2025ps
1611661317,PHO,2025ps
1611661324,MIN,2025ps
1611661325,IND,2025ps
1611661325,IND,2025ps
1611661317,PHO,2025ps
1611661330,ATL,2025ps
1611661324,MIN,2025ps
1611661319,LVA,2025ps
1611661313,NYL,2025ps
1611661324,MIN,2025ps
1611661330,ATL,2025ps
1611661331,GSV,2025ps
1611661319,LVA,2025ps
1611661328,SEA,2025ps
1611661330,ATL,2025ps
1611661328,SEA,2025ps
1611661324,MIN,2025ps
1611661330,ATL,2025ps
1611661313,NYL,2025ps
1611661331,GSV,2025ps
1611661324,MIN,2025ps
1611661317,PHO,2025ps
1611661330,ATL,2025ps
1611661331,GSV,2025ps
1611661313,NYL,2025ps
1611661328,SEA,2025ps
1611661317,PHO,2025ps
1611661325,IND,2025ps
1611661331,GSV,2025ps
1611661319,LVA,2025ps
1611661331,GSV,2025ps
1611661330,ATL,2025ps
1611661313,NYL,2025ps
1611661317,PHO,2025ps
1611661324,MIN,2025ps
1611661319,LVA,2025ps
1611661330,ATL,2025ps
1611661328,SEA,2025ps
1611661325,IND,2025ps
1611661330,ATL,2025ps
1611661319,LVA,2025ps
1611661325,IND,2025ps
1611661313,NYL,2025ps
1611661330,ATL,2025ps
1611661313,NYL,2025ps
1611661313,NYL,2025ps
1611661313,NYL,2025ps
1611661325,IND,2025ps
1611661325,IND,2025ps
1611661325,IND,2025ps
1611661317,PHO,2025ps
1611661330,ATL,2025ps
1611661325,IND,2025ps
1611661313,NYL,2025ps
1611661328,SEA,2025ps
1611661331,GSV,2025ps
1611661319,LVA,2025ps
1611661324,MIN,2025ps
1611661324,MIN,2025ps
1611661328,SEA,2025ps
