EntityId,TeamId,Name,ShortName,RowId,TeamAbbreviation,SecondsPlayed,GamesPlayed,DefPoss,PenaltyDefPoss,TotalPoss,DefTwoPtRebounds,DefRebounds,Rebounds,DefTwoPtReboundPct,DefFGReboundPct,DefShortMidRangeReboundPct,Pace,SecondsPerPossDef,SecondsExcludingORebsPerPossDef,Arc3FGA,PenaltyArc3FGA,FG3A,PenaltyFG3A,NonHeaveArc3FGA,OffThreePtRebounds,OffRebounds,FG3APct,OffThreePtReboundPct,OffFGReboundPct,OffArc3ReboundPct,Arc3Frequency,PenaltyArc3Frequency,AtRimFG3AFrequency,ShotQualityAvg,PenaltyShotQualityAvg,Avg3ptShotDistance,Minutes,PlusMinus,OffPoss,OpponentPoints,DeadBallTurnovers,Turnovers,Fouls,Offensive Fouls,FoulsDrawn,SecondsPerPossOff,SecondsExcludingORebsPerPossOff,AtRimFGM,AtRimFGA,ShortMidRangeFGM,ShortMidRangeFGA,LongMidRangeFGM,LongMidRangeFGA,FG2M,FG2A,FtPoints,Points,PtsAssisted2s,TwoPtAssists,Assists,AtRimAssists,ShortMidRangeAssists,LongMidRangeAssists,AssistPoints,DefThreePtRebounds,FTDefRebounds,LiveBallTurnovers,BadPassTurnovers,ShootingFouls,Charge Fouls,FTA,2pt And 1 Free Throw Trips,TwoPtShootingFoulsDrawn,FirstChancePoints,Assisted2sPct,NonPutbacksAssisted2sPct,Fg2Pct,EfgPct,TsPct,LiveBallTurnoverPct,DefFTReboundPct,DefThreePtReboundPct,DefArc3ReboundPct,AtRimFrequency,AtRimAccuracy,UnblockedAtRimAccuracy,AtRimPctAssisted,ShortMidRangeFrequency,ShortMidRangeAccuracy,UnblockedShortMidRangeAccuracy,ShortMidRangePctAssisted,LongMidRangeFrequency,LongMidRangeAccuracy,UnblockedLongMidRangeAccuracy,LongMidRangePctAssisted,ShootingFoulsDrawnPct,TwoPtShootingFoulsDrawnPct,Avg2ptShotDistance,PenaltyOffPoss,Corner3FGA,Arc3FGM,FG3M,PenaltyFtPoints,PenaltyPoints,PtsAssisted3s,NonHeaveArc3FGM,ThreePtAssists,Arc3Assists,Steals,LostBallSteals,LostBallTurnovers,Blocked2s,BlockedShortMidRange,Blocks,PenaltyPointsExcludingTakeFouls,PenaltyOffPossExcludingTakeFouls,Assisted3sPct,Fg3Pct,NonHeaveFg3Pct,PenaltyTsPct,DefCorner3ReboundPct,Corner3Frequency,Arc3Accuracy,UnblockedArc3Accuracy,Arc3PctAssisted,NonHeaveArc3Accuracy,PenaltyPointsPct,PenaltyOffPossPct,PenaltyFG2A,Fg2aBlocked,FG2APctBlocked,ShortMidRangePctBlocked,PenaltyAtRimFGM,PenaltyAtRimFGA,PenaltyArc3FGM,PenaltyFG2M,PenaltyFG3M,PtsUnassisted2s,Charge Fouls Drawn,Technical Free Throw Trips,PenaltyFg3Pct,PenaltyFg2Pct,PenaltyEfgPct,LongMidRangePctBlocked,PenaltyAtRimFrequency,PenaltyAtRimAccuracy,PenaltyArc3Accuracy,SecondChanceOffPoss,SecondChanceAtRimFGA,SecondChanceFG2A,OffTwoPtRebounds,OffTwoPtReboundPct,OffAtRimReboundPct,SecondChanceAtRimFrequency,SecondChanceShotQualityAvg,LostBallOutOfBoundsTurnovers,Travels,PenaltyTurnovers,Loose Ball Fouls,DefAtRimReboundPct,Offensive Fouls Drawn,SecondChanceArc3FGA,SecondChanceFG3A,SecondChanceFtPoints,SecondChancePoints,SecondChanceTsPct,OffLongMidRangeReboundPct,DefLongMidRangeReboundPct,SecondChanceArc3Frequency,SecondChancePointsPct,SecondChanceAtRimFGM,Corner3FGM,PenaltyCorner3FGM,PenaltyCorner3FGA,SecondChanceFG2M,PtsUnassisted3s,PtsPutbacks,HeaveAttempts,Fg3aBlocked,Corner3Assists,BadPassSteals,BadPassOutOfBoundsTurnovers,StepOutOfBoundsTurnovers,SecondChanceTurnovers,ThreePtShootingFoulsDrawn,NonShootingFoulsDrawn,BlockedAtRim,RecoveredBlocks,NonShootingPenaltyNonTakeFoulsDrawn,SecondChanceFg2Pct,SecondChanceEfgPct,FG3APctBlocked,AtRimPctBlocked,Arc3PctBlocked,OffShortMidRangeReboundPct,BlocksRecoveredPct,Corner3Accuracy,UnblockedCorner3Accuracy,Corner3PctAssisted,SecondChanceAtRimAccuracy,SecondChanceAtRimPctAssisted,PenaltyCorner3Frequency,PenaltyCorner3Accuracy,ThreePtShootingFoulsDrawnPct,SelfOReb,NonShootingPenaltyNonTakeFouls,SelfORebPct,SecondChanceArc3FGM,SecondChanceFG3M,FTOffRebounds,Blocked3s,BlockedArc3,SecondChanceFg3Pct,OffFTReboundPct,SecondChanceArc3Accuracy,SecondChanceArc3PctAssisted,OffCorner3ReboundPct,Loose Ball Fouls Drawn,3SecondViolations,Defensive 3 Seconds Violations,BlockedCorner3,3pt And 1 Free Throw Trips,BlockedLongMidRange,team_id,year,season,team_vs
1629498-202658-202670-203825-204332,1611661319,"Jackie Young, Danielle Robinson, Carolyn Swords, Kayla McBride, Cierra Burdick","Young, Robinson, Swords, McBride, Burdick",1629498-202658-202670-203825-204332,LVA,21.0,1,1.0,1.0,1.0,1.0,1.0,1.0,1.0,1.0,1.0,68.57142857142857,21.0,21.0,,,,,,,,,,,,,,,,,,,,,,,,,,,,,,,,,,,,,,,,,,,,,,,,,,,,,,,,,,,,,,,,,,,,,,,,,,,,,,,,,,,,,,,,,,,,,,,,,,,,,,,,,,,,,,,,,,,,,,,,,,,,,,,,,,,,,,,,,,,,,,,,,,,,,,,,,,,,,,,,,,,,,,,,,,,,,,,,,,,,,,,,,,,,,,,,,,,,,,,,,,,,,1611661319,2020,2020,False
1628932-201881-203411-203825-204324,1611661319,"A'ja Wilson, Angel McCoughtry, Sugar Rodgers, Kayla McBride, Dearica Hamby","Wilson, McCoughtry, Rodgers, McBride, Hamby",1628932-201881-203411-203825-204324,LVA,13.0,1,,,,,,1.0,,,,,,,1.0,1.0,1.0,1.0,1.0,1.0,1.0,1.0,1.0,1.0,1.0,1.0,1.0,1.0,0.312,0.312,24.6,,,,,,,,,,,,,,,,,,,,,,,,,,,,,,,,,,,,,,,,,,,,,,,,,,,,,,,,,,,,,,,,,,,,,,,,,,,,,,,,,,,,,,,,,,,,,,,,,,,,,,,,,,,,,,,,,,,,,,,,,,,,,,,,,,,,,,,,,,,,,,,,,,,,,,,,,,,,,,,,,,,,,,,,,,,,,,,,,,,,,,,,,,,,1611661319,2020,2020,False
1629498-201881-202658-203069-203825,1611661319,"Jackie Young, Angel McCoughtry, Danielle Robinson, Avery Warley-Talbert, Kayla McBride","Young, McCoughtry, Robinson, Warley-Talbert, McBride",1629498-201881-202658-203069-203825,LVA,43.0,1,2.0,,3.0,,,,,,,100.46511627906976,9.5,9.5,,,,,,,,,,,,,,,,,,1.0,-5.0,1.0,5.0,1.0,1.0,1.0,1.0,1.0,24.0,24.0,,,,,,,,,,,,,,,,,,,,,,,,,,,,,,,,,,,,,,,,,,,,,,,,,,,,,,,,,,,,,,,,,,,,,,,,,,,,,,,,,,,,,,,,,,,,,,,,,,,,,,,,,,,,,,,,,,,,,,,,,,,,,,,,,,,,,,,,,,,,,,,,,,,,,,,,,,,,,,,,,,,,,,,,,,,,,,,,,1611661319,2020,2020,False
1629498-201881-202670-203411-204324,1611661319,"Jackie Young, Angel McCoughtry, Carolyn Swords, Sugar Rodgers, Dearica Hamby","Young, McCoughtry, Swords, Rodgers, Hamby",1629498-201881-202670-203411-204324,LVA,383.0,3,13.0,,26.0,4.0,7.0,7.0,1.0,0.8571428571428571,1.0,97.75456919060052,15.076923076923077,14.23076923076923,2.0,,2.0,,2.0,,,0.2,,,,0.2,,0.3,0.43539000000000005,,25.45,6.0,-7.0,13.0,16.0,1.0,2.0,4.0,,4.0,14.384615384615385,14.384615384615385,1.0,1.0,1.0,3.0,1.0,4.0,3.0,8.0,3.0,9.0,6.0,3.0,3.0,1.0,1.0,1.0,6.0,2.0,1.0,1.0,1.0,1.0,1.0,3.0,1.0,2.0,9.0,1.0,1.0,0.375,0.3,0.4090909090909091,0.5,1.0,0.6666666666666666,0.6666666666666666,0.1,1.0,1.0,1.0,0.3,0.3333333333333333,0.3333333333333333,1.0,0.4,0.25,0.25,1.0,0.18181818181818182,0.2222222222222222,11.675,,,,,,,,,,,,,,,,,,,,,,,,,,,,,,,,,,,,,,,,,,,,,,,,,,,,,,,,,,,,,,,,,,,,,,,,,,,,,,,,,,,,,,,,,,,,,,,,,,,,,,,,,,,,,,,,,,,,,,,,,,,,,,1611661319,2020,2020,False
1628932-1629498-202658-203411-204332,1611661319,"A'ja Wilson, Jackie Young, Danielle Robinson, Sugar Rodgers, Cierra Burdick","Wilson, Young, Robinson, Rodgers, Burdick",1628932-1629498-202658-203411-204332,LVA,5.0,1,1.0,1.0,1.0,,1.0,1.0,,1.0,,288.0,5.0,5.0,,,,,,,,,,,,,,,,,,,,,,,,,,,,,,,,,,,,,,,,,,,,,,1.0,,,,,,,,,,,,,,,,,1.0,1.0,,,,,,,,,,,,,,,,,,,,,,,,,,,,,,,,,,,,,,,,,,,,,,,,,,,,,,,,,,,,,,,,,,,,,,,,,,,,,,,,,,,,,,,,,,,,,,,,,,,,,,,,,,,,,,,,,,,,,,,,,,,,,,,,,,,,,,,,,,,,,1611661319,2020,2020,False
1628932-201881-202658-202670-203411,1611661319,"A'ja Wilson, Angel McCoughtry, Danielle Robinson, Carolyn Swords, Sugar Rodgers","Wilson, McCoughtry, Robinson, Swords, Rodgers",1628932-201881-202658-202670-203411,LVA,248.0,3,8.0,,17.0,1.0,3.0,3.0,0.5,0.75,0.5,98.70967741935483,12.75,12.75,2.0,,3.0,,2.0,,,0.42857142857142855,,,,0.2857142857142857,,0.5714285714285714,0.4547785714285714,,24.0,4.0,4.0,9.0,7.0,,1.0,1.0,,3.0,16.22222222222222,16.22222222222222,1.0,1.0,1.0,2.0,1.0,1.0,3.0,4.0,2.0,11.0,6.0,3.0,4.0,1.0,1.0,1.0,9.0,2.0,,1.0,,,,2.0,,1.0,11.0,1.0,1.0,0.75,0.6428571428571429,0.6875,1.0,,1.0,1.0,0.14285714285714285,1.0,1.0,1.0,0.2857142857142857,0.5,0.5,1.0,0.14285714285714285,1.0,1.0,1.0,0.125,0.2,8.825,1.0,1.0,1.0,1.0,2.0,2.0,3.0,1.0,1.0,1.0,1.0,1.0,1.0,1.0,1.0,1.0,2.0,1.0,1.0,0.3333333333333333,0.3333333333333333,1.0,1.0,0.14285714285714285,0.5,0.5,1.0,0.5,0.18181818181818182,0.1111111111111111,,,,,,,,,,,,,,,,,,,,,,,,,,,,,,,,,,,,,,,,,,,,,,,,,,,,,,,,,,,,,,,,,,,,,,,,,,,,,,,,,,,,,,,,,,,,,,,,1611661319,2020,2020,False
1629498-201881-203411-203825-204324,1611661319,"Jackie Young, Angel McCoughtry, Sugar Rodgers, Kayla McBride, Dearica Hamby","Young, McCoughtry, Rodgers, McBride, Hamby",1629498-201881-203411-203825-204324,LVA,21.0,1,1.0,1.0,2.0,,,,,,,137.14285714285714,4.0,4.0,,,,,,,,,,,,,,,0.4043,0.4043,,,,1.0,,,,,,,17.0,17.0,,,,1.0,,,,1.0,,,,,,,,,,,,,,,,,,,,,,,,,,,,,,,,,1.0,,,,,,,,,,5.2,1.0,,,,,,,,,,,,,,,,,1.0,,,,,,,,,,,,1.0,1.0,1.0,1.0,1.0,,,,,,,,,,,,,,,,,,,,,,,,,,,,,,,,,,,,,,,,,,,,,,,,,,,,,,,,,,,,,,,,,,,,,,,,,,,,,,,,,,,,,,,,,,,,1611661319,2020,2020,False
202658-203411-203825-204324-204332,1611661319,"Danielle Robinson, Sugar Rodgers, Kayla McBride, Dearica Hamby, Cierra Burdick","Robinson, Rodgers, McBride, Hamby, Burdick",202658-203411-203825-204324-204332,LVA,5.0,1,1.0,1.0,2.0,,1.0,1.0,,,,576.0,1.0,1.0,1.0,1.0,1.0,1.0,1.0,,,1.0,,,,1.0,1.0,1.0,0.12525,0.12525,25.3,,,1.0,,,,,,,4.0,4.0,,,,,,,,,,,,,,,,,,,1.0,,,,,,,,,,,,,,,1.0,,,,,,,,,,,,,,,,,,1.0,,,,,,,,,,,,,,,,,1.0,,,,,,,,,,,,1.0,,,,,,,,,,,,,,,,,,,,,,,,,,,,,,,,,,,,,,,,,,,,,,,,,,,,,,,,,,,,,,,,,,,,,,,,,,,,,,,,,,,,,,,,,,,,,,,,1611661319,2020,2020,False
202658-203069-203411-203825-204324,1611661319,"Danielle Robinson, Avery Warley-Talbert, Sugar Rodgers, Kayla McBride, Dearica Hamby","Robinson, Warley-Talbert, Rodgers, McBride, Hamby",202658-203069-203411-203825-204324,LVA,188.0,1,7.0,1.0,14.0,1.0,1.0,1.0,1.0,1.0,1.0,107.23404255319149,15.428571428571429,15.428571428571429,3.0,2.0,3.0,2.0,3.0,,,0.5,,,,0.5,0.4,0.6666666666666666,0.444525,0.43167,25.96666666666667,3.0,4.0,7.0,9.0,,,,,3.0,11.428571428571429,11.428571428571429,1.0,1.0,1.0,1.0,,1.0,2.0,3.0,3.0,13.0,2.0,1.0,3.0,1.0,,,8.0,,,,,,,4.0,1.0,2.0,13.0,0.5,0.5,0.6666666666666666,0.8333333333333334,0.8571428571428571,,,,,0.16666666666666666,1.0,1.0,1.0,0.16666666666666666,1.0,1.0,,0.16666666666666666,,,,0.2857142857142857,0.5,9.4,6.0,,2.0,2.0,3.0,13.0,6.0,2.0,2.0,2.0,,,,,,,13.0,6.0,1.0,0.6666666666666666,0.6666666666666666,1.0,,,0.6666666666666666,0.6666666666666666,1.0,0.6666666666666666,1.0,0.8571428571428571,3.0,1.0,0.3333333333333333,,1.0,1.0,2.0,2.0,2.0,2.0,1.0,1.0,1.0,0.6666666666666666,1.0,1.0,0.2,1.0,1.0,,,,,,,,,,,,,,,,,,,,,,,,,,,,,,,,,,,,,,,,,,,,,,,,,,,,,,,,,,,,,,,,,,,,,,,,,,,,,1611661319,2020,2020,False
1628263-1628932-202670-203411-204324,1611661319,"Lindsay Allen, A'ja Wilson, Carolyn Swords, Sugar Rodgers, Dearica Hamby","Allen, Wilson, Swords, Rodgers, Hamby",1628263-1628932-202670-203411-204324,LVA,122.0,1,4.0,,8.0,,1.0,3.0,,0.5,,94.42622950819673,13.25,13.25,,,,,,,2.0,,,0.5,,,,0.4,0.48148,,,2.0,-3.0,4.0,5.0,,1.0,1.0,,1.0,17.25,15.75,,2.0,1.0,1.0,,2.0,1.0,5.0,,2.0,2.0,1.0,1.0,,1.0,,2.0,1.0,,1.0,,1.0,,,,,2.0,1.0,1.0,0.2,0.2,0.2,1.0,,0.5,0.5,0.4,,,,0.2,1.0,1.0,1.0,0.4,,,,,,9.26,,,,,,,,,,,,,1.0,,,,,,,,,,,,,,,,,,,,,,,,,,,,,,,,,,,,,1.0,1.0,2.0,2.0,0.5,1.0,0.5,0.55915,,,,,,,,,,,,,,,,,,,,,,,,,,,,,,,,,,,,,,,,,,,,,,,,,,,,,,,,,,,,,,,,,,,,,1611661319,2020,2020,False
1628932-1629498-202670-203825-204324,1611661319,"A'ja Wilson, Jackie Young, Carolyn Swords, Kayla McBride, Dearica Hamby","Wilson, Young, Swords, McBride, Hamby",1628932-1629498-202670-203825-204324,LVA,165.0,3,5.0,1.0,12.0,1.0,2.0,2.0,1.0,1.0,,104.72727272727273,11.8,11.8,,,,,,,,,,,,,,,0.37229999999999996,,,3.0,-4.0,7.0,6.0,2.0,2.0,2.0,,1.0,15.142857142857142,15.142857142857142,,,1.0,5.0,,,1.0,5.0,,2.0,,,,,,,,1.0,,,,1.0,,,,,2.0,,,0.2,0.2,0.2,,,1.0,1.0,,,,,1.0,0.2,0.3333333333333333,,,,,,,,7.26,1.0,,,,,,,,,,,,,,,,,1.0,,,,,,,,,,,,0.14285714285714285,,2.0,0.4,0.4,,,,,,2.0,,,,,,,,,,,,,,,,,,1.0,1.0,1.0,1.0,1.0,,,,,,,,,,,,,,,,,,,,,,,,,,,,,,,,,,,,,,,,,,,,,,,,,,,,,,,,,,,,,,,,1611661319,2020,2020,False
1628263-1628932-1629498-202658-203825,1611661319,"Lindsay Allen, A'ja Wilson, Jackie Young, Danielle Robinson, Kayla McBride","Allen, Wilson, Young, Robinson, McBride",1628263-1628932-1629498-202658-203825,LVA,2.0,1,,,,,,,,,,,,,,,,,,,,,,,,,,,,,,,,,,,,,,,,,,,,,,,,,,,,,,,,,,,,,,,,,,,,,,,,,,,,,,,,,,,,,,,,,,,,,,,,,,,,,,,,,,,,,,,,,,,,,,,,,,,,,,,,,,,,,,,,,,,,,,,,,,,,,,,,,,,,,,,,,,,,,,,,,,,,,,,,,,,,,,,,,,,,,,,,,,,,,,,,,,,,,,,,,,,,,,,,,1611661319,2020,2020,False
1628263-1629498-201881-202670-204324,1611661319,"Lindsay Allen, Jackie Young, Angel McCoughtry, Carolyn Swords, Dearica Hamby","Allen, Young, McCoughtry, Swords, Hamby",1628263-1629498-201881-202670-204324,LVA,47.0,1,2.0,,4.0,,,,,,,122.55319148936171,8.0,8.0,,,,,,,,,,,,,,,0.3837,,,1.0,-2.0,2.0,2.0,1.0,1.0,1.0,,1.0,15.5,15.5,,,,1.0,,,,1.0,,,,,,,,,,,,,,,1.0,,,,,,,,,,,,,,,,,,1.0,,,,,,,,,,9.7,,,,,,,,,,,,,,,,,,,,,,,,,,,,,,,,,,,,,,,,,,,,,,,,,,,,,,,,,,,,,,,1.0,,,,,,,,,,,,,,,,,,,,,,,,,,,,,,,,,,,,,,,,,,,,,,,,,,,,,,,,,,,,,,,1611661319,2020,2020,False
1628932-202658-203069-203825-204324,1611661319,"A'ja Wilson, Danielle Robinson, Avery Warley-Talbert, Kayla McBride, Dearica Hamby","Wilson, Robinson, Warley-Talbert, McBride, Hamby",1628932-202658-203069-203825-204324,LVA,55.0,1,1.0,1.0,3.0,,,,,,,78.54545454545455,21.0,21.0,1.0,1.0,1.0,1.0,1.0,,,1.0,,,,1.0,1.0,1.0,0.4665,0.4665,24.3,1.0,-2.0,2.0,2.0,,,,,,17.0,17.0,,,,,,,,,,,,,,,,,,,,,,,,,,,,,,,,,,,,,,,,,,,,,,,,,,,,2.0,,,,,,,,,,,,,,,,,2.0,,,,,,,,,,,,1.0,,,,,,,,,,,,,,,,,,,,,,,,,,,,,,,,,,,,,,,,,,,,,,,,,,,,,,,,,,,,,,,,,,,,,,,,,,,,,,,,,,,,,,,,,,,,,,,,1611661319,2020,2020,False
1629498-1629570-201881-202658-203411,1611661319,"Jackie Young, Megan Huff, Angel McCoughtry, Danielle Robinson, Sugar Rodgers","Young, Huff, McCoughtry, Robinson, Rodgers",1629498-1629570-201881-202658-203411,LVA,4.0,1,1.0,,1.0,,,,,,,360.0,4.0,4.0,,,,,,,,,,,,,,,,,,,,,,,,,,,,,,,,,,,,,,,,,,,,,,,,,,,,,,,,,,,,,,,,,,,,,,,,,,,,,,,,,,,,,,,,,,,,,,,,,,,,,,,,,,,,,,,,,,,,,,,,,,,,,,,,,,,,,,,,,,,,,,,,,,,,,,,,,,,,,,,,,,,,,,,,,,,,,,,,,,,,,,,,,,,,,,,,,,,,,,,,,,,,,1611661319,2020,2020,False
1629498-201881-202658-202670-203411,1611661319,"Jackie Young, Angel McCoughtry, Danielle Robinson, Carolyn Swords, Sugar Rodgers","Young, McCoughtry, Robinson, Swords, Rodgers",1629498-201881-202658-202670-203411,LVA,143.0,1,3.0,,8.0,3.0,3.0,5.0,0.75,0.75,,80.55944055944056,18.0,18.0,2.0,1.0,2.0,1.0,2.0,1.0,2.0,0.5,0.5,0.5,0.5,0.5,0.5,0.5,0.4647625,0.45925,24.8,2.0,4.0,5.0,,,1.0,1.0,,2.0,17.8,16.0,,,,,,2.0,,2.0,4.0,4.0,,,,,,,,,,1.0,1.0,,,4.0,,2.0,2.0,,,,,0.3333333333333333,1.0,,,,,,,,,,,,0.5,,,,0.3333333333333333,0.5,16.35,3.0,,,,4.0,4.0,,,,,,,,,,,4.0,3.0,,,,0.5,,,,,,,1.0,0.6,1.0,,,,,,,,,,,,,,,,,,,1.0,,,1.0,0.5,,,0.5157,,,1.0,,,,1.0,1.0,2.0,2.0,0.5,0.5,1.0,1.0,0.5,,,,,,,,,,,,,,,,,,,,,,,,,,,,,,,,,,,,,,,,,,,,,,,,,,,,,,1611661319,2020,2020,False
1628263-1628932-1629498-203069-203825,1611661319,"Lindsay Allen, A'ja Wilson, Jackie Young, Avery Warley-Talbert, Kayla McBride","Allen, Wilson, Young, Warley-Talbert, McBride",1628263-1628932-1629498-203069-203825,LVA,40.0,1,1.0,1.0,2.0,,,,,,,72.0,8.0,8.0,,,,,,,,,,,,,,,0.3764,0.3764,,1.0,1.0,1.0,2.0,,,,,1.0,32.0,32.0,,,,,1.0,1.0,1.0,1.0,1.0,3.0,2.0,1.0,1.0,,,1.0,2.0,,,,,,,2.0,,1.0,3.0,1.0,1.0,1.0,1.0,0.75,,,,,,,,,,,,,1.0,1.0,1.0,1.0,0.5,0.5,17.1,1.0,,,,1.0,3.0,,,,,,,,,,,3.0,1.0,,,,0.75,,,,,,,1.0,1.0,1.0,,,,,,,1.0,,,,,,1.0,1.0,,,,,,,,,,,,,,,,,,,,,,,,,,,,,,,,,,,,,,,,,,,,,,,,,,,,,,,,,,,,,,,,,,,,,,,,,,,,,,,,,1611661319,2020,2020,False
1628932-1629498-202658-203411-204324,1611661319,"A'ja Wilson, Jackie Young, Danielle Robinson, Sugar Rodgers, Dearica Hamby","Wilson, Young, Robinson, Rodgers, Hamby",1628932-1629498-202658-203411-204324,LVA,5150.0,20,171.0,37.0,338.0,34.0,64.0,77.0,0.6666666666666666,0.7073170731707317,0.6521739130434783,94.50873786407767,16.385964912280702,15.52046783625731,17.0,6.0,21.0,8.0,16.0,1.0,13.0,0.15671641791044777,0.1,0.23214285714285715,0.1111111111111111,0.12686567164179105,0.11538461538461539,0.4626865671641791,0.4696962406015038,0.4654960784313726,26.104761904761908,86.0,47.0,167.0,146.0,17.0,30.0,35.0,1.0,40.0,14.059880239520957,13.652694610778443,32.0,41.0,21.0,52.0,13.0,20.0,66.0,113.0,34.0,193.0,76.0,38.0,46.0,19.0,10.0,9.0,100.0,24.0,6.0,13.0,8.0,18.0,1.0,41.0,3.0,16.0,175.0,0.5757575757575758,0.6129032258064516,0.584070796460177,0.5932835820895522,0.631578947368421,0.43333333333333335,0.6666666666666666,0.7741935483870968,0.7407407407407407,0.30597014925373134,0.7804878048780488,0.8205128205128205,0.59375,0.3880597014925373,0.40384615384615385,0.4883720930232558,0.47619047619047616,0.14925373134328357,0.65,0.65,0.6923076923076923,0.11486486486486487,0.12698412698412698,7.495575221238938,63.0,4.0,7.0,9.0,21.0,90.0,24.0,7.0,8.0,6.0,24.0,8.0,5.0,7.0,4.0,7.0,90.0,63.0,0.8888888888888888,0.42857142857142855,0.45,0.7142857142857143,1.0,0.029850746268656716,0.4117647058823529,0.4375,0.8571428571428571,0.4375,0.46632124352331605,0.3772455089820359,44.0,11.0,0.09734513274336283,0.17307692307692307,13.0,15.0,2.0,30.0,3.0,56.0,3.0,1.0,0.375,0.6818181818181818,0.6634615384615384,,0.28846153846153844,0.8666666666666667,0.3333333333333333,11.0,7.0,11.0,12.0,0.2608695652173913,0.375,0.5833333333333334,0.5228045454545455,3.0,1.0,7.0,1.0,0.625,1.0,1.0,1.0,2.0,18.0,0.6923076923076923,,0.7,0.08333333333333333,0.09326424870466321,6.0,2.0,1.0,2.0,8.0,3.0,8.0,1.0,1.0,2.0,16.0,7.0,2.0,1.0,1.0,4.0,3.0,2.0,4.0,0.7272727272727273,0.6666666666666666,0.047619047619047616,0.04878048780487805,0.058823529411764705,0.2903225806451613,0.2857142857142857,0.5,0.5,1.0,0.8571428571428571,0.3333333333333333,0.038461538461538464,0.5,0.045454545454545456,,,,,,,,,,,,,,,,,,,,1611661319,2020,2020,False
1628242-1629498-202658-202670-203411,1611661319,"Emma Cannon, Jackie Young, Danielle Robinson, Carolyn Swords, Sugar Rodgers","Cannon, Young, Robinson, Swords, Rodgers",1628242-1629498-202658-202670-203411,LVA,24.0,1,1.0,,3.0,,,,,,,180.0,11.0,11.0,1.0,1.0,1.0,1.0,1.0,,,1.0,,,,1.0,1.0,1.0,0.2589,0.2589,26.3,,,2.0,,,,,,,6.5,5.5,,,,,,,,,,,,,,,,,,,,,,,,,,,,,,,,,,,,,,,,,,,,,,,,,,,,1.0,,,,,,,,,,,,,,,,,1.0,,,,,,,,,,,,0.5,,,,,,,,,,,,,,,,,,,,1.0,,,,,,,,,,,,,,,,,,,,,,,,,,,,,,,,,,,,,,,,,,,,,,,,,,,,,,,,,,,,,,,,,,,,,,,,,,,,1611661319,2020,2020,False
1628263-1628932-1629498-202658-204324,1611661319,"Lindsay Allen, A'ja Wilson, Jackie Young, Danielle Robinson, Dearica Hamby","Allen, Wilson, Young, Robinson, Hamby",1628263-1628932-1629498-202658-204324,LVA,3.0,1,1.0,,2.0,,,,,,,960.0,3.0,3.0,,,,,,,,,,,,,,1.0,0.6477,0.6477,,,2.0,1.0,,,,,,,,,1.0,1.0,,,,,1.0,1.0,,2.0,,,,,,,,,,,,,,,,,2.0,,,1.0,1.0,1.0,,,,,1.0,1.0,1.0,,,,,,,,,,,,1.9,1.0,,,,,2.0,,,,,1.0,1.0,,,,,2.0,1.0,,,,1.0,,,,,,,1.0,1.0,1.0,,,,1.0,1.0,,1.0,,2.0,,,,1.0,1.0,,1.0,1.0,,,,,,,,,,,,,,,,,,,,,,,,,,,,,,,,,,,,,,,,,,,,,,,,,,,,,,,,,,,,,,,,,,,,,,,,,,,,,,1611661319,2020,2020,False
1628263-1628932-1629498-202670-203825,1611661319,"Lindsay Allen, A'ja Wilson, Jackie Young, Carolyn Swords, Kayla McBride","Allen, Wilson, Young, Swords, McBride",1628263-1628932-1629498-202670-203825,LVA,991.0,6,33.0,6.0,67.0,12.0,18.0,22.0,0.9230769230769231,0.9,1.0,97.35620585267407,14.787878787878787,14.333333333333334,3.0,2.0,3.0,2.0,3.0,,4.0,0.0967741935483871,,0.23529411764705882,,0.0967741935483871,0.13333333333333333,0.25806451612903225,0.43116612903225804,0.44916999999999996,24.833333333333332,17.0,3.0,34.0,28.0,3.0,6.0,7.0,1.0,4.0,14.794117647058824,14.058823529411764,5.0,5.0,6.0,16.0,2.0,7.0,13.0,28.0,2.0,31.0,12.0,6.0,7.0,2.0,3.0,1.0,15.0,6.0,,3.0,2.0,2.0,1.0,4.0,2.0,3.0,27.0,0.46153846153846156,0.5,0.4642857142857143,0.46774193548387094,0.484375,0.5,,0.8571428571428571,0.8333333333333334,0.16129032258064516,1.0,1.0,0.4,0.5161290322580645,0.375,0.4,0.5,0.22580645161290322,0.2857142857142857,0.3333333333333333,0.5,0.09375,0.10344827586206896,9.082142857142857,16.0,,1.0,1.0,2.0,19.0,3.0,1.0,1.0,1.0,,,1.0,,,,19.0,16.0,1.0,0.3333333333333333,0.3333333333333333,0.59375,1.0,,0.3333333333333333,0.3333333333333333,1.0,0.3333333333333333,0.6129032258064516,0.47058823529411764,13.0,2.0,0.07142857142857142,0.0625,2.0,2.0,1.0,7.0,1.0,14.0,,,0.5,0.5384615384615384,0.5666666666666667,0.14285714285714285,0.13333333333333333,1.0,0.5,4.0,2.0,4.0,4.0,0.26666666666666666,,0.5,0.4757,1.0,,3.0,,1.0,,,,,4.0,0.5,0.2,0.875,,0.12903225806451613,2.0,,,,2.0,,2.0,,,,,,,,,,,,,0.5,0.5,,,,0.3,,,,,1.0,0.5,,,,1.0,1.0,0.06666666666666667,,,,,,,,,,,,,,,,,1611661319,2020,2020,False
1628263-1628932-1629498-203825-204324,1611661319,"Lindsay Allen, A'ja Wilson, Jackie Young, Kayla McBride, Dearica Hamby","Allen, Wilson, Young, McBride, Hamby",1628263-1628932-1629498-203825-204324,LVA,1621.0,9,55.0,9.0,106.0,14.0,20.0,25.0,0.7,0.7037037037037037,0.7,94.16409623689081,15.181818181818182,14.727272727272727,10.0,5.0,12.0,6.0,10.0,,5.0,0.32432432432432434,,0.16666666666666666,,0.2702702702702703,0.2,0.3783783783783784,0.45237027027027027,0.442864,25.25,27.0,-12.0,51.0,59.0,3.0,9.0,12.0,1.0,16.0,15.411764705882353,15.098039215686274,1.0,2.0,5.0,16.0,2.0,7.0,8.0,25.0,16.0,47.0,12.0,6.0,10.0,,5.0,1.0,24.0,5.0,1.0,6.0,4.0,6.0,,22.0,1.0,5.0,42.0,0.75,0.8571428571428571,0.32,0.4189189189189189,0.48936170212765956,0.6666666666666666,0.5,0.7142857142857143,0.8333333333333334,0.05405405405405406,0.5,0.5,,0.43243243243243246,0.3125,0.38461538461538464,1.0,0.1891891891891892,0.2857142857142857,0.2857142857142857,0.5,0.12195121951219512,0.1724137931034483,10.732000000000001,35.0,2.0,5.0,5.0,13.0,34.0,12.0,5.0,4.0,4.0,4.0,2.0,2.0,,,1.0,34.0,35.0,0.8,0.4166666666666667,0.4166666666666667,0.4852941176470588,,0.05405405405405406,0.5,0.5,0.8,0.5,0.723404255319149,0.6862745098039216,19.0,3.0,0.12,0.1875,1.0,2.0,3.0,6.0,3.0,4.0,1.0,1.0,0.5,0.3157894736842105,0.42,,0.08,0.5,0.6,4.0,2.0,2.0,4.0,0.23529411764705882,,0.6666666666666666,0.6094,1.0,1.0,5.0,,0.6666666666666666,,1.0,1.0,,5.0,0.8333333333333334,0.2,0.7142857142857143,0.3333333333333333,0.10638297872340426,1.0,,,1.0,1.0,3.0,2.0,,,,2.0,,,1.0,,6.0,,1.0,7.0,0.5,0.8333333333333334,,,,0.2727272727272727,1.0,,,,0.5,,0.04,,,1.0,1.0,0.047619047619047616,1.0,1.0,1.0,1.0,1.0,1.0,0.5,1.0,1.0,,,,,,,,1611661319,2020,2020,False
1628263-1628932-201881-203825-204324,1611661319,"Lindsay Allen, A'ja Wilson, Angel McCoughtry, Kayla McBride, Dearica Hamby","Allen, Wilson, McCoughtry, McBride, Hamby",1628263-1628932-201881-203825-204324,LVA,2013.0,14,72.0,2.0,147.0,9.0,27.0,30.0,0.75,0.8387096774193549,0.7142857142857143,105.1564828614009,14.86111111111111,14.597222222222221,5.0,1.0,7.0,1.0,5.0,1.0,3.0,0.125,0.2,0.12,,0.08928571428571429,0.09090909090909091,0.3392857142857143,0.46188124999999997,0.4819818181818182,24.057142857142857,34.0,7.0,75.0,73.0,5.0,13.0,17.0,2.0,21.0,12.573333333333334,12.52,11.0,12.0,15.0,27.0,3.0,10.0,29.0,49.0,16.0,80.0,40.0,20.0,22.0,8.0,9.0,3.0,46.0,17.0,1.0,8.0,7.0,6.0,1.0,19.0,1.0,8.0,76.0,0.6896551724137931,0.7407407407407407,0.5918367346938775,0.5714285714285714,0.6153846153846154,0.6153846153846154,1.0,0.8947368421052632,0.875,0.21428571428571427,0.9166666666666666,0.9166666666666666,0.7272727272727273,0.48214285714285715,0.5555555555555556,0.6,0.6,0.17857142857142858,0.3,0.3,1.0,0.12698412698412698,0.14285714285714285,8.473469387755102,16.0,2.0,2.0,2.0,5.0,23.0,6.0,2.0,2.0,2.0,10.0,5.0,1.0,,,,23.0,16.0,1.0,0.2857142857142857,0.2857142857142857,0.8846153846153846,1.0,0.03571428571428571,0.4,0.4,1.0,0.4,0.2875,0.21333333333333335,10.0,2.0,0.04081632653061224,0.07407407407407407,5.0,5.0,,9.0,,18.0,1.0,,,0.9,0.8181818181818182,,0.45454545454545453,1.0,,4.0,3.0,3.0,2.0,0.1,,1.0,0.6274,,2.0,4.0,2.0,1.0,1.0,,,,4.0,0.6666666666666666,0.14285714285714285,0.6666666666666666,,0.05,2.0,,,,2.0,,4.0,,,,5.0,,,1.0,,2.0,,,2.0,0.6666666666666666,0.6666666666666666,,,,0.08333333333333333,,,,,0.6666666666666666,,,,,,,,,,,,,,,,,0.5,,,,,,,1611661319,2020,2020,False
1628263-1628932-202658-203825-204324,1611661319,"Lindsay Allen, A'ja Wilson, Danielle Robinson, Kayla McBride, Dearica Hamby","Allen, Wilson, Robinson, McBride, Hamby",1628263-1628932-202658-203825-204324,LVA,86.0,1,3.0,1.0,6.0,,,,,,,100.46511627906976,10.333333333333334,9.333333333333334,,,1.0,1.0,,,,0.5,,,,,,1.0,0.35375,0.255,22.8,1.0,2.0,3.0,2.0,,,1.0,,2.0,18.333333333333332,18.333333333333332,1.0,1.0,,,,,1.0,1.0,2.0,4.0,,,,,,,,,,,,,,3.0,1.0,2.0,4.0,,,1.0,0.5,0.6666666666666666,,,,,0.5,1.0,1.0,,,,,,,,,,0.6666666666666666,1.0,3.0,2.0,1.0,,,2.0,2.0,,,,,1.0,,,,,,2.0,2.0,,,,0.5,,0.5,,,,,0.5,0.6666666666666666,,,,,,,,,,2.0,,,,,,,,,,,,,,,,,,,,,,,,,,,,,,,,,,,,1.0,,,,,,,1.0,,,,,,,,,,,,,,,,,,,,,1.0,,,,,,,,,,,,,,,,,,,,,,1611661319,2020,2020,False
1628263-1628932-202670-203411-203825,1611661319,"Lindsay Allen, A'ja Wilson, Carolyn Swords, Sugar Rodgers, Kayla McBride","Allen, Wilson, Swords, Rodgers, McBride",1628263-1628932-202670-203411-203825,LVA,123.0,1,5.0,,9.0,2.0,3.0,3.0,1.0,1.0,1.0,105.3658536585366,12.6,12.6,1.0,,1.0,,1.0,,,0.3333333333333333,,,,0.3333333333333333,,0.3333333333333333,0.44125,,24.1,2.0,-1.0,4.0,3.0,,,,,2.0,15.0,15.0,,,,1.0,,1.0,,2.0,2.0,2.0,,,,,,,,1.0,,,,,,2.0,,1.0,2.0,,,,,0.25,,,1.0,1.0,,,,,0.3333333333333333,,,,0.3333333333333333,,,,0.25,0.3333333333333333,14.5,,,,,,,,,,,,,,,,,,,,,,,,,,,,,,,,,,,,,,,,,,,,,,,,,,,,,,,,,,,,,,,,,,,,,,,,,,,,,,,,,,,,,,,,,,,,,,,,,,,,,,,,,,,,,,,,,,,,,,,,,,,,,,1611661319,2020,2020,False
1628263-1629498-201881-202670-203825,1611661319,"Lindsay Allen, Jackie Young, Angel McCoughtry, Carolyn Swords, Kayla McBride","Allen, Young, McCoughtry, Swords, McBride",1628263-1629498-201881-202670-203825,LVA,42.0,1,2.0,,4.0,1.0,2.0,2.0,1.0,1.0,1.0,137.14285714285714,13.0,13.0,,,,,,,,,,,,,,,0.4258,,,1.0,,2.0,,,1.0,1.0,,1.0,8.0,8.0,,,,1.0,,,,1.0,,,,,,,,,,1.0,,1.0,1.0,,,,,,,,,,,,1.0,,1.0,1.0,,,,,1.0,,,,,,,,,,7.9,,,,,,,,,,,,,,,,,,,,,,,,,,,,,,,,,,,,,,,,,,,,,,,,,,,,,,,,,,,,,,,,,,,,,,,,,,,,,,,,,,,,,,,,,,,,,,,,,,,,,,,,,,,,,,,,,,,,,,,,1.0,,,,,,1611661319,2020,2020,False
1628263-1629498-202670-203411-204332,1611661319,"Lindsay Allen, Jackie Young, Carolyn Swords, Sugar Rodgers, Cierra Burdick","Allen, Young, Swords, Rodgers, Burdick",1628263-1629498-202670-203411-204332,LVA,507.0,5,16.0,10.0,34.0,3.0,7.0,8.0,1.0,0.8571428571428571,1.0,96.56804733727812,14.9375,14.8125,5.0,5.0,5.0,5.0,5.0,,1.0,0.38461538461538464,,0.125,,0.38461538461538464,0.45454545454545453,0.46153846153846156,0.44143076923076924,0.44580000000000003,24.9,8.0,1.0,18.0,10.0,2.0,5.0,4.0,,,14.88888888888889,14.222222222222221,1.0,1.0,,1.0,,6.0,1.0,8.0,,11.0,2.0,1.0,1.0,1.0,,,2.0,3.0,1.0,3.0,3.0,3.0,,,,,11.0,1.0,1.0,0.125,0.4230769230769231,0.4230769230769231,0.6,1.0,0.75,0.75,0.07692307692307693,1.0,1.0,1.0,0.07692307692307693,,,,0.46153846153846156,,,,,,12.825,16.0,,3.0,3.0,,11.0,,3.0,,,1.0,,,,,,11.0,16.0,,0.6,0.6,0.5,,,0.6,0.6,,0.6,1.0,0.8888888888888888,6.0,,,,1.0,1.0,3.0,1.0,3.0,,,,0.6,0.16666666666666666,0.5,,0.09090909090909091,1.0,0.6,1.0,,1.0,1.0,0.16666666666666666,,,0.3601,,,5.0,,,,,,,,,0.2,,,,,,,,,9.0,,,,,1.0,,,1.0,,,,,,,,,,,,,,,,,,,,,,1.0,,,,,,,,,,,,,,,,,,1611661319,2020,2020,False
1628263-1629498-202670-203825-204324,1611661319,"Lindsay Allen, Jackie Young, Carolyn Swords, Kayla McBride, Dearica Hamby","Allen, Young, Swords, McBride, Hamby",1628263-1629498-202670-203825-204324,LVA,182.0,2,6.0,,13.0,1.0,3.0,3.0,1.0,1.0,1.0,102.85714285714286,17.0,17.0,,,,,,,,,,,,,,0.2,0.50694,0.50694,,3.0,4.0,7.0,6.0,1.0,1.0,,,1.0,11.428571428571429,11.428571428571429,1.0,1.0,1.0,1.0,2.0,3.0,4.0,5.0,2.0,10.0,8.0,4.0,4.0,1.0,1.0,2.0,8.0,2.0,,,,,,2.0,,1.0,10.0,1.0,1.0,0.8,0.8,0.8333333333333334,,,1.0,1.0,0.2,1.0,1.0,1.0,0.2,1.0,1.0,1.0,0.6,0.6666666666666666,0.6666666666666666,1.0,0.16666666666666666,0.16666666666666666,11.14,7.0,,,,2.0,10.0,,,,,,,,,,,10.0,7.0,,,,0.8333333333333334,,,,,,,1.0,1.0,5.0,,,,1.0,1.0,,4.0,,,,,,0.8,0.8,,0.2,1.0,,,,,,,,,,,,1.0,,,,,,,,,,,,,,,,,,,,,,,,,,,,,,,,,,,,,,,,,,,,,,,,,,,,,,,,,,,,,,,,,,1611661319,2020,2020,False
1628263-1629570-202658-203411-204332,1611661319,"Lindsay Allen, Megan Huff, Danielle Robinson, Sugar Rodgers, Cierra Burdick","Allen, Huff, Robinson, Rodgers, Burdick",1628263-1629570-202658-203411-204332,LVA,119.0,1,4.0,1.0,8.0,,,,,,,96.80672268907563,17.25,15.25,1.0,,1.0,,1.0,,,0.3333333333333333,,,,0.3333333333333333,,0.6666666666666666,0.50775,,24.3,2.0,,4.0,4.0,1.0,1.0,1.0,,,12.5,12.5,1.0,1.0,,,1.0,1.0,2.0,2.0,,4.0,2.0,1.0,1.0,,,1.0,2.0,,,,,1.0,,,,,4.0,0.5,0.5,1.0,0.6666666666666666,0.6666666666666666,,,,,0.3333333333333333,1.0,1.0,,,,,,0.3333333333333333,1.0,1.0,1.0,,,10.0,,,,,,,,,,,1.0,,,,,,,,,,,,,,,,,,,,,,,,,,,,,2.0,,,,,,,,,,,,,,,,,,,,,,,,,,,,,,,,,,,,,,,,,,,1.0,1.0,,,,,,,,,,,,,,,,,,,,,,,,,,,,,,,,,,,,,,,,,,1611661319,2020,2020,False
1628932-1629498-1629570-202658-203411,1611661319,"A'ja Wilson, Jackie Young, Megan Huff, Danielle Robinson, Sugar Rodgers","Wilson, Young, Huff, Robinson, Rodgers",1628932-1629498-1629570-202658-203411,LVA,51.0,1,1.0,1.0,2.0,1.0,1.0,1.0,1.0,0.5,1.0,56.470588235294116,44.0,28.0,,,,,,,,,,,,,,,0.4151,0.4151,,1.0,-1.0,1.0,1.0,,,1.0,,,7.0,7.0,,,,,,1.0,,1.0,,,,,,,,,,,,,,1.0,,,,,,,,,,,,,,,,,,,,,,,1.0,,,,,,15.3,1.0,,,,,,,,,,,,,,,,,1.0,,,,,,,,,,,,1.0,1.0,,,,,,,,,,,,,,,,,,,,,,,,,,,,,,,,,,,,,,,,,,,,,,,,,,,,,,,,,,,,,,,,,,,,,,,,,,,,,,,,,,,,,,,,,,,,,,,1611661319,2020,2020,False
1628932-1629498-202658-202670-203411,1611661319,"A'ja Wilson, Jackie Young, Danielle Robinson, Carolyn Swords, Sugar Rodgers","Wilson, Young, Robinson, Swords, Rodgers",1628932-1629498-202658-202670-203411,LVA,428.0,5,16.0,7.0,33.0,4.0,10.0,10.0,0.8,0.9,0.5,111.02803738317756,14.1875,13.625,2.0,1.0,2.0,1.0,1.0,,,0.14285714285714285,,,,0.14285714285714285,0.16666666666666666,0.42857142857142855,0.4610692307692308,0.42538,45.05,7.0,9.0,17.0,10.0,,1.0,,,4.0,11.823529411764707,11.823529411764707,3.0,4.0,2.0,5.0,2.0,3.0,7.0,12.0,5.0,19.0,8.0,4.0,4.0,1.0,2.0,1.0,8.0,5.0,1.0,1.0,,,,6.0,,3.0,19.0,0.5714285714285714,0.5714285714285714,0.5833333333333334,0.5,0.5588235294117647,1.0,1.0,1.0,1.0,0.2857142857142857,0.75,0.75,0.3333333333333333,0.35714285714285715,0.4,0.5,1.0,0.21428571428571427,0.6666666666666666,0.6666666666666666,0.5,0.17647058823529413,0.2,9.283333333333333,6.0,,,,2.0,6.0,,,,,1.0,,1.0,,,,6.0,6.0,,,,0.42857142857142855,,,,,,,0.3157894736842105,0.35294117647058826,5.0,1.0,0.08333333333333333,0.2,1.0,1.0,,2.0,,6.0,,,,0.4,0.3333333333333333,,0.16666666666666666,1.0,,,,,,,,,,,,,,1.0,,,,,,,,1.0,,,,,,,,,,1.0,,,1.0,,,,,,,,,,,,,,,,,,,,,,,,,,,,,,,,,,,,,,,,,,,1611661319,2020,2020,False
1628932-1629498-202658-202670-203825,1611661319,"A'ja Wilson, Jackie Young, Danielle Robinson, Carolyn Swords, Kayla McBride","Wilson, Young, Robinson, Swords, McBride",1628932-1629498-202658-202670-203825,LVA,684.0,7,23.0,2.0,49.0,4.0,6.0,9.0,0.5714285714285714,0.6,0.4,103.1578947368421,12.26086956521739,11.565217391304348,2.0,1.0,2.0,1.0,2.0,,3.0,0.10526315789473684,,0.23076923076923078,,0.10526315789473684,0.2,0.21052631578947367,0.41857894736842105,0.41402,25.0,11.0,-3.0,26.0,29.0,2.0,2.0,3.0,,11.0,15.461538461538462,15.461538461538462,1.0,2.0,3.0,9.0,2.0,6.0,6.0,17.0,14.0,26.0,10.0,5.0,5.0,1.0,3.0,1.0,10.0,2.0,,,,1.0,,16.0,,6.0,22.0,0.8333333333333334,0.8333333333333334,0.35294117647058826,0.3157894736842105,0.48148148148148145,,,0.6666666666666666,0.6666666666666666,0.10526315789473684,0.5,0.5,1.0,0.47368421052631576,0.3333333333333333,0.42857142857142855,1.0,0.3157894736842105,0.3333333333333333,0.3333333333333333,0.5,0.24,0.2608695652173913,10.423529411764704,9.0,,,,6.0,8.0,,,,,3.0,2.0,,1.0,1.0,1.0,8.0,9.0,,,,0.4444444444444444,,,,,,,0.3076923076923077,0.34615384615384615,4.0,2.0,0.11764705882352941,0.2222222222222222,1.0,1.0,,1.0,,2.0,,,,0.25,0.2,,0.2,1.0,,2.0,,,3.0,0.2727272727272727,,,,,2.0,,,1.0,,,,4.0,4.0,1.0,0.25,1.0,,0.15384615384615385,,,,,,,,,,,1.0,,,,,2.0,,1.0,2.0,,,,,,0.3333333333333333,1.0,,,,,,,,,,1.0,,,,,,,,,,,,1.0,,,,,,1611661319,2020,2020,False
1628932-1629498-202658-202670-204324,1611661319,"A'ja Wilson, Jackie Young, Danielle Robinson, Carolyn Swords, Dearica Hamby","Wilson, Young, Robinson, Swords, Hamby",1628932-1629498-202658-202670-204324,LVA,170.0,1,7.0,3.0,14.0,1.0,3.0,4.0,1.0,1.0,,118.58823529411764,14.714285714285714,14.714285714285714,,,,,,,1.0,,,0.25,,,,0.5714285714285714,0.5617,0.60785,,3.0,6.0,7.0,2.0,,,1.0,,1.0,9.571428571428571,9.428571428571429,3.0,4.0,,1.0,,2.0,3.0,7.0,2.0,8.0,4.0,2.0,2.0,2.0,,,4.0,1.0,1.0,,,,,2.0,,1.0,8.0,0.6666666666666666,0.6666666666666666,0.42857142857142855,0.42857142857142855,0.5,,1.0,1.0,1.0,0.5714285714285714,0.75,1.0,0.6666666666666666,0.14285714285714285,,,,0.2857142857142857,,,,0.125,0.125,6.6000000000000005,3.0,,,,2.0,4.0,,,,,3.0,3.0,,,,,4.0,3.0,,,,0.6666666666666666,,,,,,,0.5,0.42857142857142855,2.0,1.0,0.14285714285714285,,1.0,1.0,,1.0,,2.0,,,,0.5,0.5,,0.5,1.0,,1.0,,1.0,1.0,0.25,1.0,,0.2413,,,,,,,,,,,,,1.0,,,,,,,,,,,,,,,,,,,,,,,,,0.25,,,,,,,,,,,,,,,,,,,,,,,,,,,,,,,1611661319,2020,2020,False
1628932-1629498-202658-203069-204324,1611661319,"A'ja Wilson, Jackie Young, Danielle Robinson, Avery Warley-Talbert, Dearica Hamby","Wilson, Young, Robinson, Warley-Talbert, Hamby",1628932-1629498-202658-203069-204324,LVA,99.0,1,3.0,3.0,6.0,,,,,,,87.27272727272728,13.666666666666666,13.666666666666666,,,,,,,,,,,,,,,0.4277,0.4277,,2.0,-6.0,3.0,8.0,1.0,1.0,1.0,,,19.333333333333332,19.333333333333332,,,,1.0,1.0,1.0,1.0,2.0,,2.0,2.0,1.0,1.0,,,1.0,2.0,,,,,,1.0,,,,2.0,1.0,1.0,0.5,0.5,0.5,,,,,,,,,0.5,,,,0.5,1.0,1.0,1.0,,,10.1,3.0,,,,,2.0,,,,,,,,,,,2.0,3.0,,,,0.5,,,,,,,1.0,1.0,2.0,,,,,,,1.0,,,,,,0.5,0.5,,,,,,,,,,,,,,,1.0,,,,,,,,,,,,,,,,,,,,,,,,,,,,,,,,,,,,,,,,,,,,,,,,,,,,,,,,,,,,,,,,,,1611661319,2020,2020,False
1628932-201881-202658-202670-203825,1611661319,"A'ja Wilson, Angel McCoughtry, Danielle Robinson, Carolyn Swords, Kayla McBride","Wilson, McCoughtry, Robinson, Swords, McBride",1628932-201881-202658-202670-203825,LVA,1336.0,6,48.0,8.0,95.0,9.0,14.0,19.0,0.75,0.7647058823529411,0.8,102.39520958083833,14.520833333333334,14.083333333333334,2.0,,2.0,,2.0,,5.0,0.047619047619047616,,0.2631578947368421,,0.047619047619047616,,0.35714285714285715,0.4434345238095238,0.4457,24.6,22.0,15.0,47.0,44.0,2.0,4.0,10.0,,13.0,13.595744680851064,13.170212765957446,10.0,13.0,8.0,18.0,3.0,9.0,21.0,40.0,11.0,59.0,24.0,12.0,14.0,5.0,4.0,3.0,30.0,4.0,1.0,2.0,1.0,5.0,,13.0,1.0,7.0,52.0,0.5714285714285714,0.631578947368421,0.525,0.5714285714285714,0.6145833333333334,0.5,1.0,0.8,0.75,0.30952380952380953,0.7692307692307693,0.7692307692307693,0.5,0.42857142857142855,0.4444444444444444,0.5,0.5,0.21428571428571427,0.3333333333333333,0.3333333333333333,1.0,0.14583333333333334,0.15217391304347827,8.5825,2.0,,2.0,2.0,2.0,4.0,6.0,2.0,2.0,2.0,8.0,2.0,1.0,3.0,1.0,3.0,4.0,2.0,1.0,1.0,1.0,1.0,1.0,,1.0,1.0,1.0,1.0,0.06779661016949153,0.0425531914893617,1.0,2.0,0.05,0.1111111111111111,,,,1.0,,18.0,2.0,,,1.0,1.0,,,,,4.0,2.0,4.0,5.0,0.2631578947368421,,0.4,0.50915,1.0,,,,0.6,,1.0,1.0,,7.0,0.7,0.16666666666666666,1.0,0.2,0.11864406779661017,2.0,,,,2.0,,4.0,,,,6.0,1.0,,,,,2.0,1.0,,0.5,0.7,,,,0.4,0.3333333333333333,,,,1.0,,,,,2.0,,0.11764705882352941,1.0,1.0,,,,1.0,,1.0,1.0,,,,,,,,1611661319,2020,2020,False
1628932-201881-202658-203411-204324,1611661319,"A'ja Wilson, Angel McCoughtry, Danielle Robinson, Sugar Rodgers, Dearica Hamby","Wilson, McCoughtry, Robinson, Rodgers, Hamby",1628932-201881-202658-203411-204324,LVA,622.0,3,21.0,,41.0,5.0,8.0,14.0,0.8333333333333334,0.8,0.8,94.91961414790997,15.666666666666666,15.380952380952381,3.0,1.0,5.0,2.0,3.0,2.0,6.0,0.2777777777777778,0.6666666666666666,0.6,1.0,0.16666666666666666,0.2,0.7777777777777778,0.4813555555555556,0.46463,24.759999999999998,10.0,13.0,20.0,12.0,2.0,5.0,5.0,,7.0,14.65,13.55,6.0,9.0,,4.0,,,6.0,13.0,7.0,25.0,8.0,4.0,6.0,4.0,,,14.0,3.0,,3.0,,2.0,,7.0,1.0,3.0,23.0,0.6666666666666666,0.8,0.46153846153846156,0.5,0.5952380952380952,0.6,,0.75,1.0,0.5,0.6666666666666666,0.8571428571428571,0.6666666666666666,0.2222222222222222,,,,,,,,0.15,0.2,3.376923076923077,10.0,2.0,1.0,2.0,4.0,14.0,6.0,1.0,2.0,1.0,4.0,2.0,3.0,3.0,3.0,3.0,14.0,10.0,1.0,0.4,0.4,1.0,0.5,0.1111111111111111,0.3333333333333333,0.3333333333333333,1.0,0.3333333333333333,0.56,0.5,3.0,3.0,0.23076923076923078,0.25,2.0,2.0,1.0,2.0,2.0,4.0,1.0,,1.0,0.6666666666666666,1.0,,0.4,1.0,1.0,3.0,3.0,3.0,4.0,0.5714285714285714,0.6666666666666666,0.75,0.38675,,,3.0,,,,1.0,1.0,,2.0,0.25,,1.0,0.25,0.08,1.0,1.0,1.0,1.0,1.0,,2.0,,,1.0,2.0,1.0,1.0,1.0,,1.0,,2.0,1.0,0.3333333333333333,0.25,,0.2222222222222222,,0.5,0.6666666666666666,0.5,0.5,1.0,0.3333333333333333,,0.2,1.0,,1.0,,0.14285714285714285,,,,,,,,,,,,,,,,,1611661319,2020,2020,False
1628932-202658-203411-203825-204324,1611661319,"A'ja Wilson, Danielle Robinson, Sugar Rodgers, Kayla McBride, Dearica Hamby","Wilson, Robinson, Rodgers, McBride, Hamby",1628932-202658-203411-203825-204324,LVA,599.0,5,21.0,10.0,41.0,4.0,7.0,7.0,0.6666666666666666,0.75,1.0,98.56427378964942,14.047619047619047,13.904761904761905,2.0,2.0,3.0,3.0,2.0,,,0.1875,,,,0.125,0.15384615384615385,0.4375,0.449940625,0.44188846153846156,25.433333333333334,10.0,2.0,20.0,21.0,,,3.0,,5.0,15.2,15.05,3.0,4.0,2.0,5.0,2.0,4.0,7.0,13.0,6.0,23.0,6.0,3.0,4.0,2.0,,1.0,9.0,2.0,1.0,,,2.0,,8.0,,4.0,23.0,0.42857142857142855,0.42857142857142855,0.5384615384615384,0.53125,0.575,,1.0,1.0,1.0,0.25,0.75,1.0,0.6666666666666666,0.3125,0.4,0.5,,0.25,0.5,0.5,0.5,0.2,0.23529411764705882,8.153846153846153,15.0,1.0,,1.0,3.0,16.0,3.0,,1.0,,1.0,,,,,,16.0,15.0,1.0,0.3333333333333333,0.3333333333333333,0.5333333333333333,,0.0625,,,,,0.6956521739130435,0.75,10.0,2.0,0.15384615384615385,0.2,2.0,3.0,,5.0,1.0,8.0,,,0.3333333333333333,0.5,0.5,,0.23076923076923078,0.6666666666666666,,1.0,,,,,,,,,,,,1.0,,,,,,,,0.3333333333333333,,,,1.0,1.0,1.0,,,,,,1.0,1.0,,,,,,,,1.0,,,,0.25,,,,1.0,1.0,1.0,,,0.07692307692307693,1.0,,,1.0,,,,,,,,,,,,,,,,,,1611661319,2020,2020,False
1629498-1629570-202658-203825-204324,1611661319,"Jackie Young, Megan Huff, Danielle Robinson, Kayla McBride, Dearica Hamby","Young, Huff, Robinson, McBride, Hamby",1629498-1629570-202658-203825-204324,LVA,25.0,1,1.0,1.0,1.0,,,,,,,57.599999999999994,23.0,23.0,,,,,,,,,,,,,,,,,,,,,,,,,,,,,,,,,,,,,,,,,,,,,,,,,,,,,,,,,,,,,,,,,,,,,,,,,,,,,,,,,,,,,,,,,,1.0,,,,,,,,,,,,,,,,,,,,,,,,,,,,,,,,,,,,,,,,,,,,,,,,,,,,,,,,,,,,,,,,,,,,,,,,1.0,,,,,,,,,,,,,,,,,,,,,,,,,,,,,,,,,,,,,,,,,,,1611661319,2020,2020,False
1629498-201881-202658-202670-204324,1611661319,"Jackie Young, Angel McCoughtry, Danielle Robinson, Carolyn Swords, Dearica Hamby","Young, McCoughtry, Robinson, Swords, Hamby",1629498-201881-202658-202670-204324,LVA,709.0,8,22.0,1.0,45.0,7.0,12.0,15.0,0.7777777777777778,0.8571428571428571,0.8,91.3963328631876,16.454545454545453,16.454545454545453,4.0,,4.0,,4.0,,3.0,0.2,,0.2222222222222222,,0.2,,0.55,0.45673,0.36905,24.35,12.0,9.0,23.0,17.0,2.0,4.0,3.0,,6.0,15.08695652173913,13.782608695652174,2.0,7.0,3.0,4.0,3.0,5.0,8.0,16.0,1.0,26.0,10.0,5.0,8.0,,2.0,3.0,19.0,5.0,,2.0,,,,4.0,,2.0,20.0,0.625,0.8333333333333334,0.5,0.625,0.5909090909090909,0.5,,1.0,1.0,0.35,0.2857142857142857,0.2857142857142857,,0.2,0.75,0.75,0.6666666666666666,0.25,0.6,0.6,1.0,0.09090909090909091,0.1111111111111111,9.0,2.0,,3.0,3.0,,2.0,9.0,3.0,3.0,3.0,,,2.0,,,,2.0,2.0,1.0,0.75,0.75,0.5,1.0,,0.75,0.75,1.0,0.75,0.07692307692307693,0.08695652173913043,2.0,,,,,1.0,,1.0,,6.0,,,,0.5,0.5,,0.5,,,4.0,2.0,3.0,2.0,0.25,0.4,0.6666666666666666,0.5399333333333333,1.0,,,,0.6666666666666666,1.0,,,,6.0,1.0,,1.0,,0.23076923076923078,2.0,,,,3.0,,4.0,,,,,,,1.0,,,,,,1.0,1.0,,,,,,,,,1.0,,,,,1.0,,0.1111111111111111,,,1.0,,,,1.0,,,,1.0,,,,,,1611661319,2020,2020,False
1629498-201881-202658-203825-204324,1611661319,"Jackie Young, Angel McCoughtry, Danielle Robinson, Kayla McBride, Dearica Hamby","Young, McCoughtry, Robinson, McBride, Hamby",1629498-201881-202658-203825-204324,LVA,124.0,3,4.0,4.0,8.0,1.0,1.0,1.0,1.0,1.0,,92.9032258064516,15.75,15.75,1.0,,1.0,,1.0,,,0.5,,,,0.5,,0.5,0.44915,,24.0,2.0,-7.0,4.0,7.0,1.0,1.0,1.0,,1.0,15.25,15.25,,,,,,1.0,,1.0,,,,,,,,,,,,,,,,,,,,,,,,,,,,,,,,,,,,,0.5,,,,,,17.7,1.0,,,,,,,,,,,,,,,,,1.0,,,,,,,,,,,,0.25,,,,,,,,,,,,,,,,,,,,,,,,,,,,1.0,,,,,,,,,,,,1.0,,,,,,,,,,,,,,,,,,,,,,,,,,,,,,,,,,,,,,1.0,,,,,,,,,,,,,,,,,,1611661319,2020,2020,False
1629498-201881-202670-203825-204324,1611661319,"Jackie Young, Angel McCoughtry, Carolyn Swords, Kayla McBride, Dearica Hamby","Young, McCoughtry, Swords, McBride, Hamby",1629498-201881-202670-203825-204324,LVA,290.0,2,8.0,,17.0,4.0,5.0,6.0,1.0,1.0,,84.41379310344828,19.875,19.875,,,,,,,1.0,,,0.25,,,,,0.38333333333333336,,,5.0,5.0,9.0,5.0,,1.0,2.0,,1.0,14.555555555555555,14.11111111111111,,,1.0,3.0,4.0,6.0,5.0,9.0,,10.0,4.0,2.0,2.0,,1.0,1.0,4.0,1.0,,1.0,,1.0,,,,,10.0,0.4,0.4,0.5555555555555556,0.5555555555555556,0.5555555555555556,1.0,,1.0,1.0,,,,,0.3333333333333333,0.3333333333333333,0.3333333333333333,1.0,0.6666666666666666,0.6666666666666666,0.6666666666666666,0.25,,,14.311111111111112,,,,,,,,,,,1.0,1.0,1.0,,,,,,,,,,,,,,,,,,,,,,,,,,,6.0,,,,,,,,,,1.0,,1.0,1.0,0.25,,,0.4056,,,,,1.0,,,,,,,0.5,1.0,,,,,,,,,,,,,,,,,,,,,,,,,,,,,,,,,,,,,,,,,,,,,,,,,,,,,,,,1611661319,2020,2020,False
1629498-201881-203825-204324-204332,1611661319,"Jackie Young, Angel McCoughtry, Kayla McBride, Dearica Hamby, Cierra Burdick","Young, McCoughtry, McBride, Hamby, Burdick",1629498-201881-203825-204324-204332,LVA,110.0,1,5.0,3.0,9.0,1.0,2.0,2.0,1.0,1.0,,117.81818181818183,9.6,9.6,,,,,,,,,,,,,,0.3333333333333333,0.3947,0.3947,,2.0,-3.0,4.0,8.0,,,2.0,,1.0,15.5,15.5,1.0,1.0,,1.0,1.0,1.0,2.0,3.0,1.0,5.0,2.0,1.0,1.0,1.0,,,2.0,,1.0,,,1.0,,2.0,,,5.0,0.5,0.5,0.6666666666666666,0.6666666666666666,0.625,,1.0,,,0.3333333333333333,1.0,1.0,1.0,0.3333333333333333,,,,0.3333333333333333,1.0,1.0,,,,9.633333333333333,4.0,,,,1.0,5.0,,,,,,,,,,,5.0,4.0,,,,0.625,,,,,,,1.0,1.0,3.0,,,,1.0,1.0,,2.0,,2.0,,,,0.6666666666666666,0.6666666666666666,,0.3333333333333333,1.0,,,,,,,,,,,,,,,,,,,,,,1.0,,,,,,,,,,,,,,,,,,1.0,,,1.0,,,,,,,,,,,,,,,,,1.0,,,,,,,,,,,,,,,,,,1611661319,2020,2020,False
1629498-202658-202670-203069-204324,1611661319,"Jackie Young, Danielle Robinson, Carolyn Swords, Avery Warley-Talbert, Dearica Hamby","Young, Robinson, Swords, Warley-Talbert, Hamby",1629498-202658-202670-203069-204324,LVA,43.0,1,2.0,2.0,4.0,,,,,,,133.95348837209303,10.5,10.5,,,,,,,,,,,,,,1.0,0.5344,0.5344,,1.0,-1.0,2.0,3.0,,,,,1.0,11.0,11.0,1.0,1.0,,,,,1.0,1.0,,2.0,,,,,,,,,,,,,,,,,2.0,,,1.0,1.0,1.0,,,,,1.0,1.0,1.0,,,,,,,,,,,,1.9,2.0,,,,,2.0,,,,,,,,,,,2.0,2.0,,,,1.0,,,,,,,1.0,1.0,1.0,,,,1.0,1.0,,1.0,,2.0,1.0,,,1.0,1.0,,1.0,1.0,,,,,,,,,,,,,,,,,,,,,,,,,,,,,,,,,,,,,,,,,,,,,,,,,,,,,,,,,,,,,,,,,,,,,,,,,,,,,,1611661319,2020,2020,False
1629498-202658-202670-203825-204324,1611661319,"Jackie Young, Danielle Robinson, Carolyn Swords, Kayla McBride, Dearica Hamby","Young, Robinson, Swords, McBride, Hamby",1629498-202658-202670-203825-204324,LVA,1316.0,11,47.0,15.0,92.0,12.0,18.0,21.0,0.75,0.7391304347826086,1.0,100.66869300911854,15.74468085106383,14.936170212765957,4.0,4.0,4.0,4.0,3.0,,3.0,0.10810810810810811,,0.13333333333333333,,0.10810810810810811,0.18181818181818182,0.3783783783783784,0.42330285714285715,0.44978999999999997,32.6,22.0,2.0,45.0,45.0,3.0,7.0,12.0,,11.0,12.8,12.022222222222222,9.0,10.0,6.0,15.0,3.0,8.0,18.0,33.0,8.0,47.0,18.0,9.0,10.0,5.0,2.0,2.0,21.0,5.0,1.0,4.0,3.0,3.0,1.0,13.0,3.0,8.0,43.0,0.5,0.5,0.5454545454545454,0.527027027027027,0.5595238095238095,0.5714285714285714,1.0,0.7142857142857143,0.6666666666666666,0.2702702702702703,0.9,0.9,0.5555555555555556,0.40540540540540543,0.4,0.4,0.3333333333333333,0.21621621621621623,0.375,0.375,0.6666666666666666,0.19047619047619047,0.21052631578947367,8.484848484848484,24.0,,1.0,1.0,5.0,30.0,3.0,1.0,1.0,1.0,6.0,4.0,1.0,1.0,1.0,1.0,30.0,24.0,1.0,0.25,0.3333333333333333,0.6,1.0,,0.25,0.25,1.0,0.3333333333333333,0.6382978723404256,0.5333333333333333,18.0,,,,7.0,7.0,1.0,11.0,1.0,18.0,1.0,,0.25,0.6111111111111112,0.5681818181818182,,0.3181818181818182,1.0,0.25,3.0,2.0,4.0,2.0,0.14285714285714285,,0.5,0.437625,1.0,,2.0,2.0,0.5,,,,,4.0,0.5,,0.6,,0.0851063829787234,2.0,,,,2.0,,,1.0,,,2.0,,,,,,,1.0,,0.5,0.5,,,,0.25,1.0,,,,1.0,1.0,,,,,2.0,,,,1.0,,,,0.3333333333333333,,,,,1.0,,,,,1611661319,2020,2020,False
1629498-202670-203411-203825-204324,1611661319,"Jackie Young, Carolyn Swords, Sugar Rodgers, Kayla McBride, Dearica Hamby","Young, Swords, Rodgers, McBride, Hamby",1629498-202670-203411-203825-204324,LVA,77.0,2,3.0,3.0,6.0,3.0,3.0,3.0,1.0,1.0,1.0,112.2077922077922,20.666666666666668,20.666666666666668,,,,,,,,,,,,,,,0.284,0.284,,1.0,3.0,3.0,,2.0,2.0,,,1.0,5.0,5.0,,,,,1.0,1.0,1.0,1.0,1.0,3.0,,,,,,,,,,,,,,2.0,,1.0,3.0,,,1.0,1.0,0.75,,,,,,,,,,,,,1.0,1.0,1.0,,0.5,0.5,15.8,3.0,,,,1.0,3.0,,,,,,,,,,,3.0,3.0,,,,0.75,,,,,,,1.0,1.0,1.0,,,,,,,1.0,,2.0,,,,1.0,1.0,,,,,,,,,,,,,1.0,1.0,2.0,,,,,,,,,,1.0,,,,,,,,,,,,,,,,,,,,,,,,,,,,,,,,,,,,,,,,,,,,,,,,,,,,,,,,1611661319,2020,2020,False
1628263-1628932-1629498-201881-203825,1611661319,"Lindsay Allen, A'ja Wilson, Jackie Young, Angel McCoughtry, Kayla McBride","Allen, Wilson, Young, McCoughtry, McBride",1628263-1628932-1629498-201881-203825,LVA,33.0,1,1.0,,2.0,,,1.0,,,,87.27272727272727,3.0,3.0,1.0,,1.0,,1.0,,1.0,0.5,,0.5,,0.5,,0.5,0.4837,,25.4,1.0,-2.0,1.0,2.0,,,,,1.0,30.0,27.0,,,,1.0,,,,1.0,,,,,,,,,,,,,,,,1.0,,,,,,,,,,,,,,,,,0.5,,,,,,,,,,10.8,,,,,,,,,,,,,,,,,,,,,,,,,,,,,,,,,,,,,,,,,,1.0,,,,,,,,,,,1.0,1.0,,,,,,,,,,,,,,,,,,,,,,,,,,,,,,,,,,,,,,,,,,,1.0,,,,,,,,,,,,,,,,,,,,,,,,,,,,,1611661319,2020,2020,False
1628263-1628932-1629498-201881-204324,1611661319,"Lindsay Allen, A'ja Wilson, Jackie Young, Angel McCoughtry, Dearica Hamby","Allen, Wilson, Young, McCoughtry, Hamby",1628263-1628932-1629498-201881-204324,LVA,831.0,3,27.0,1.0,53.0,5.0,8.0,11.0,0.5,0.5333333333333333,0.5,91.84115523465704,16.51851851851852,14.62962962962963,2.0,1.0,3.0,1.0,2.0,,3.0,0.11538461538461539,,0.21428571428571427,,0.07692307692307693,0.16666666666666666,0.23076923076923078,0.43791153846153846,0.4340916666666667,24.233333333333334,14.0,-1.0,26.0,26.0,1.0,3.0,4.0,,6.0,14.807692307692308,14.538461538461538,3.0,3.0,6.0,14.0,3.0,6.0,12.0,23.0,1.0,25.0,16.0,8.0,8.0,2.0,4.0,2.0,16.0,3.0,,2.0,2.0,2.0,1.0,1.0,1.0,1.0,23.0,0.6666666666666666,0.7272727272727273,0.5217391304347826,0.46153846153846156,0.4807692307692308,0.6666666666666666,,0.6,0.6666666666666666,0.11538461538461539,1.0,1.0,0.6666666666666666,0.5384615384615384,0.42857142857142855,0.46153846153846156,0.6666666666666666,0.23076923076923078,0.5,0.5,0.6666666666666666,0.038461538461538464,0.043478260869565216,9.747826086956522,6.0,1.0,,,,,,,,,5.0,3.0,,2.0,2.0,2.0,,6.0,,,,,0.5,0.038461538461538464,,,,,,0.23076923076923078,5.0,1.0,0.043478260869565216,0.07142857142857142,,,,,,8.0,1.0,,,,,,,,,3.0,1.0,3.0,3.0,0.2727272727272727,,0.3333333333333333,0.47153333333333336,,,2.0,,,,,,,2.0,0.3333333333333333,,0.6,,0.08,1.0,,,,1.0,,2.0,,,,2.0,,,1.0,,,,1.0,,0.3333333333333333,0.3333333333333333,,,,0.375,0.5,,,,1.0,,,,,,,,,,,,,,,,,,,,,,,,1611661319,2020,2020,False
1628263-1628932-1629498-202658-203069,1611661319,"Lindsay Allen, A'ja Wilson, Jackie Young, Danielle Robinson, Avery Warley-Talbert","Allen, Wilson, Young, Robinson, Warley-Talbert",1628263-1628932-1629498-202658-203069,LVA,26.0,1,1.0,1.0,2.0,,,,,,,110.76923076923076,15.0,15.0,1.0,1.0,1.0,1.0,,,,1.0,,,,1.0,1.0,1.0,,,57.6,,-2.0,1.0,2.0,,,,,,11.0,11.0,,,,,,,,,,,,,,,,,,,,,,,,,,,,,,,,,,,,,,,,,,,,,,,,,,,,1.0,,,,,,,,,,,,,,,,,1.0,,,,,,,,,,,,1.0,,,,,,,,,,,,,,,,,,,,,,,,,,,,,,,,,,,,,,,,,,,,,,,,,,1.0,,,,,,,,,,,,,,,,,,,,,,,,,,,,,,,,,,,,,,,,,,,,,,1611661319,2020,2020,False
1628263-1628932-1629498-203411-204324,1611661319,"Lindsay Allen, A'ja Wilson, Jackie Young, Sugar Rodgers, Dearica Hamby","Allen, Wilson, Young, Rodgers, Hamby",1628263-1628932-1629498-203411-204324,LVA,220.0,2,6.0,,13.0,2.0,3.0,3.0,0.6666666666666666,0.75,1.0,85.0909090909091,17.666666666666668,16.166666666666668,,,,,,,,,,,,,,0.8333333333333334,0.40231666666666666,,,4.0,3.0,7.0,8.0,,,,,3.0,16.285714285714285,16.285714285714285,3.0,5.0,,,1.0,1.0,4.0,6.0,3.0,11.0,2.0,1.0,1.0,1.0,,,2.0,1.0,,,,,,3.0,1.0,2.0,11.0,0.25,0.25,0.6666666666666666,0.6666666666666666,0.7857142857142857,,,1.0,1.0,0.8333333333333334,0.6,0.6,0.3333333333333333,,,,,0.16666666666666666,1.0,1.0,,0.2857142857142857,0.2857142857142857,5.5,,,,,,,,,,,,,,,,,,,,,,,,,,,,,,,,,,,,,,,,6.0,,,,,,,,,,,,,,,,,,,,,,1.0,,,,,,,,,,,,,,,,,,,,,,,,,,,,,,,,,,,,,,,,,,,,,,,,,,,,,,,,,,,,,,,,1611661319,2020,2020,False
1628263-1628932-203411-203825-204324,1611661319,"Lindsay Allen, A'ja Wilson, Sugar Rodgers, Kayla McBride, Dearica Hamby","Allen, Wilson, Rodgers, McBride, Hamby",1628263-1628932-203411-203825-204324,LVA,78.0,1,3.0,,6.0,,,,,,,110.76923076923076,15.333333333333334,13.0,,,,,,,,,,,,,,0.5,0.37885,,,1.0,-3.0,3.0,6.0,,,1.0,,1.0,10.666666666666666,10.666666666666666,,1.0,,,1.0,1.0,1.0,2.0,1.0,3.0,2.0,1.0,1.0,,,1.0,2.0,,,,,1.0,,2.0,,1.0,3.0,1.0,1.0,0.5,0.5,0.5,,,,,0.5,,,,,,,,0.5,1.0,1.0,1.0,0.3333333333333333,0.3333333333333333,11.55,,,,,,,,,,,,,,1.0,1.0,1.0,,,,,,,,,,,,,,,,,,,,,,,,,,,,,,,,,,,,,,,,,,,,,,,,,,,,,,,,,,,,,,,,,,,,,,,,,,,,,,,,,,,,,,,,,,,,,,,,,,,,,,,,,,,,,,1611661319,2020,2020,False
1628263-1629498-202658-203825-204324,1611661319,"Lindsay Allen, Jackie Young, Danielle Robinson, Kayla McBride, Dearica Hamby","Allen, Young, Robinson, McBride, Hamby",1628263-1629498-202658-203825-204324,LVA,15.0,2,2.0,2.0,3.0,,1.0,1.0,,1.0,,288.0,6.0,6.0,,,,,,,,,,,,,,,,,,,-3.0,1.0,3.0,,,,,,3.0,3.0,,,,,,,,,,,,,,,,,,1.0,,,,,,,,,,,,,,,,,1.0,1.0,,,,,,,,,,,,,,,,1.0,,,,,,,,,,,,,,,,,1.0,,,,,,,,,,,,1.0,,,,,,,,,,,,,,,,,,,,,,,,,,,,,,,,,,,,,,,,,,,,,,,,,,,,,,,,,,,,,,,,,,,,,,,,,,,,,,,,,,,,,,,,,,,,,,,,1611661319,2020,2020,False
1628263-1629498-203411-204324-204332,1611661319,"Lindsay Allen, Jackie Young, Sugar Rodgers, Dearica Hamby, Cierra Burdick","Allen, Young, Rodgers, Hamby, Burdick",1628263-1629498-203411-204324-204332,LVA,86.0,1,3.0,3.0,6.0,,,1.0,,,,100.46511627906976,9.333333333333334,9.333333333333334,1.0,,1.0,,1.0,,1.0,0.3333333333333333,,0.5,,0.3333333333333333,,1.0,0.44675,,26.5,1.0,-1.0,3.0,3.0,,1.0,,,,19.333333333333332,19.0,1.0,2.0,,,,,1.0,2.0,,2.0,,,,,,,,,,1.0,1.0,,,,,,,,,0.5,0.3333333333333333,0.3333333333333333,1.0,,,,0.6666666666666666,0.5,1.0,,,,,,,,,,,,1.7,,,,,,,,,,,1.0,,,,,,,,,,,,,,,,,,,,,1.0,0.5,,,,,,,2.0,,,,,,,,,,1.0,1.0,1.0,1.0,1.0,1.0,1.0,0.3277,,,,,,,,,,2.0,1.0,,,,1.0,1.0,,,,1.0,,2.0,,,,1.0,,,,,,,,,1.0,1.0,,0.5,,,,,,,1.0,,,,,,,,,,,,,,,,,,,,,,,,1611661319,2020,2020,False
1628263-1629570-202670-203411-204332,1611661319,"Lindsay Allen, Megan Huff, Carolyn Swords, Sugar Rodgers, Cierra Burdick","Allen, Huff, Swords, Rodgers, Burdick",1628263-1629570-202670-203411-204332,LVA,191.0,1,6.0,,12.0,1.0,5.0,5.0,1.0,1.0,,90.47120418848168,11.833333333333334,11.833333333333334,,,,,,,,,,,,,,,0.3197,0.3091,,3.0,2.0,6.0,,1.0,1.0,,,1.0,20.0,20.0,,,1.0,3.0,,1.0,1.0,4.0,,2.0,,,,,,,,3.0,1.0,,,,,,,,2.0,,,0.25,0.25,0.25,,1.0,1.0,1.0,,,,,0.75,0.3333333333333333,0.3333333333333333,,0.25,,,,,,10.2,4.0,,,,,2.0,,,,,1.0,,,,,,2.0,4.0,,,,0.3333333333333333,,,,,,,1.0,0.6666666666666666,3.0,,,,,,,1.0,,2.0,,,,0.3333333333333333,0.3333333333333333,,,,,,,,,,,,,,,,,,,,,,,,,1.0,,,,,,,,,,,,,1.0,1.0,,,,,,,,,,,,,,,,,,,,,,,,,,,,,,,,,,,,,,,,,,1611661319,2020,2020,False
1628932-1629498-201881-202658-202670,1611661319,"A'ja Wilson, Jackie Young, Angel McCoughtry, Danielle Robinson, Carolyn Swords","Wilson, Young, McCoughtry, Robinson, Swords",1628932-1629498-201881-202658-202670,LVA,524.0,3,19.0,,36.0,3.0,8.0,14.0,1.0,1.0,1.0,98.93129770992367,12.421052631578947,12.421052631578947,1.0,1.0,1.0,1.0,1.0,1.0,6.0,0.05263157894736842,1.0,0.5,1.0,0.05263157894736842,0.1,0.42105263157894735,0.4490868421052632,0.461775,24.5,9.0,3.0,17.0,13.0,1.0,3.0,1.0,,2.0,16.941176470588236,15.470588235294118,3.0,7.0,2.0,7.0,2.0,4.0,7.0,18.0,2.0,16.0,8.0,4.0,4.0,1.0,1.0,2.0,8.0,5.0,,2.0,1.0,1.0,,2.0,,1.0,10.0,0.5714285714285714,0.8,0.3888888888888889,0.3684210526315789,0.4,0.6666666666666666,,1.0,1.0,0.3684210526315789,0.42857142857142855,0.42857142857142855,0.3333333333333333,0.3684210526315789,0.2857142857142857,0.2857142857142857,0.5,0.21052631578947367,0.5,0.5,1.0,0.05,0.05263157894736842,7.305555555555555,8.0,,,,,10.0,,,,,1.0,,1.0,1.0,1.0,1.0,10.0,8.0,,,,0.5,1.0,,,,,,0.625,0.47058823529411764,9.0,,,,3.0,3.0,,5.0,,6.0,1.0,,,0.5555555555555556,0.5,,0.3,1.0,,4.0,4.0,4.0,5.0,0.45454545454545453,0.5,0.8,0.5652875,1.0,,1.0,,1.0,,1.0,1.0,2.0,6.0,0.5,1.0,,0.2,0.375,2.0,,,,2.0,,4.0,,,,1.0,,,,,,,,,0.5,0.4,,,,0.2,,,,,0.5,,,,,1.0,,0.08333333333333333,,,,,,,,,,,,,,,,,1611661319,2020,2020,False
1628932-201881-202658-203825-204324,1611661319,"A'ja Wilson, Angel McCoughtry, Danielle Robinson, Kayla McBride, Dearica Hamby","Wilson, McCoughtry, Robinson, McBride, Hamby",1628932-201881-202658-203825-204324,LVA,2805.0,15,97.0,18.0,190.0,14.0,34.0,46.0,0.6086956521739131,0.6739130434782609,0.5714285714285714,97.54010695187166,14.948453608247423,13.938144329896907,11.0,1.0,12.0,1.0,11.0,,12.0,0.1518987341772152,,0.2727272727272727,,0.13924050632911392,0.08333333333333333,0.43037974683544306,0.4524639240506329,0.39153750000000004,24.541666666666668,47.0,-5.0,93.0,108.0,3.0,10.0,14.0,,35.0,14.56989247311828,14.204301075268818,12.0,22.0,11.0,29.0,7.0,16.0,30.0,67.0,31.0,103.0,38.0,19.0,23.0,8.0,5.0,6.0,50.0,17.0,3.0,7.0,2.0,7.0,,41.0,2.0,16.0,92.0,0.6333333333333333,0.6551724137931034,0.44776119402985076,0.45569620253164556,0.5153061224489796,0.7,1.0,0.7391304347826086,0.7894736842105263,0.27848101265822783,0.5454545454545454,0.631578947368421,0.6666666666666666,0.3670886075949367,0.3793103448275862,0.4782608695652174,0.45454545454545453,0.20253164556962025,0.4375,0.4666666666666667,0.8571428571428571,0.17204301075268819,0.19753086419753085,8.528358208955224,17.0,1.0,3.0,4.0,12.0,20.0,12.0,3.0,4.0,3.0,5.0,2.0,5.0,3.0,1.0,3.0,20.0,17.0,1.0,0.3333333333333333,0.3333333333333333,0.5,0.5,0.012658227848101266,0.2727272727272727,0.2727272727272727,1.0,0.2727272727272727,0.1941747572815534,0.1827956989247312,11.0,10.0,0.14925373134328357,0.20689655172413793,1.0,2.0,,4.0,,22.0,1.0,2.0,,0.36363636363636365,0.3333333333333333,0.0625,0.16666666666666666,0.5,,11.0,1.0,8.0,12.0,0.32432432432432434,0.3,0.1111111111111111,0.4632333333333334,1.0,,1.0,1.0,0.6,2.0,1.0,1.0,3.0,11.0,0.5,0.5555555555555556,0.6363636363636364,0.1111111111111111,0.10679611650485436,,1.0,,,4.0,,2.0,,,1.0,3.0,2.0,,1.0,,5.0,2.0,,4.0,0.5,0.4444444444444444,,0.13636363636363635,,0.2222222222222222,,1.0,1.0,1.0,,,,,,1.0,,0.029411764705882353,,,,,,,,,,,,,1.0,,,,1611661319,2020,2020,False
1628932-202658-202670-203411-203825,1611661319,"A'ja Wilson, Danielle Robinson, Carolyn Swords, Sugar Rodgers, Kayla McBride","Wilson, Robinson, Swords, Rodgers, McBride",1628932-202658-202670-203411-203825,LVA,83.0,1,3.0,,7.0,,,,,,,121.44578313253012,12.333333333333334,12.333333333333334,,,,,,,,,,,,,,,0.4032,,,1.0,-2.0,4.0,5.0,1.0,1.0,,,1.0,11.5,11.5,,,1.0,1.0,,1.0,1.0,2.0,1.0,3.0,2.0,1.0,1.0,,1.0,,2.0,,,,,,,2.0,,1.0,3.0,1.0,1.0,0.5,0.5,0.5,,,,,,,,,0.5,1.0,1.0,1.0,0.5,,,,0.3333333333333333,0.3333333333333333,12.25,,,,,,,,,,,1.0,1.0,,,,,,,,,,,,,,,,,,,,,,,,,,,,,,,,,,,,,,,,,,,,,,,,,,,,,,,,,,,,,,,,,,,,,,,,1.0,,,,,,,,,,,,,,,,,,,,,,,,,,,,,,,,,,,,,,,,,,1611661319,2020,2020,False
1629498-1629570-202658-203411-204332,1611661319,"Jackie Young, Megan Huff, Danielle Robinson, Sugar Rodgers, Cierra Burdick","Young, Huff, Robinson, Rodgers, Burdick",1629498-1629570-202658-203411-204332,LVA,122.0,2,4.0,1.0,9.0,,,,,,,106.22950819672131,11.0,11.0,,,2.0,1.0,,,,1.0,,,,,,1.0,0.54195,0.5307,23.5,2.0,-6.0,5.0,9.0,1.0,2.0,1.0,1.0,,15.6,15.6,,,,,,,,,,3.0,,,,,,,,,,1.0,,,,,,,3.0,,,,0.75,0.75,0.5,,,,,,,,,,,,,,,,,,,2.0,2.0,,1.0,,,,,,,,,1.0,,,,,2.0,,0.5,0.5,,,1.0,,,,,,0.4,,,,,,,,,,,,,,,,,,,,,,,,,,,,,,,,,,,,,,,,,,,,1.0,,1.0,,3.0,,,,,,,,,,,,,,,,,,,,,0.5,0.5,,,,1.0,,,,,,,,,,,,,,,,,,,,,,1611661319,2020,2020,False
1629498-201881-202658-203069-204324,1611661319,"Jackie Young, Angel McCoughtry, Danielle Robinson, Avery Warley-Talbert, Dearica Hamby","Young, McCoughtry, Robinson, Warley-Talbert, Hamby",1629498-201881-202658-203069-204324,LVA,281.0,1,11.0,2.0,21.0,4.0,7.0,10.0,1.0,0.875,1.0,107.61565836298932,13.636363636363637,13.090909090909092,,,,,,,3.0,,,0.75,,,,0.3,0.47209,0.40730000000000005,,5.0,11.0,10.0,3.0,1.0,2.0,3.0,,3.0,13.1,11.5,2.0,3.0,2.0,4.0,2.0,3.0,6.0,10.0,2.0,14.0,6.0,3.0,3.0,,1.0,2.0,6.0,3.0,,1.0,,1.0,1.0,2.0,,1.0,10.0,0.5,0.6,0.6,0.6,0.6363636363636364,0.5,,0.75,0.6666666666666666,0.3,0.6666666666666666,0.6666666666666666,,0.4,0.5,0.6666666666666666,0.5,0.3,0.6666666666666666,0.6666666666666666,1.0,0.09090909090909091,0.09090909090909091,8.59,4.0,,,,,6.0,,,,,1.0,1.0,1.0,,,,6.0,4.0,,,,0.6,1.0,,,,,,0.42857142857142855,0.4,5.0,1.0,0.1,0.25,,,,3.0,,6.0,1.0,,,0.6,0.6,,,,,2.0,1.0,3.0,3.0,0.75,1.0,0.3333333333333333,0.48546666666666666,,,1.0,,,,,,,4.0,0.6666666666666666,,1.0,,0.2857142857142857,1.0,,,,2.0,,2.0,,,,,,,,,,,,,0.6666666666666666,0.6666666666666666,,,,1.0,,,,,1.0,,,,,2.0,,0.6666666666666666,,,,,,,,,,,,,,,,,1611661319,2020,2020,False
1629498-202658-203069-203825-204324,1611661319,"Jackie Young, Danielle Robinson, Avery Warley-Talbert, Kayla McBride, Dearica Hamby","Young, Robinson, Warley-Talbert, McBride, Hamby",1629498-202658-203069-203825-204324,LVA,82.0,1,3.0,,6.0,,1.0,1.0,,0.3333333333333333,,105.36585365853658,16.333333333333332,14.333333333333334,1.0,,1.0,,1.0,,,0.5,,,,0.5,,0.5,0.467575,,24.9,1.0,1.0,3.0,2.0,,1.0,1.0,,,11.0,11.0,,,,,,1.0,,1.0,,3.0,,,1.0,,,,3.0,1.0,,1.0,1.0,,,,,,3.0,,,,0.75,0.75,1.0,,0.3333333333333333,0.3333333333333333,,,,,,,,,0.5,,,,,,20.7,,,1.0,1.0,,,3.0,1.0,1.0,1.0,1.0,1.0,,,,,,,1.0,1.0,1.0,,,,1.0,1.0,1.0,1.0,,,,,,,,,,,,,,,,,,,,,,,,,,,,,,,,,,,,,,,,,,,,,,,,,,,,,,,,,,,,,,,,,,,,,,,,,,,,,,,,,,,,,,,,,,,,,,,,,,1611661319,2020,2020,False
1629498-202658-203411-204324-204332,1611661319,"Jackie Young, Danielle Robinson, Sugar Rodgers, Dearica Hamby, Cierra Burdick","Young, Robinson, Rodgers, Hamby, Burdick",1629498-202658-203411-204324-204332,LVA,345.0,3,12.0,1.0,22.0,2.0,3.0,3.0,1.0,0.6,1.0,91.82608695652173,14.833333333333334,13.5,3.0,3.0,3.0,3.0,3.0,,,0.3333333333333333,,,,0.3333333333333333,0.6,0.3333333333333333,0.43915,0.42285000000000006,25.166666666666668,6.0,-8.0,10.0,19.0,1.0,2.0,3.0,,1.0,16.7,16.7,,,2.0,3.0,2.0,3.0,4.0,6.0,,11.0,4.0,2.0,3.0,,1.0,1.0,7.0,1.0,,1.0,1.0,2.0,,,,,11.0,0.5,0.5,0.6666666666666666,0.6111111111111112,0.6111111111111112,0.5,,0.3333333333333333,0.3333333333333333,,,,,0.3333333333333333,0.6666666666666666,0.6666666666666666,0.5,0.3333333333333333,0.6666666666666666,0.6666666666666666,0.5,,,10.933333333333332,5.0,,1.0,1.0,,5.0,3.0,1.0,1.0,1.0,1.0,,,,,,5.0,5.0,1.0,0.3333333333333333,0.3333333333333333,0.5,,,0.3333333333333333,0.3333333333333333,1.0,0.3333333333333333,0.45454545454545453,0.5,2.0,,,,,,1.0,1.0,1.0,4.0,,,0.3333333333333333,0.5,0.5,,,,0.3333333333333333,,,,,,,,,,,,,,,,,,,,,1.0,,,,,,,,,,,,,1.0,,,,,,,,,,,,,,,,,,,,,,,,,,,,,,,,,,,,,,,,,,,1611661319,2020,2020,False
1628263-1629498-202658-203411-204324,1611661319,"Lindsay Allen, Jackie Young, Danielle Robinson, Sugar Rodgers, Dearica Hamby","Allen, Young, Robinson, Rodgers, Hamby",1628263-1629498-202658-203411-204324,LVA,5.0,1,1.0,1.0,1.0,,,,,,,288.0,5.0,5.0,,,,,,,,,,,,,,,,,,,-3.0,,3.0,,,,,,,,,,,,,,,,,,,,,,,,,,,,,,,,,,,,,,,,,,,,,,,,,,,,,,,,,,,,,,,,,,,,,,,,,,,,,,,,,,,,,,,,,,,,,,,,,,,,,,,,,,,,,,,,,,,,,,,,,,,,,,,,,,,,,,,,,,,,,,,,,,,,,,,,,,,,,,,,,,,,,,,,,,,,,,,,,,,,,,,,1611661319,2020,2020,False
1628932-1629498-201881-202670-203825,1611661319,"A'ja Wilson, Jackie Young, Angel McCoughtry, Carolyn Swords, Kayla McBride","Wilson, Young, McCoughtry, Swords, McBride",1628932-1629498-201881-202670-203825,LVA,654.0,6,25.0,1.0,49.0,7.0,10.0,12.0,0.7777777777777778,0.7692307692307693,0.7142857142857143,107.88990825688073,12.88,12.32,4.0,,4.0,,4.0,,2.0,0.17391304347826086,,0.16666666666666666,,0.17391304347826086,,0.43478260869565216,0.45374565217391305,,24.675,11.0,2.0,24.0,25.0,1.0,2.0,3.0,,3.0,13.833333333333334,13.541666666666666,5.0,6.0,3.0,10.0,,3.0,8.0,19.0,2.0,27.0,12.0,6.0,9.0,3.0,3.0,,21.0,3.0,,1.0,,1.0,1.0,2.0,,1.0,25.0,0.75,0.75,0.42105263157894735,0.5434782608695652,0.5625,0.5,,0.75,0.6666666666666666,0.2608695652173913,0.8333333333333334,0.8333333333333334,0.6,0.43478260869565216,0.3,0.3,1.0,0.13043478260869565,,,,0.041666666666666664,0.05,8.06842105263158,,,3.0,3.0,,,9.0,3.0,3.0,3.0,3.0,,1.0,1.0,1.0,1.0,,,1.0,0.75,0.75,,1.0,,0.75,0.75,1.0,0.75,,,,,,,,,,,,4.0,,,,,,,,,,2.0,2.0,2.0,2.0,0.18181818181818182,,1.0,0.58545,,,,,1.0,1.0,,,,2.0,0.5,,1.0,,0.07407407407407407,1.0,,,,1.0,,,,,,3.0,,,,,,,1.0,,0.5,0.5,,,,0.2857142857142857,1.0,,,,0.5,1.0,,,,,,,,,,,,,,,,,,,,,,,1611661319,2020,2020,False
1629498-1629570-202658-203411-204324,1611661319,"Jackie Young, Megan Huff, Danielle Robinson, Sugar Rodgers, Dearica Hamby","Young, Huff, Robinson, Rodgers, Hamby",1629498-1629570-202658-203411-204324,LVA,121.0,1,3.0,,7.0,1.0,2.0,2.0,0.5,0.3333333333333333,,83.30578512396694,19.666666666666668,18.0,,,,,,,,,,,,,,0.3333333333333333,0.3954,,,2.0,-2.0,4.0,4.0,1.0,1.0,2.0,1.0,,15.5,15.5,1.0,1.0,,2.0,,,1.0,3.0,,2.0,2.0,1.0,1.0,1.0,,,2.0,,1.0,,,1.0,,,,,2.0,1.0,1.0,0.3333333333333333,0.3333333333333333,0.3333333333333333,,1.0,,,0.3333333333333333,1.0,1.0,1.0,0.6666666666666666,,,,,,,,,,9.966666666666667,,,,,,,,,,,,,,,,,,,,,,,,,,,,,,,,1.0,0.3333333333333333,0.5,,,,,,,,,,,,,,,,,,,,,,,,,,,,1.0,,,,,,,,,,,,,,,,,,,,,,,,,,,,,,,,,,,,,,,,,,,,,,,,,,,,,,,,,,,,,,,,1611661319,2020,2020,False
1629498-201881-202658-203411-204324,1611661319,"Jackie Young, Angel McCoughtry, Danielle Robinson, Sugar Rodgers, Dearica Hamby","Young, McCoughtry, Robinson, Rodgers, Hamby",1629498-201881-202658-203411-204324,LVA,152.0,2,5.0,,11.0,1.0,3.0,6.0,1.0,1.0,1.0,104.21052631578948,17.4,17.4,2.0,,2.0,,2.0,1.0,3.0,0.2857142857142857,1.0,1.0,1.0,0.2857142857142857,,0.5714285714285714,0.5252857142857142,0.4461,25.4,3.0,11.0,6.0,,1.0,1.0,,,1.0,10.833333333333334,9.166666666666666,,2.0,3.0,3.0,,,3.0,5.0,2.0,11.0,4.0,2.0,3.0,,2.0,,7.0,2.0,,,,,,2.0,,1.0,9.0,0.6666666666666666,0.6666666666666666,0.6,0.6428571428571429,0.6875,,,1.0,1.0,0.2857142857142857,,,,0.42857142857142855,1.0,1.0,0.6666666666666666,,,,,0.125,0.16666666666666666,3.56,3.0,,1.0,1.0,,4.0,3.0,1.0,1.0,1.0,1.0,,,,,,4.0,3.0,1.0,0.5,0.5,1.0,,,0.5,0.5,1.0,0.5,0.36363636363636365,0.5,2.0,,,,,,,2.0,,2.0,,,,1.0,1.0,,,,,1.0,2.0,3.0,2.0,1.0,1.0,0.6666666666666666,0.52645,,1.0,1.0,,,,,,,2.0,0.3333333333333333,,,,0.18181818181818182,,,,,1.0,,,,,,1.0,,,,,,,,,0.3333333333333333,0.3333333333333333,,,,,,,,,,,,,,1.0,,0.3333333333333333,,,,,,,,,,,,,,,,,1611661319,2020,2020,False
201881-202658-202670-203411-204324,1611661319,"Angel McCoughtry, Danielle Robinson, Carolyn Swords, Sugar Rodgers, Dearica Hamby","McCoughtry, Robinson, Swords, Rodgers, Hamby",201881-202658-202670-203411-204324,LVA,203.0,2,7.0,,14.0,3.0,4.0,4.0,1.0,1.0,1.0,99.3103448275862,16.142857142857142,16.142857142857142,1.0,1.0,1.0,1.0,1.0,,,0.2,,,,0.2,1.0,0.2,0.42938,0.5076,26.9,3.0,3.0,7.0,4.0,1.0,2.0,2.0,,,12.857142857142858,12.857142857142858,,,1.0,3.0,1.0,1.0,2.0,4.0,,7.0,4.0,2.0,3.0,,1.0,1.0,7.0,1.0,,1.0,,,1.0,,,,7.0,1.0,1.0,0.5,0.7,0.7,0.5,,1.0,1.0,,,,,0.6,0.3333333333333333,0.3333333333333333,1.0,0.2,1.0,1.0,1.0,,,10.025,3.0,,1.0,1.0,,3.0,3.0,1.0,1.0,1.0,,,1.0,,,,3.0,3.0,1.0,1.0,1.0,1.5,,,1.0,1.0,1.0,1.0,0.42857142857142855,0.42857142857142855,,,,,,,1.0,,1.0,,,,1.0,,1.5,,,,1.0,,,,,,,,,,,2.0,,,,,,,,,,,,,,,,,,,,,,,,,,,,,,,,,,,,,,,,,,,,,,,,,,,,,,,,,,,,,,,,,,1611661319,2020,2020,False
1628932-1629498-203069-203825-204324,1611661319,"A'ja Wilson, Jackie Young, Avery Warley-Talbert, Kayla McBride, Dearica Hamby","Wilson, Young, Warley-Talbert, McBride, Hamby",1628932-1629498-203069-203825-204324,LVA,68.0,1,2.0,,4.0,2.0,2.0,2.0,1.0,1.0,,84.70588235294117,22.0,22.0,1.0,1.0,1.0,1.0,1.0,,,1.0,,,,1.0,1.0,1.0,0.4161,0.4161,26.4,1.0,,2.0,,1.0,1.0,1.0,,,12.0,12.0,,,,,,,,,,,,,,,,,,,,,,,,,,,,,,,,,,,,,,,,,,,,,,,,,,,,2.0,,,,,,,,,,,,,,,,,2.0,,,,,,,,,,,,1.0,,,,,,,,,,,,,,,,,,,,,,,,,,,,,,1.0,,,,,,,,,,1.0,,,,,,,,,,,,,,1.0,,,,,,,,,,,,,,,,,,,,,,,,,,,,,,,,,,,,,,,,,,1611661319,2020,2020,False
1629498-202658-203411-203825-204324,1611661319,"Jackie Young, Danielle Robinson, Sugar Rodgers, Kayla McBride, Dearica Hamby","Young, Robinson, Rodgers, McBride, Hamby",1629498-202658-203411-203825-204324,LVA,7.0,2,1.0,,2.0,,,,,,,411.42857142857144,1.0,1.0,,,,,,,,,,,,,,,0.3066,0.3066,,,2.0,1.0,,,,,,,6.0,6.0,,,1.0,1.0,,,1.0,1.0,,2.0,2.0,1.0,1.0,,1.0,,2.0,,,,,,,,,,2.0,1.0,1.0,1.0,1.0,1.0,,,,,,,,,1.0,1.0,1.0,1.0,,,,,,,5.4,1.0,,,,,2.0,,,,,,,,,,,2.0,1.0,,,,1.0,,,,,,,1.0,1.0,1.0,,,,,,,1.0,,,,,,1.0,1.0,,,,,,,,,,,,,,,,,,,,,,,,,,,,,,,,,,,,,,,,,,,,,,,,,,,,,,,,,,,,,,,,,,,,,,,,,,,,,,,,,1611661319,2020,2020,False
1628263-1629498-203825-204324-204332,1611661319,"Lindsay Allen, Jackie Young, Kayla McBride, Dearica Hamby, Cierra Burdick","Allen, Young, McBride, Hamby, Burdick",1628263-1629498-203825-204324-204332,LVA,69.0,2,2.0,2.0,4.0,,,,,,,83.47826086956522,19.5,19.0,,,,,,,,,,,,,,,0.3539,0.3539,,1.0,-3.0,2.0,3.0,1.0,1.0,3.0,1.0,,15.0,15.0,,,,1.0,,,,1.0,,,,,,,,,,,,,,2.0,,,,,,,,,,,,,,,,,,,1.0,,,,,,,,,,12.5,2.0,,,,,,,,,,,,,,,,,2.0,,,,,,,,,,,,1.0,1.0,,,,,,,,,,,,,,,,,,,,,,,,,,,,,1.0,,,,,,,,,,,,,,,,,,,,,,,,,,,,,,,,,,,,,,,,,,,,,,,,,,,,,,,,,,,,,,,,,,1611661319,2020,2020,False
1628932-1629498-201881-202658-204324,1611661319,"A'ja Wilson, Jackie Young, Angel McCoughtry, Danielle Robinson, Dearica Hamby","Wilson, Young, McCoughtry, Robinson, Hamby",1628932-1629498-201881-202658-204324,LVA,835.0,8,27.0,3.0,56.0,7.0,11.0,15.0,1.0,0.7333333333333333,1.0,96.5748502994012,16.074074074074073,15.555555555555555,1.0,1.0,1.0,1.0,1.0,1.0,4.0,0.037037037037037035,1.0,0.36363636363636365,1.0,0.037037037037037035,0.14285714285714285,0.2222222222222222,0.4360185185185185,0.45544285714285715,25.1,14.0,6.0,29.0,27.0,2.0,4.0,10.0,,2.0,13.827586206896552,13.344827586206897,5.0,5.0,6.0,12.0,5.0,9.0,16.0,26.0,1.0,33.0,16.0,8.0,8.0,2.0,3.0,3.0,16.0,4.0,,2.0,,3.0,2.0,3.0,1.0,2.0,29.0,0.5,0.5714285714285714,0.6153846153846154,0.5925925925925926,0.5892857142857143,0.5,,0.5,0.6,0.18518518518518517,1.0,1.0,0.4,0.4444444444444444,0.5,0.6,0.5,0.3333333333333333,0.5555555555555556,0.5555555555555556,0.6,0.07142857142857142,0.07407407407407407,9.815384615384614,6.0,,,,,8.0,,,,,3.0,2.0,2.0,1.0,,1.0,8.0,6.0,,,,0.5714285714285714,0.3333333333333333,,,,,,0.24242424242424243,0.20689655172413793,6.0,2.0,0.07692307692307693,0.16666666666666666,2.0,2.0,,4.0,,16.0,,,,0.6666666666666666,0.5714285714285714,,0.2857142857142857,1.0,,4.0,2.0,3.0,3.0,0.3,,0.6666666666666666,0.6081666666666666,,,,,1.0,,,,,4.0,0.6666666666666666,0.5,1.0,,0.12121212121212122,2.0,,,,2.0,,4.0,,,,1.0,,,,,,1.0,1.0,,0.6666666666666666,0.6666666666666666,,,,0.16666666666666666,1.0,,,,1.0,,,,,,,,,,,,,,,,,,,,,,,,1611661319,2020,2020,False
1629498-201881-203069-203411-204324,1611661319,"Jackie Young, Angel McCoughtry, Avery Warley-Talbert, Sugar Rodgers, Dearica Hamby","Young, McCoughtry, Warley-Talbert, Rodgers, Hamby",1629498-201881-203069-203411-204324,LVA,52.0,1,3.0,,5.0,,,,,,,138.46153846153845,10.333333333333334,10.333333333333334,2.0,2.0,2.0,2.0,2.0,,,1.0,,,,1.0,1.0,1.0,0.521175,0.521175,24.95,1.0,-2.0,2.0,5.0,,,1.0,,1.0,10.5,10.5,,,,,,,,,,3.0,,,1.0,,,,3.0,,,,,1.0,,,,,3.0,,,,0.75,0.75,,,,,,,,,,,,,,,,,,,,2.0,,1.0,1.0,,3.0,3.0,1.0,1.0,1.0,,,,,,,3.0,2.0,1.0,0.5,0.5,0.75,,,0.5,0.5,1.0,0.5,1.0,1.0,,,,,,,1.0,,1.0,,1.0,,0.5,,0.75,,,,0.5,,,,,,,,,,,,,,,,,,,,,,,,,,,,,,,,,,,,,,,,,,,,,,,,,,,,,,,,,,,,,,,,,,,,,,,,,,,,,1611661319,2020,2020,False
1628932-1629498-202658-203825-204324,1611661319,"A'ja Wilson, Jackie Young, Danielle Robinson, Kayla McBride, Dearica Hamby","Wilson, Young, Robinson, McBride, Hamby",1628932-1629498-202658-203825-204324,LVA,7315.0,20,245.0,43.0,492.0,57.0,105.0,129.0,0.7125,0.7481481481481481,0.7804878048780488,96.85304169514696,15.591836734693878,14.89795918367347,28.0,8.0,31.0,9.0,28.0,5.0,24.0,0.15897435897435896,0.2777777777777778,0.24242424242424243,0.25,0.14358974358974358,0.1509433962264151,0.39487179487179486,0.441104381443299,0.4222076923076923,25.316129032258065,122.0,29.0,247.0,233.0,25.0,42.0,40.0,1.0,59.0,14.149797570850202,13.510121457489879,34.0,46.0,27.0,75.0,21.0,43.0,82.0,164.0,65.0,262.0,114.0,57.0,66.0,24.0,16.0,17.0,141.0,44.0,4.0,17.0,8.0,20.0,5.0,76.0,7.0,35.0,236.0,0.6951219512195121,0.7402597402597403,0.5,0.5051282051282051,0.5698689956331878,0.40476190476190477,1.0,0.8,0.803921568627451,0.2358974358974359,0.7391304347826086,0.8095238095238095,0.7058823529411765,0.38461538461538464,0.36,0.421875,0.5925925925925926,0.2205128205128205,0.4883720930232558,0.5,0.8095238095238095,0.15695067264573992,0.18229166666666666,9.065243902439025,70.0,3.0,10.0,11.0,22.0,76.0,27.0,10.0,9.0,9.0,26.0,9.0,9.0,13.0,9.0,14.0,76.0,70.0,0.8181818181818182,0.3548387096774194,0.3548387096774194,0.59375,0.75,0.015384615384615385,0.35714285714285715,0.35714285714285715,0.9,0.35714285714285715,0.2900763358778626,0.2834008097165992,44.0,16.0,0.0975609756097561,0.14666666666666667,6.0,10.0,3.0,21.0,4.0,50.0,2.0,1.0,0.4444444444444444,0.4772727272727273,0.5094339622641509,0.023255813953488372,0.18867924528301888,0.6,0.375,22.0,8.0,20.0,19.0,0.2345679012345679,0.4166666666666667,0.4,0.44503529411764703,3.0,8.0,13.0,,0.42105263157894735,,,,6.0,26.0,0.5652173913043478,0.045454545454545456,0.85,,0.09923664122137404,7.0,1.0,1.0,1.0,10.0,6.0,10.0,,,,17.0,7.0,,2.0,,6.0,4.0,9.0,6.0,0.5,0.5,,0.08695652173913043,,0.2765957446808511,0.6428571428571429,0.3333333333333333,0.3333333333333333,,0.875,0.2857142857142857,0.018867924528301886,1.0,,4.0,2.0,0.04819277108433735,,,,1.0,1.0,,,,,0.5,1.0,,1.0,,,,1611661319,2020,2020,False
1628932-1629498-202670-203411-204324,1611661319,"A'ja Wilson, Jackie Young, Carolyn Swords, Sugar Rodgers, Dearica Hamby","Wilson, Young, Swords, Rodgers, Hamby",1628932-1629498-202670-203411-204324,LVA,50.0,1,3.0,3.0,5.0,1.0,1.0,1.0,1.0,1.0,1.0,144.0,10.333333333333334,10.333333333333334,,,,,,,,,,,,,,,0.4059,,,1.0,-5.0,2.0,5.0,,1.0,1.0,,,9.5,9.5,,,,1.0,,,,1.0,,,,,,,,,,,,1.0,,1.0,,,,,,,,,,,1.0,,,,,,,,1.0,,,,,,,,,,7.9,,,,,,,,,,,,,1.0,,,,,,,,,,,,,,,,,,,1.0,1.0,1.0,,,,,,,,,,,,,,,,,,,,,,,,,,,,,,,,,,,,,,,,,,,,,,,,,,,,,,,,,,,,,,,,,,,,,,,,,,,,,,,,,,,,,,,,,,,,1611661319,2020,2020,False
1629498-202658-203069-203411-204324,1611661319,"Jackie Young, Danielle Robinson, Avery Warley-Talbert, Sugar Rodgers, Dearica Hamby","Young, Robinson, Warley-Talbert, Rodgers, Hamby",1629498-202658-203069-203411-204324,LVA,225.0,2,8.0,6.0,16.0,1.0,4.0,7.0,1.0,1.0,,102.4,11.75,11.75,1.0,,1.0,,1.0,,3.0,0.125,,0.5,,0.125,,0.5,0.350275,0.3269,31.8,4.0,-2.0,8.0,8.0,1.0,2.0,2.0,,1.0,16.375,15.75,1.0,3.0,,2.0,1.0,2.0,2.0,7.0,2.0,6.0,,,,,,,,3.0,,1.0,1.0,1.0,,2.0,,,4.0,,,0.2857142857142857,0.25,0.3333333333333333,0.5,,1.0,1.0,0.375,0.3333333333333333,0.5,,0.25,,,,0.25,0.5,0.5,,,,8.72857142857143,6.0,,,,2.0,6.0,,,,,,,,,,,6.0,6.0,,,,0.5,,,,,,,1.0,0.75,5.0,2.0,0.2857142857142857,0.5,1.0,3.0,,2.0,,4.0,,,,0.4,0.4,,0.6,0.3333333333333333,,2.0,2.0,3.0,3.0,0.6,0.5,0.6666666666666666,0.4362,,1.0,2.0,,,,,,,2.0,0.3333333333333333,1.0,1.0,,0.3333333333333333,1.0,,,,1.0,,2.0,,,,,,,,,1.0,,,1.0,0.3333333333333333,0.3333333333333333,,0.3333333333333333,,0.5,,,,,0.5,,,,,1.0,1.0,0.25,,,,,,,,,,,,,,,,,1611661319,2020,2020,False
1629498-202658-203825-204324-204332,1611661319,"Jackie Young, Danielle Robinson, Kayla McBride, Dearica Hamby, Cierra Burdick","Young, Robinson, McBride, Hamby, Burdick",1629498-202658-203825-204324-204332,LVA,11.0,1,1.0,,1.0,,,,,,,130.9090909090909,10.0,10.0,,,,,,,,,,,,,,,,,,,-3.0,,3.0,,,,,,,,,,,,,,,,,,,,,,,,,,,,,,,,,,,,,,,,,,,,,,,,,,,,,,,,,,,,,,,,,,,,,,,,,,,,,,,,,,,,,,,,,,,,,,,,,,,,,,,,,,,,,,,,,,,,,,,,,,,,,,,,,,,,,,,,,,,,,,,,,,,,,,,,,,,,,,,,,,,,,,,,,,,,,,,,,,,,,,,,1611661319,2020,2020,False
1629498-203069-203411-203825-204324,1611661319,"Jackie Young, Avery Warley-Talbert, Sugar Rodgers, Kayla McBride, Dearica Hamby","Young, Warley-Talbert, Rodgers, McBride, Hamby",1629498-203069-203411-203825-204324,LVA,143.0,1,5.0,,9.0,,2.0,3.0,,1.0,,90.62937062937063,13.8,13.8,1.0,,1.0,,1.0,,1.0,0.5,,1.0,,0.5,,0.5,0.437675,,24.6,2.0,2.0,4.0,4.0,1.0,1.0,1.0,,3.0,18.5,17.25,,,,1.0,,,,1.0,3.0,6.0,,,1.0,,,,3.0,2.0,,,,,1.0,4.0,,1.0,3.0,,,,0.75,0.75,,,1.0,1.0,,,,,0.5,,,,,,,,0.3333333333333333,0.5,4.3,1.0,,1.0,1.0,2.0,2.0,3.0,1.0,1.0,1.0,1.0,1.0,,,,,2.0,1.0,1.0,1.0,1.0,1.0,,,1.0,1.0,1.0,1.0,0.3333333333333333,0.25,,,,,,,,,,,,,,,,,,,,1.0,,,1.0,1.0,,,0.52605,,,,,,,1.0,1.0,,3.0,1.5,,,1.0,0.5,,,,,,,,,,,,,,,,1.0,,,1.0,,1.5,,,,1.0,,,,,,,,,,,,,1.0,1.0,,,,1.0,,1.0,1.0,,,,,,,,1611661319,2020,2020,False
1628263-201881-202670-203825-204324,1611661319,"Lindsay Allen, Angel McCoughtry, Carolyn Swords, Kayla McBride, Dearica Hamby","Allen, McCoughtry, Swords, McBride, Hamby",1628263-201881-202670-203825-204324,LVA,339.0,3,12.0,,25.0,2.0,6.0,7.0,1.0,0.8571428571428571,,106.19469026548671,14.5,13.166666666666666,3.0,,3.0,,3.0,,1.0,0.3,,0.16666666666666666,,0.3,,0.6,0.50861,0.5498,25.099999999999998,6.0,-1.0,13.0,13.0,1.0,2.0,2.0,,2.0,12.692307692307692,12.692307692307692,2.0,3.0,1.0,1.0,1.0,3.0,4.0,7.0,4.0,12.0,4.0,2.0,2.0,1.0,,1.0,4.0,4.0,,1.0,1.0,1.0,,4.0,,2.0,10.0,0.5,0.6666666666666666,0.5714285714285714,0.4,0.5,0.5,,0.8,0.75,0.3,0.6666666666666666,0.6666666666666666,0.5,0.1,1.0,1.0,,0.3,0.3333333333333333,0.3333333333333333,1.0,0.16666666666666666,0.2222222222222222,9.585714285714285,2.0,,,,,2.0,,,,,,,,,,,2.0,2.0,,,,0.3333333333333333,1.0,,,,,,0.16666666666666666,0.15384615384615385,3.0,,,,1.0,2.0,,1.0,,4.0,,,,0.3333333333333333,0.3333333333333333,,0.6666666666666666,0.5,,1.0,1.0,1.0,1.0,0.3333333333333333,1.0,1.0,0.7465,,1.0,,,,,,,,2.0,1.0,,1.0,,0.16666666666666666,1.0,,,,1.0,,2.0,,,,,,,,,,,,,1.0,1.0,,,,,,,,,1.0,,,,,,,,,,,,,,,,,,,,,,,,1611661319,2020,2020,False
1628932-1629498-203411-203825-204324,1611661319,"A'ja Wilson, Jackie Young, Sugar Rodgers, Kayla McBride, Dearica Hamby","Wilson, Young, Rodgers, McBride, Hamby",1628932-1629498-203411-203825-204324,LVA,326.0,4,10.0,6.0,22.0,3.0,5.0,6.0,0.6,0.5555555555555556,0.6666666666666666,97.17791411042944,17.5,15.5,2.0,2.0,3.0,2.0,2.0,,1.0,0.3333333333333333,,0.14285714285714285,,0.2222222222222222,0.25,0.5555555555555556,0.4327944444444445,0.42978125,25.166666666666668,5.0,-6.0,12.0,11.0,1.0,2.0,3.0,,3.0,12.583333333333334,12.583333333333334,1.0,2.0,,3.0,,1.0,1.0,6.0,3.0,5.0,2.0,1.0,1.0,1.0,,,2.0,2.0,,1.0,1.0,,,3.0,1.0,2.0,2.0,1.0,1.0,0.16666666666666666,0.1111111111111111,0.25,0.5,,0.5,0.5,0.2222222222222222,0.5,0.5,1.0,0.3333333333333333,,,,0.1111111111111111,,,,0.2,0.2857142857142857,9.233333333333333,9.0,1.0,,,1.0,3.0,,,,,,,,1.0,1.0,1.0,3.0,9.0,,,,0.1875,,0.1111111111111111,,,,,0.6,0.75,6.0,,,,1.0,2.0,,1.0,,,,,,0.16666666666666666,0.125,,0.25,0.5,,1.0,1.0,1.0,1.0,0.2,,1.0,0.6244,,,2.0,,1.0,,,,1.0,3.0,1.5,,,,0.6,1.0,,,,1.0,,,,,,,1.0,,,,,,1.0,,1.0,1.0,,,,0.3333333333333333,1.0,,,,1.0,1.0,,,,,1.0,,,,,,,,,,,,,,,,,,1611661319,2020,2020,False
1628932-1629498-201881-203825-204324,1611661319,"A'ja Wilson, Jackie Young, Angel McCoughtry, Kayla McBride, Dearica Hamby","Wilson, Young, McCoughtry, McBride, Hamby",1628932-1629498-201881-203825-204324,LVA,3599.0,11,116.0,8.0,233.0,25.0,44.0,64.0,0.7352941176470589,0.7719298245614035,0.7857142857142857,93.22589608224507,16.224137931034484,15.681034482758621,11.0,1.0,12.0,1.0,11.0,3.0,20.0,0.11320754716981132,0.3333333333333333,0.4166666666666667,0.3333333333333333,0.10377358490566038,0.05,0.37735849056603776,0.4482551886792453,0.42044499999999996,24.741666666666664,60.0,45.0,117.0,109.0,7.0,13.0,20.0,1.0,41.0,14.675213675213675,14.205128205128204,21.0,28.0,22.0,44.0,10.0,22.0,53.0,94.0,39.0,154.0,56.0,28.0,31.0,11.0,11.0,6.0,65.0,19.0,,6.0,3.0,5.0,2.0,49.0,7.0,22.0,133.0,0.5283018867924528,0.5714285714285714,0.5638297872340425,0.5424528301886793,0.6031746031746031,0.46153846153846156,,0.8260869565217391,0.85,0.2641509433962264,0.75,0.7777777777777778,0.5238095238095238,0.41509433962264153,0.5,0.5945945945945946,0.5,0.20754716981132076,0.45454545454545453,0.47619047619047616,0.6,0.18181818181818182,0.2018348623853211,8.198936170212766,24.0,1.0,2.0,3.0,13.0,33.0,9.0,2.0,3.0,2.0,12.0,4.0,3.0,10.0,6.0,11.0,33.0,24.0,1.0,0.25,0.25,0.6111111111111112,0.6666666666666666,0.009433962264150943,0.18181818181818182,0.18181818181818182,1.0,0.18181818181818182,0.21428571428571427,0.20512820512820512,19.0,9.0,0.09574468085106383,0.1590909090909091,5.0,5.0,,10.0,,50.0,2.0,2.0,,0.5263157894736842,0.5,0.045454545454545456,0.25,1.0,,16.0,5.0,12.0,17.0,0.4358974358974359,0.5714285714285714,0.35714285714285715,0.5248346153846154,,,1.0,1.0,0.625,2.0,2.0,2.0,9.0,21.0,0.5526315789473685,0.2727272727272727,0.75,0.14285714285714285,0.13636363636363635,1.0,1.0,,,6.0,,8.0,,,1.0,8.0,,2.0,1.0,,5.0,4.0,6.0,5.0,0.5,0.42857142857142855,,0.03571428571428571,,0.47619047619047616,0.5454545454545454,1.0,1.0,1.0,0.2,,,,,4.0,,0.1,,,,1.0,,,,,,,,,,1.0,,,1611661319,2020,2020,False
1628263-1628932-201881-202670-203825,1611661319,"Lindsay Allen, A'ja Wilson, Angel McCoughtry, Carolyn Swords, Kayla McBride","Allen, Wilson, McCoughtry, Swords, McBride",1628263-1628932-201881-202670-203825,LVA,8817.0,21,307.0,,618.0,63.0,115.0,168.0,0.75,0.7793103448275862,0.8048780487804879,100.93228989452196,14.684039087947882,14.315960912052118,37.0,3.0,40.0,3.0,37.0,3.0,53.0,0.14285714285714285,0.14285714285714285,0.3424657534246575,0.10526315789473684,0.13214285714285715,0.21428571428571427,0.40714285714285714,0.47253142857142855,0.4836892857142857,24.875,147.0,33.0,311.0,328.0,18.0,46.0,40.0,1.0,74.0,13.855305466237942,13.289389067524116,47.0,74.0,41.0,101.0,27.0,65.0,115.0,240.0,74.0,361.0,136.0,68.0,87.0,21.0,23.0,24.0,193.0,50.0,2.0,28.0,17.0,23.0,3.0,85.0,8.0,46.0,304.0,0.591304347826087,0.6666666666666666,0.4791666666666667,0.5125,0.5676100628930818,0.6086956521739131,1.0,0.819672131147541,0.803921568627451,0.2642857142857143,0.6351351351351351,0.6714285714285714,0.44680851063829785,0.3607142857142857,0.40594059405940597,0.4659090909090909,0.5609756097560976,0.23214285714285715,0.4153846153846154,0.4153846153846154,0.8888888888888888,0.14779874213836477,0.16546762589928057,8.767083333333334,19.0,3.0,18.0,19.0,6.0,28.0,57.0,18.0,19.0,18.0,23.0,9.0,11.0,9.0,7.0,9.0,28.0,19.0,1.0,0.475,0.475,0.875,0.9,0.010714285714285714,0.4864864864864865,0.4864864864864865,1.0,0.4864864864864865,0.07756232686980609,0.06109324758842444,11.0,17.0,0.07083333333333333,0.12871287128712872,1.0,2.0,2.0,8.0,2.0,94.0,4.0,,0.6666666666666666,0.7272727272727273,0.7857142857142857,,0.14285714285714285,0.5,0.6666666666666666,41.0,21.0,36.0,47.0,0.376,0.5555555555555556,0.5384615384615384,0.5423805555555555,4.0,4.0,4.0,1.0,0.625,1.0,3.0,3.0,14.0,57.0,0.6195652173913043,0.3157894736842105,0.7407407407407407,0.07692307692307693,0.15789473684210525,15.0,1.0,,,20.0,,26.0,,,1.0,14.0,2.0,2.0,7.0,1.0,,1.0,5.0,,0.5555555555555556,0.5512820512820513,,0.05405405405405406,,0.3333333333333333,0.5555555555555556,0.3333333333333333,0.3333333333333333,1.0,0.7142857142857143,0.2,,,0.025,11.0,,0.08527131782945736,1.0,1.0,3.0,,,0.3333333333333333,0.5,0.3333333333333333,1.0,0.5,3.0,1.0,,,1.0,1.0,1611661319,2020,2020,False
1628263-1628932-201881-203411-204324,1611661319,"Lindsay Allen, A'ja Wilson, Angel McCoughtry, Sugar Rodgers, Dearica Hamby","Allen, Wilson, McCoughtry, Rodgers, Hamby",1628263-1628932-201881-203411-204324,LVA,251.0,2,9.0,,18.0,4.0,5.0,6.0,0.6666666666666666,0.5555555555555556,0.6666666666666666,103.26693227091633,16.22222222222222,13.11111111111111,3.0,,4.0,1.0,3.0,1.0,1.0,0.5714285714285714,0.25,0.16666666666666666,0.3333333333333333,0.42857142857142855,,0.8571428571428571,0.5637214285714286,0.47565,23.65,4.0,-5.0,9.0,7.0,1.0,3.0,5.0,,,11.666666666666666,11.666666666666666,1.0,2.0,,,,1.0,1.0,3.0,,2.0,,,,,,,,1.0,,2.0,1.0,2.0,,,,,,,,0.3333333333333333,0.14285714285714285,0.14285714285714285,0.6666666666666666,,0.3333333333333333,0.3333333333333333,0.2857142857142857,0.5,0.5,,,,,,0.14285714285714285,,,,,,7.466666666666666,1.0,1.0,,,,,,,,,1.0,,1.0,1.0,1.0,1.0,,1.0,,,,,,0.14285714285714285,,,,,,0.1111111111111111,,,,,,,,,,2.0,,,,,,,,,,1.0,1.0,1.0,,,,1.0,,,,,1.0,,,,,,2.0,1.0,,1.0,,1.0,1.0,,,1.0,1.0,,2.0,,,,1.0,1.0,,,,,,,,1.0,1.0,,,,,,,,,1.0,,1.0,,,,,,,,,,,,,,,,,,,,,,1611661319,2020,2020,False
1629498-202658-202670-203411-204324,1611661319,"Jackie Young, Danielle Robinson, Carolyn Swords, Sugar Rodgers, Dearica Hamby","Young, Robinson, Swords, Rodgers, Hamby",1629498-202658-202670-203411-204324,LVA,3623.0,17,115.0,36.0,232.0,17.0,36.0,53.0,0.7083333333333334,0.7391304347826086,0.8125,92.2108749654982,15.182608695652174,14.504347826086956,28.0,12.0,31.0,12.0,26.0,6.0,17.0,0.2897196261682243,0.35294117647058826,0.2727272727272727,0.375,0.2616822429906542,0.26666666666666666,0.48598130841121495,0.4308442307692308,0.4011928571428572,27.187096774193545,60.0,1.0,117.0,127.0,7.0,17.0,27.0,,31.0,16.042735042735043,15.247863247863247,17.0,21.0,13.0,32.0,6.0,23.0,36.0,76.0,26.0,128.0,36.0,18.0,27.0,9.0,5.0,4.0,63.0,17.0,2.0,10.0,3.0,10.0,2.0,31.0,9.0,18.0,108.0,0.5,0.5454545454545454,0.47368421052631576,0.4766355140186916,0.5423728813559322,0.5882352941176471,1.0,0.7727272727272727,0.7222222222222222,0.19626168224299065,0.8095238095238095,0.85,0.5294117647058824,0.29906542056074764,0.40625,0.48148148148148145,0.38461538461538464,0.21495327102803738,0.2608695652173913,0.2727272727272727,0.6666666666666666,0.15517241379310345,0.21176470588235294,9.055263157894737,53.0,3.0,8.0,10.0,14.0,46.0,27.0,8.0,9.0,7.0,10.0,5.0,7.0,3.0,,3.0,46.0,53.0,0.9,0.3225806451612903,0.3448275862068966,0.4423076923076923,1.0,0.028037383177570093,0.2857142857142857,0.2962962962962963,0.875,0.3076923076923077,0.359375,0.452991452991453,33.0,7.0,0.09210526315789473,0.15625,5.0,7.0,2.0,13.0,2.0,36.0,2.0,,0.16666666666666666,0.3939393939393939,0.35555555555555557,0.043478260869565216,0.15555555555555556,0.7142857142857143,0.16666666666666666,16.0,5.0,10.0,9.0,0.23684210526315788,0.25,0.38461538461538464,0.479825,,2.0,9.0,1.0,0.3333333333333333,2.0,3.0,3.0,2.0,20.0,0.7142857142857143,0.13333333333333333,0.6,0.23076923076923078,0.15625,4.0,2.0,,,6.0,3.0,6.0,2.0,1.0,2.0,5.0,2.0,1.0,3.0,,2.0,3.0,1.0,2.0,0.6,0.6923076923076923,0.03225806451612903,0.047619047619047616,0.03571428571428571,0.3157894736842105,0.3333333333333333,0.6666666666666666,0.6666666666666666,1.0,0.8,0.25,,,,1.0,4.0,0.02040816326530612,2.0,2.0,2.0,,,0.6666666666666666,0.6666666666666666,0.6666666666666666,1.0,,,,,,,,1611661319,2020,2020,False
1628263-202658-202670-203411-204332,1611661319,"Lindsay Allen, Danielle Robinson, Carolyn Swords, Sugar Rodgers, Cierra Burdick","Allen, Robinson, Swords, Rodgers, Burdick",1628263-202658-202670-203411-204332,LVA,33.0,1,1.0,1.0,2.0,,,,,,,87.27272727272727,21.0,21.0,,,,,,,,,,,,,,,,,,1.0,,1.0,,,,,,,12.0,12.0,,,,,,,,,,,,,,,,,,,,,,,,,,,,,,,,,,,,,,,,,,,,,,,,,,,,,,,,,,,,,,,,,,,,,,,,,,,,,,,,,,,,,,,,,,,,,,,,,,,,,,,,,,,,,,,,,,,,,,,,,,,,,,,,,,,,,,,,,,,,,,,,,,,,,,,,,,,,,,,,,,,,,,,,,,,,,,,,,1611661319,2020,2020,False
1628932-1629498-201881-203411-204324,1611661319,"A'ja Wilson, Jackie Young, Angel McCoughtry, Sugar Rodgers, Dearica Hamby","Wilson, Young, McCoughtry, Rodgers, Hamby",1628932-1629498-201881-203411-204324,LVA,463.0,5,17.0,,33.0,5.0,6.0,6.0,0.8333333333333334,0.75,0.6666666666666666,102.63498920086393,15.823529411764707,15.294117647058824,1.0,,1.0,,1.0,,,0.09090909090909091,,,,0.09090909090909091,,0.09090909090909091,0.39984545454545456,,23.3,8.0,7.0,16.0,14.0,1.0,3.0,6.0,,6.0,12.125,12.125,,,5.0,6.0,1.0,4.0,6.0,10.0,6.0,21.0,4.0,2.0,3.0,,2.0,,7.0,1.0,,2.0,1.0,4.0,,8.0,2.0,4.0,21.0,0.3333333333333333,0.3333333333333333,0.6,0.6818181818181818,0.75,0.6666666666666666,,0.5,,,,,,0.5454545454545454,0.8333333333333334,0.8333333333333334,0.4,0.36363636363636365,0.25,0.25,,0.3076923076923077,0.3333333333333333,12.17,,,1.0,1.0,,,3.0,1.0,1.0,1.0,2.0,,1.0,,,,,,1.0,1.0,1.0,,1.0,,1.0,1.0,1.0,1.0,,,,,,,,,,,,8.0,1.0,,,,,,,,,,,,,,,,,,1.0,,,1.0,,,,,,,,1.0,,,,,,,,,,,,,2.0,,,,,1.0,,,,,,,,,,,,,,,,,,,,,,,,,,,,,,,,,,,,,,1611661319,2020,2020,False
1629498-201881-202658-202670-203825,1611661319,"Jackie Young, Angel McCoughtry, Danielle Robinson, Carolyn Swords, Kayla McBride","Young, McCoughtry, Robinson, Swords, McBride",1629498-201881-202658-202670-203825,LVA,45.0,1,2.0,,3.0,,,,,,,96.0,16.0,16.0,,,,,,,,,,,,,,,0.3828,0.3828,,1.0,,1.0,2.0,,,,,1.0,13.0,13.0,,,,,1.0,1.0,1.0,1.0,,2.0,,,,,,,,,,,,,,,,,2.0,,,1.0,1.0,1.0,,,,,,,,,,,,,1.0,1.0,1.0,,,,16.3,1.0,,,,,2.0,,,,,,,,,,,2.0,1.0,,,,1.0,,,,,,,1.0,1.0,1.0,,,,,,,1.0,,2.0,1.0,,,1.0,1.0,,,,,,,,,,,,,,,,,,,,,,,,,,,,,,,,,,,,,,,,,,,,,,,,,,,,,,,,,,,,,,,,,,,,,,,,,,,,,,,,,1611661319,2020,2020,False
1628932-1629498-203069-203411-204324,1611661319,"A'ja Wilson, Jackie Young, Avery Warley-Talbert, Sugar Rodgers, Dearica Hamby","Wilson, Young, Warley-Talbert, Rodgers, Hamby",1628932-1629498-203069-203411-204324,LVA,121.0,1,4.0,,8.0,,,1.0,,,,95.20661157024794,9.75,9.75,1.0,1.0,1.0,1.0,1.0,,1.0,0.3333333333333333,,1.0,,0.3333333333333333,0.3333333333333333,0.6666666666666666,0.44988333333333336,0.44988333333333336,24.2,2.0,-1.0,4.0,8.0,,1.0,,,1.0,20.5,19.5,1.0,1.0,,,,1.0,1.0,2.0,2.0,7.0,2.0,1.0,2.0,1.0,,,5.0,,,1.0,,,,2.0,,1.0,5.0,1.0,1.0,0.5,0.8333333333333334,0.875,1.0,,,,0.3333333333333333,1.0,1.0,1.0,,,,,0.3333333333333333,,,,0.25,0.3333333333333333,11.35,4.0,,1.0,1.0,2.0,7.0,3.0,1.0,1.0,1.0,1.0,,1.0,,,,7.0,4.0,1.0,1.0,1.0,0.875,,,1.0,1.0,1.0,1.0,1.0,1.0,2.0,,,,1.0,1.0,1.0,1.0,1.0,,,,1.0,0.5,0.8333333333333334,,0.3333333333333333,1.0,1.0,1.0,,,1.0,1.0,,,,,,1.0,,,,,,2.0,2.0,1.0,1.0,,,0.2857142857142857,,,,,,,,,,,1.0,,,,,,,,,,,,,,,,,,,,,,,,,,,,,,,,,,,,,,,,,,,1611661319,2020,2020,False
1628263-1628932-1629498-201881-203411,1611661319,"Lindsay Allen, A'ja Wilson, Jackie Young, Angel McCoughtry, Sugar Rodgers","Allen, Wilson, Young, McCoughtry, Rodgers",1628263-1628932-1629498-201881-203411,LVA,80.0,1,3.0,,6.0,2.0,2.0,2.0,0.6666666666666666,0.6666666666666666,0.6666666666666666,108.0,14.0,8.666666666666666,1.0,,1.0,,1.0,,,0.5,,,,0.5,,0.5,0.491875,,26.0,1.0,3.0,3.0,2.0,,,,,1.0,12.666666666666666,12.666666666666666,,,,1.0,,,,1.0,2.0,5.0,,,1.0,,,,3.0,,,,,,,2.0,,1.0,5.0,,,,0.75,0.8333333333333334,,,,,,,,,0.5,,,,,,,,0.3333333333333333,0.5,4.1,,,1.0,1.0,,,3.0,1.0,1.0,1.0,,,,1.0,1.0,1.0,,,1.0,1.0,1.0,,,,1.0,1.0,1.0,1.0,,,,,,,,,,,,,,,,,,,,,,,,,,,,,,,,,,,,,,,,,,,,,,,,,,,,,,,,,,,,,,1.0,,,,,,,,1.0,,,,,,,,,,,,,,,,,,,,,,,,,,,,1611661319,2020,2020,False
201881-202658-202670-203825-204324,1611661319,"Angel McCoughtry, Danielle Robinson, Carolyn Swords, Kayla McBride, Dearica Hamby","McCoughtry, Robinson, Swords, McBride, Hamby",201881-202658-202670-203825-204324,LVA,293.0,4,8.0,,18.0,,3.0,4.0,,0.75,,88.46416382252559,17.5,16.125,,,1.0,,,,1.0,0.125,,0.3333333333333333,,,,0.25,0.443225,,23.4,5.0,6.0,10.0,8.0,1.0,1.0,1.0,,2.0,15.3,14.5,1.0,1.0,1.0,3.0,2.0,3.0,4.0,7.0,3.0,14.0,8.0,4.0,5.0,1.0,1.0,2.0,11.0,3.0,,,,,,4.0,,2.0,14.0,1.0,1.0,0.5714285714285714,0.6875,0.7,,,0.75,0.75,0.125,1.0,1.0,1.0,0.375,0.3333333333333333,0.3333333333333333,1.0,0.375,0.6666666666666666,0.6666666666666666,1.0,0.2,0.2222222222222222,11.642857142857142,,1.0,,1.0,,,3.0,,1.0,,,,,,,,,,1.0,1.0,1.0,,,0.125,,,,,,,,,,,,,,,,,,,,,,,,,,1.0,,1.0,1.0,0.3333333333333333,,,0.3757,,,,,,,,,,,,,,,,,1.0,,,,,,,,1.0,,1.0,,,,,,,,,,,,,0.5,,1.0,1.0,1.0,,,,,,,,,,,,,,,,,,,,,,,,,1611661319,2020,2020,False
202658-202670-203411-203825-204324,1611661319,"Danielle Robinson, Carolyn Swords, Sugar Rodgers, Kayla McBride, Dearica Hamby","Robinson, Swords, Rodgers, McBride, Hamby",202658-202670-203411-203825-204324,LVA,72.0,1,4.0,,7.0,,,,,,,140.0,8.25,8.25,,,,,,,,,,,,,,,0.40965,,,1.0,-3.0,3.0,4.0,,,,,1.0,13.0,13.0,,,,1.0,,1.0,,2.0,1.0,1.0,,,,,,,,,,,,,,2.0,,1.0,1.0,,,,,0.16666666666666666,,,,,,,,,0.5,,,,0.5,,,,0.3333333333333333,0.3333333333333333,13.05,,,,,,,,,,,1.0,1.0,,,,,,,,,,,,,,,,,,,,1.0,0.5,1.0,,,,,,,,,,,,,,,,,,,,,,,,,,,,,,,,,,,,,,,,,,,,,,,,,,,,,,,,,,,,,,,,,,,,,,,,,,,,,,,,,,,,,,,,,,,,1611661319,2020,2020,False
1628263-1629498-202670-203825-204332,1611661319,"Lindsay Allen, Jackie Young, Carolyn Swords, Kayla McBride, Cierra Burdick","Allen, Young, Swords, McBride, Burdick",1628263-1629498-202670-203825-204332,LVA,57.0,1,1.0,1.0,3.0,,1.0,1.0,,1.0,,75.78947368421053,22.0,22.0,,,,,,,,,,,,,,,0.3637,,,1.0,2.0,2.0,,1.0,1.0,,,,17.5,17.5,,,1.0,1.0,,,1.0,1.0,,2.0,,,,,,,,1.0,,,,,,,,,2.0,,,1.0,1.0,1.0,,,1.0,1.0,,,,,1.0,1.0,1.0,,,,,,,,8.2,,,,,,,,,,,,,,,,,,,,,,,,,,,,,,,,,,,,,,,,2.0,,,,,,,,,,,,,,,,,,,,,,,,,,,,,,,,,,,,,,,,,,,,,,,,,,,,,,,,,,,,,,,,,,,,,,,,,,,,,,,,,,,,,,1611661319,2020,2020,False
