EntityId,TeamId,Name,ShortName,RowId,TeamAbbreviation,SecondsPlayed,GamesPlayed,OffPoss,DefPoss,PenaltyOffPoss,TotalPoss,FTDefRebounds,DefRebounds,Rebounds,LiveBallTurnovers,LostBallTurnovers,Turnovers,PenaltyTurnovers,PenaltyOffPossExcludingTakeFouls,LiveBallTurnoverPct,DefFTReboundPct,Pace,SecondsPerPossOff,SecondsPerPossDef,SecondsExcludingORebsPerPossOff,SecondsExcludingORebsPerPossDef,PenaltyOffPossPct,DeadBallTurnovers,Minutes,SecondChanceOffPoss,AtRimFGM,AtRimFGA,SecondChanceAtRimFGM,SecondChanceAtRimFGA,ShortMidRangeFGM,ShortMidRangeFGA,FG2M,FG2A,Points,OpponentPoints,SecondChanceFG2M,SecondChanceFG2A,SecondChancePoints,PtsAssisted2s,PtsUnassisted2s,PtsPutbacks,TwoPtAssists,Assists,ShortMidRangeAssists,AssistPoints,OffTwoPtRebounds,DefThreePtRebounds,OffRebounds,FirstChancePoints,Assisted2sPct,NonPutbacksAssisted2sPct,Fg2Pct,SecondChanceFg2Pct,EfgPct,SecondChanceEfgPct,TsPct,SecondChanceTsPct,OffTwoPtReboundPct,DefThreePtReboundPct,DefFGReboundPct,OffFGReboundPct,OffShortMidRangeReboundPct,DefArc3ReboundPct,AtRimFrequency,AtRimAccuracy,UnblockedAtRimAccuracy,ShortMidRangeFrequency,ShortMidRangeAccuracy,UnblockedShortMidRangeAccuracy,ShortMidRangePctAssisted,SecondChanceAtRimFrequency,SecondChanceAtRimAccuracy,AtRimFG3AFrequency,ShotQualityAvg,SecondChanceShotQualityAvg,SecondChancePointsPct,Avg2ptShotDistance,PlusMinus,PenaltyDefPoss,PenaltyAtRimFGA,LongMidRangeFGM,LongMidRangeFGA,Arc3FGA,PenaltyArc3FGA,FG3A,FtPoints,PenaltyFG2M,PenaltyFG2A,PenaltyFG3A,PenaltyFtPoints,PenaltyPoints,NonHeaveArc3FGA,Fg2aBlocked,AtRimAssists,LongMidRangeAssists,DefTwoPtRebounds,SelfOReb,Steals,BadPassSteals,LostBallSteals,BadPassTurnovers,Travels,Fouls,Offensive Fouls,FoulsDrawn,Loose Ball Fouls Drawn,FTA,2pt And 1 Free Throw Trips,TwoPtShootingFoulsDrawn,NonShootingFoulsDrawn,Blocked2s,BlockedAtRim,BlockedLongMidRange,BlockedShortMidRange,Blocks,RecoveredBlocks,PenaltyPointsExcludingTakeFouls,NonShootingPenaltyNonTakeFouls,NonShootingPenaltyNonTakeFoulsDrawn,PenaltyFg2Pct,PenaltyEfgPct,PenaltyTsPct,FG3APct,FG2APctBlocked,ShortMidRangePctBlocked,LongMidRangePctBlocked,DefTwoPtReboundPct,OffAtRimReboundPct,DefAtRimReboundPct,DefShortMidRangeReboundPct,DefLongMidRangeReboundPct,DefCorner3ReboundPct,SelfORebPct,BlocksRecoveredPct,AtRimPctAssisted,LongMidRangeFrequency,LongMidRangeAccuracy,UnblockedLongMidRangeAccuracy,LongMidRangePctAssisted,Arc3Frequency,PenaltyAtRimFrequency,PenaltyArc3Frequency,PenaltyShotQualityAvg,ShootingFoulsDrawnPct,TwoPtShootingFoulsDrawnPct,PenaltyPointsPct,Avg3ptShotDistance,SecondChanceFtPoints,3SecondViolations,PenaltyAtRimFGM,SecondChanceArc3FGA,SecondChanceFG3A,SecondChanceArc3Frequency,PenaltyAtRimAccuracy,OffThreePtRebounds,ShootingFouls,OffThreePtReboundPct,OffArc3ReboundPct,LostBallOutOfBoundsTurnovers,FTOffRebounds,Loose Ball Fouls,OffFTReboundPct,Arc3FGM,SecondChanceArc3FGM,PenaltyArc3FGM,FG3M,SecondChanceFG3M,PenaltyFG3M,PtsAssisted3s,NonHeaveArc3FGM,ThreePtAssists,Arc3Assists,BadPassOutOfBoundsTurnovers,SecondChanceTurnovers,Assisted3sPct,Fg3Pct,SecondChanceFg3Pct,PenaltyFg3Pct,NonHeaveFg3Pct,Arc3Accuracy,UnblockedArc3Accuracy,Arc3PctAssisted,SecondChanceArc3Accuracy,SecondChanceArc3PctAssisted,PenaltyArc3Accuracy,NonHeaveArc3Accuracy,StepOutOfBoundsTurnovers,Corner3FGA,OffCorner3ReboundPct,Corner3Frequency,Charge Fouls,Corner3FGM,SecondChanceCorner3FGM,SecondChanceCorner3FGA,PtsUnassisted3s,Corner3Assists,Charge Fouls Drawn,Offensive Fouls Drawn,Technical Free Throw Trips,Defensive 3 Seconds Violations,AtRimPctBlocked,OffLongMidRangeReboundPct,Corner3Accuracy,UnblockedCorner3Accuracy,Corner3PctAssisted,SecondChanceCorner3Frequency,SecondChanceCorner3Accuracy,SecondChanceCorner3PctAssisted,PenaltyCorner3FGA,ThreePtShootingFoulsDrawn,PenaltyCorner3Frequency,ThreePtShootingFoulsDrawnPct,team_id,year,season,team_vs
1628280-1629492-1629567-201886-202662,1611661323,"Brionna Jones, Beatrice Mompremier, Natisha Hiedeman, DeWanna Bonner, Jasmine Thomas","Jones, Mompremier, Hiedeman, Bonner, Thomas",1628280-1629492-1629567-201886-202662,CON,11.0,1,1.0,1.0,1.0,2,1.0,1.0,1.0,1.0,1.0,1.0,1.0,1.0,1.0,1.0,261.8181818181818,8.0,3.0,8.0,3.0,1.0,,,,,,,,,,,,,,,,,,,,,,,,,,,,,,,,,,,,,,,,,,,,,,,,,,,,,,,,,,,,,,,,,,,,,,,,,,,,,,,,,,,,,,,,,,,,,,,,,,,,,,,,,,,,,,,,,,,,,,,,,,,,,,,,,,,,,,,,,,,,,,,,,,,,,,,,,,,,,,,,,,,,,,,,,,,,,,,,,,,,,,,,,,,,,,,1611661323,2020,2020,True
1628280-1629492-1630097-201886-201896,1611661323,"Brionna Jones, Beatrice Mompremier, Kaila Charles, DeWanna Bonner, Briann January","Jones, Mompremier, Charles, Bonner, January",1628280-1629492-1630097-201886-201896,CON,25.0,1,1.0,,1.0,1,,,,,,1.0,1.0,1.0,,,57.599999999999994,25.0,,25.0,,1.0,1.0,,,,,,,,,,,,,,,,,,,,,,,,,,,,,,,,,,,,,,,,,,,,,,,,,,,,,,,,,,,,,,,,,,,,,,,,,,,,,,,,,,,,,,,,,,,,,,,,,,,,,,,,,,,,,,,,,,,,,,,,,,,,,,,,,,,,,,,,,,,,,,,,,,,,,,,,,,,,,,,,,,,,,,,,,,,,,,,,,,,,,,,,,,,,,,1611661323,2020,2020,True
1628280-1629492-1630097-201886-202662,1611661323,"Brionna Jones, Beatrice Mompremier, Kaila Charles, DeWanna Bonner, Jasmine Thomas","Jones, Mompremier, Charles, Bonner, Thomas",1628280-1629492-1630097-201886-202662,CON,85.0,1,2.0,3.0,,5,,1.0,2.0,,,,,,,,84.70588235294117,14.5,18.666666666666668,14.5,18.666666666666668,,,1.0,1.0,1.0,1.0,1.0,1.0,1.0,2.0,2.0,3.0,4.0,4.0,1.0,1.0,2.0,2.0,2.0,2.0,1.0,1.0,1.0,2.0,1.0,1.0,1.0,2.0,0.5,1.0,0.6666666666666666,1.0,0.6666666666666666,1.0,0.6666666666666666,1.0,1.0,1.0,1.0,1.0,1.0,1.0,0.3333333333333333,1.0,1.0,0.6666666666666666,0.5,0.5,1.0,1.0,1.0,0.3333333333333333,0.5547666666666666,0.7471,0.5,4.166666666666667,,,,,,,,,,,,,,,,,,,,,,,,,,,,,,,,,,,,,,,,,,,,,,,,,,,,,,,,,,,,,,,,,,,,,,,,,,,,,,,,,,,,,,,,,,,,,,,,,,,,,,,,,,,,,,,,,,,,,,,,,,,,,,,,,,,,,,,,1611661323,2020,2020,True
1628280-1629492-201886-201896-202662,1611661323,"Brionna Jones, Beatrice Mompremier, DeWanna Bonner, Briann January, Jasmine Thomas","Jones, Mompremier, Bonner, January, Thomas",1628280-1629492-201886-201896-202662,CON,957.0,3,33.0,32.0,10.0,65,,13.0,18.0,3.0,2.0,5.0,,10.0,0.6,,97.80564263322884,12.666666666666666,16.84375,11.909090909090908,15.96875,0.30303030303030304,2.0,16.0,3.0,4.0,8.0,,1.0,4.0,11.0,14.0,30.0,34.0,31.0,2.0,5.0,4.0,24.0,4.0,,12.0,12.0,3.0,24.0,5.0,2.0,5.0,30.0,0.8571428571428571,0.8571428571428571,0.4666666666666667,0.4,0.45161290322580644,0.4,0.5151515151515151,0.4,0.3125,0.4,0.6842105263157895,0.3125,0.5714285714285714,0.25,0.25806451612903225,0.5,0.5,0.3548387096774194,0.36363636363636365,0.4,0.75,0.2,,0.2903225806451613,0.4185233333333333,0.47938000000000003,0.11764705882352941,10.18,3.0,12.0,2.0,6.0,11.0,1.0,1.0,1.0,6.0,4.0,13.0,1.0,1.0,9.0,1.0,2.0,3.0,6.0,11.0,2.0,2.0,1.0,1.0,1.0,1.0,6.0,1.0,6.0,1.0,7.0,3.0,4.0,1.0,3.0,1.0,1.0,1.0,3.0,2.0,9.0,1.0,1.0,0.3076923076923077,0.2857142857142857,0.3,0.03225806451612903,0.06666666666666667,0.09090909090909091,0.09090909090909091,0.7857142857142857,0.25,0.7142857142857143,1.0,0.8,1.0,0.14285714285714285,0.6666666666666666,0.75,0.3548387096774194,0.5454545454545454,0.6,1.0,0.03225806451612903,0.14285714285714285,0.07142857142857142,0.4219461538461538,0.125,0.12903225806451613,0.2647058823529412,36.6,,,,,,,,,,,,,,,,,,,,,,,,,,,,,,,,,,,,,,,,,,,,,,,,,,,,,,,,,,,,,,,,,,1611661323,2020,2020,True
1628280-1629567-1630097-201886-201896,1611661323,"Brionna Jones, Natisha Hiedeman, Kaila Charles, DeWanna Bonner, Briann January","Jones, Hiedeman, Charles, Bonner, January",1628280-1629567-1630097-201886-201896,CON,155.0,1,5.0,5.0,,10,,1.0,2.0,,,,,,,,92.9032258064516,15.2,15.8,15.2,15.8,,,3.0,1.0,,,,,2.0,3.0,2.0,5.0,6.0,7.0,,,2.0,4.0,,,2.0,2.0,2.0,4.0,1.0,1.0,1.0,4.0,1.0,1.0,0.4,,0.4,,0.5,1.0,0.3333333333333333,1.0,0.5,0.3333333333333333,1.0,1.0,,,,0.6,0.6666666666666666,1.0,1.0,,,,0.40801999999999994,,0.3333333333333333,11.1,-1.0,,,,2.0,,,,2.0,,,,,,,1.0,,,,,,,,,,1.0,,1.0,,2.0,,1.0,,1.0,,,1.0,1.0,,,,,,,,,0.2,0.3333333333333333,,,,,,,,,,,0.4,,,,,,,,0.16666666666666666,0.16666666666666666,,,2.0,,,,,,,,,,,,,,,,,,,,,,,,,,,,,,,,,,,,,,,,,,,,,,,,,,,,,,,,,,,,,,,,,1611661323,2020,2020,True
1628280-1629567-1630097-201886-203826,1611661323,"Brionna Jones, Natisha Hiedeman, Kaila Charles, DeWanna Bonner, Alyssa Thomas","Jones, Hiedeman, Charles, Bonner, Thomas",1628280-1629567-1630097-201886-203826,CON,163.0,2,5.0,5.0,3.0,10,,,,,,1.0,1.0,3.0,,,88.34355828220859,13.4,19.2,13.4,19.2,0.6,1.0,3.0,,1.0,1.0,,,,1.0,2.0,4.0,4.0,2.0,,,,2.0,2.0,,1.0,1.0,,2.0,,,,4.0,0.5,0.5,0.5,,0.4,,0.4,,,,,,,,0.2,1.0,1.0,0.2,,,,,,0.4,0.49725,,,11.275,2.0,2.0,,1.0,2.0,1.0,1.0,1.0,,,2.0,1.0,,,1.0,,,1.0,,,2.0,2.0,,,,2.0,,,,,,,,,,,,,,,,,,,,0.2,,,,,,,,,,,,,0.4,0.5,0.5,1.0,0.2,,0.3333333333333333,0.41605,,,,39.9,,1.0,,,,,,,,,,,,,,,,,,,,,,,,,,,,,,,,,,,,,,,,,,,,,,,,,,,,,,,,,,,,,,,,1611661323,2020,2020,True
1628280-1629567-1630097-201896-203849,1611661323,"Brionna Jones, Natisha Hiedeman, Kaila Charles, Briann January, Theresa Plaisance","Jones, Hiedeman, Charles, January, Plaisance",1628280-1629567-1630097-201896-203849,CON,120.0,1,4.0,3.0,4.0,7,,2.0,3.0,,,,,4.0,,,84.0,18.25,15.666666666666666,16.25,15.666666666666666,1.0,,2.0,1.0,2.0,2.0,,,,2.0,2.0,4.0,5.0,,,,,2.0,2.0,,1.0,1.0,,2.0,1.0,,1.0,5.0,0.5,0.5,0.5,,0.4,,0.5,,0.5,,1.0,0.3333333333333333,0.5,,0.4,1.0,1.0,0.4,,,,,,0.6,0.484,0.6117,,5.4,5.0,,2.0,,,1.0,1.0,1.0,1.0,2.0,4.0,1.0,1.0,5.0,1.0,1.0,1.0,,2.0,,1.0,,1.0,,,,,2.0,,1.0,1.0,1.0,,,,,,,,5.0,,,0.5,0.4,0.5,0.2,0.25,0.5,,1.0,,,1.0,1.0,,,,0.5,,,,,0.2,0.4,0.2,0.484,0.2,0.25,1.0,23.9,,,2.0,1.0,1.0,1.0,1.0,,,,,,,,,,,,,,,,,,,,,,,,,,,,,,,,,,,,,,,,,,,,,,,,,,,,,,,,,,,1611661323,2020,2020,True
1628280-1629567-201502-201896-203826,1611661323,"Brionna Jones, Natisha Hiedeman, Essence Carson, Briann January, Alyssa Thomas","Jones, Hiedeman, Carson, January, Thomas",1628280-1629567-201502-201896-203826,CON,100.0,1,3.0,2.0,,5,,1.0,2.0,,,,,,,,72.0,19.0,21.5,18.333333333333332,15.5,,,2.0,1.0,1.0,3.0,1.0,1.0,,,1.0,3.0,2.0,1.0,1.0,1.0,2.0,,2.0,2.0,,,,,,1.0,1.0,,,,0.3333333333333333,1.0,0.25,1.0,0.25,1.0,,1.0,0.5,0.3333333333333333,,1.0,0.75,0.3333333333333333,0.3333333333333333,,,,,1.0,1.0,1.0,0.48235,,1.0,3.233333333333333,1.0,,,,,1.0,,1.0,,,,,,,1.0,,,,,,,,,,,1.0,,1.0,,,,,,1.0,,,1.0,1.0,,,,,,,,0.25,,,,,,,,,,,,,,,,,0.25,,,,,,,24.0,,,,,,,,1.0,1.0,1.0,1.0,,,,,,,,,,,,,,,,,,,,,,,,,,,,,,,,,,,,,,,,,,,,,,,,,,,,,,,1611661323,2020,2020,True
1628280-1629567-201502-202662-203826,1611661323,"Brionna Jones, Natisha Hiedeman, Essence Carson, Jasmine Thomas, Alyssa Thomas","Jones, Hiedeman, Carson, Thomas, Thomas",1628280-1629567-201502-202662-203826,CON,20.0,1,,1.0,,1,,,,,,,,,,,72.0,,18.0,,18.0,,,,,,,,,,,,,,,,,,,,,,,,,,,,,,,,,,,,,,,,,,,,,,,,,,,,,,,,,,,,,,,,,,,,,,,,,,,,,1.0,1.0,,,,,,,,,,,,,,,,,,,,,,,,,,,,,,,,,,,,,,,,,,,,,,,,,,,,,,,,,,,,,,,,,,,,,,,,,,,,,,,,,,,,,,,,,,,,,,,,,,,,,,,,,,,,,,,,,,1611661323,2020,2020,True
1628280-1629567-201886-202662-203826,1611661323,"Brionna Jones, Natisha Hiedeman, DeWanna Bonner, Jasmine Thomas, Alyssa Thomas","Jones, Hiedeman, Bonner, Thomas, Thomas",1628280-1629567-201886-202662-203826,CON,151.0,1,7.0,5.0,4.0,12,,1.0,1.0,2.0,1.0,3.0,3.0,4.0,0.6666666666666666,,114.43708609271523,10.285714285714286,15.8,10.285714285714286,15.8,0.5714285714285714,1.0,3.0,,,,,,2.0,2.0,2.0,2.0,8.0,6.0,,,,2.0,2.0,,1.0,1.0,1.0,2.0,,1.0,,8.0,0.5,0.5,1.0,,1.0,,1.0,,,1.0,1.0,,,,,,,1.0,1.0,1.0,0.5,,,,0.36515,,,5.55,2.0,1.0,,,,,,,4.0,,,,1.0,1.0,,,,,,,2.0,,2.0,1.0,,1.0,,3.0,,5.0,1.0,2.0,1.0,,,,,,,1.0,,1.0,,,0.5,,,,,,,,,,1.0,,,,,,,,,,,,0.6666666666666666,0.6666666666666666,0.125,,,,,,,,,,1.0,,,1.0,,,,,,,,,,,,,,,,,,,,,,,,,,,,,,,,,,,,,,,,,,,,,,,,,,,,,,1611661323,2020,2020,True
1628280-1630097-201502-201886-201896,1611661323,"Brionna Jones, Kaila Charles, Essence Carson, DeWanna Bonner, Briann January","Jones, Charles, Carson, Bonner, January",1628280-1630097-201502-201886-201896,CON,87.0,2,2.0,3.0,,5,,2.0,2.0,,,,,,,,82.75862068965517,15.0,19.0,15.0,19.0,,,1.0,,,,,,,,1.0,1.0,2.0,2.0,,,,2.0,,,1.0,1.0,,2.0,,,,2.0,1.0,1.0,1.0,,0.5,,0.5,,,,1.0,,,,,,,,,,,,,0.5,0.4473,,,21.6,,,,1.0,1.0,1.0,,1.0,,,,,,,1.0,,,1.0,2.0,,,,,,,,,,,,,,,,,,,,,,,,,,,0.5,,,,1.0,,,1.0,1.0,,,,,0.5,1.0,1.0,1.0,0.5,,,,,,,24.3,,,,,,,,,,,,,,,,,,,,,,,,,,,,,,,,,,,,,,,,,,,,,,,,,,,,,,,,,,,,,,,,,,1611661323,2020,2020,True
1628280-1630097-201502-201896-203826,1611661323,"Brionna Jones, Kaila Charles, Essence Carson, Briann January, Alyssa Thomas","Jones, Charles, Carson, January, Thomas",1628280-1630097-201502-201896-203826,CON,102.0,1,3.0,2.0,,5,,1.0,2.0,,,,,,,,70.58823529411765,14.333333333333334,29.5,14.333333333333334,21.5,,,2.0,1.0,,,,,1.0,2.0,1.0,2.0,6.0,3.0,,,2.0,2.0,,,1.0,1.0,1.0,2.0,1.0,,1.0,4.0,1.0,1.0,0.5,,0.5,,0.75,1.0,1.0,,0.3333333333333333,1.0,1.0,,,,,1.0,0.5,0.5,1.0,,,,0.41525,,0.3333333333333333,5.45,3.0,,,,,,,,4.0,,,,,,,,,,1.0,,,,,,,,,3.0,,5.0,1.0,3.0,,1.0,,,1.0,1.0,,,,,,,,,,,,0.5,,,,1.0,,,,,,,,,,,,,0.75,0.75,,,2.0,,,,,,,,,,,,,,,,,,,,,,,,,,,,,,,,,,,,,,,,,,,,,,,,,,,,,,,,,,,,,,,,,1611661323,2020,2020,True
1628280-1630097-201502-202662-203826,1611661323,"Brionna Jones, Kaila Charles, Essence Carson, Jasmine Thomas, Alyssa Thomas","Jones, Charles, Carson, Thomas, Thomas",1628280-1630097-201502-202662-203826,CON,58.0,1,2.0,2.0,2.0,4,,1.0,1.0,,,,,2.0,,,99.3103448275862,15.5,13.5,15.5,13.5,1.0,,1.0,,,1.0,,,,1.0,,2.0,,3.0,,,,,,,,,,,,,,,,,,,,,,,,,1.0,,,,0.5,,,0.5,,,,,,0.5,0.4456,,,3.8,-3.0,2.0,1.0,,,,,,,,2.0,,,,,1.0,,,1.0,,,,,,,,,,,,,,,,,,,,,,,,,,,,0.5,1.0,,1.0,,,1.0,,,,,,,,,,,0.5,,0.4456,,,,,,,,,,,,,,,,,,,,,,,,,,,,,,,,,,,,,,,,,,,,,,,,,,,,,,,,,,,,,,,,,,,,,,1611661323,2020,2020,True
1628280-1630097-201886-201896-202662,1611661323,"Brionna Jones, Kaila Charles, DeWanna Bonner, Briann January, Jasmine Thomas","Jones, Charles, Bonner, January, Thomas",1628280-1630097-201886-201896-202662,CON,202.0,1,6.0,7.0,2.0,13,,3.0,4.0,,,,,2.0,,,92.67326732673267,13.666666666666666,17.142857142857142,13.666666666666666,16.714285714285715,0.3333333333333333,,3.0,1.0,2.0,2.0,1.0,1.0,1.0,2.0,3.0,4.0,11.0,2.0,1.0,1.0,2.0,2.0,4.0,2.0,1.0,1.0,1.0,2.0,,2.0,1.0,9.0,0.3333333333333333,0.5,0.75,1.0,0.75,1.0,0.7857142857142857,1.0,,0.6666666666666666,0.75,,,0.6666666666666666,0.5,1.0,1.0,0.5,0.5,0.5,1.0,1.0,1.0,0.5,0.508975,0.7909,0.18181818181818182,4.625,9.0,,1.0,,,,,,5.0,2.0,2.0,,1.0,5.0,,,,,1.0,,1.0,1.0,,,,1.0,,4.0,,7.0,1.0,3.0,1.0,1.0,,,1.0,1.0,1.0,5.0,,1.0,1.0,1.0,0.8333333333333334,,,,,1.0,,,1.0,,,,1.0,,,,,,,0.5,,0.59715,0.5,0.5,0.45454545454545453,,,,1.0,,,,1.0,,,,,,1.0,1.0,0.5,,,,,,,,,,,,,,,,,,,,,,,,,,,,,,,,,,,,,,,,,,,,,,,,,,,1611661323,2020,2020,True
1628280-1630097-201886-201896-203826,1611661323,"Brionna Jones, Kaila Charles, DeWanna Bonner, Briann January, Alyssa Thomas","Jones, Charles, Bonner, January, Thomas",1628280-1630097-201886-201896-203826,CON,493.0,2,16.0,18.0,8.0,34,,4.0,6.0,,,1.0,,8.0,,,99.3103448275862,15.3125,13.777777777777779,14.625,12.777777777777779,0.5,1.0,8.0,2.0,2.0,3.0,,,4.0,6.0,7.0,10.0,23.0,22.0,,,3.0,8.0,6.0,,4.0,6.0,2.0,14.0,1.0,,2.0,20.0,0.5714285714285714,0.5714285714285714,0.7,,0.625,1.5,0.6764705882352942,1.5,0.3333333333333333,,0.4444444444444444,0.2857142857142857,,,0.1875,0.6666666666666666,0.6666666666666666,0.375,0.6666666666666666,0.6666666666666666,0.5,,,0.5625,0.47453125,0.51555,0.13043478260869565,6.81,1.0,9.0,2.0,1.0,1.0,6.0,4.0,6.0,3.0,4.0,5.0,4.0,1.0,15.0,6.0,,1.0,1.0,4.0,,,,,,,5.0,,2.0,,3.0,1.0,2.0,,1.0,,,1.0,1.0,,15.0,3.0,,0.8,0.7777777777777778,0.8333333333333334,0.375,,,,0.5,1.0,0.6666666666666666,0.3333333333333333,0.5,,,,0.5,0.0625,1.0,1.0,1.0,0.375,0.2222222222222222,0.4444444444444444,0.4973055555555555,0.11764705882352941,0.18181818181818182,0.6521739130434783,25.366666666666664,,,1.0,1.0,1.0,1.0,0.5,1.0,2.0,0.25,0.25,,,,,2.0,1.0,2.0,2.0,1.0,2.0,6.0,2.0,2.0,2.0,1.0,1.0,1.0,0.3333333333333333,1.0,0.5,0.3333333333333333,0.3333333333333333,0.3333333333333333,1.0,1.0,1.0,0.5,0.3333333333333333,,,,,,,,,,,,,,,,,,,,,,,,,,,1611661323,2020,2020,True
1628280-1630097-201886-202662-203826,1611661323,"Brionna Jones, Kaila Charles, DeWanna Bonner, Jasmine Thomas, Alyssa Thomas","Jones, Charles, Bonner, Thomas, Thomas",1628280-1630097-201886-202662-203826,CON,332.0,4,9.0,11.0,5.0,20,,3.0,3.0,,,2.0,2.0,5.0,,,86.74698795180723,17.0,16.272727272727273,17.0,15.0,0.5555555555555556,2.0,6.0,,1.0,1.0,,,,1.0,3.0,6.0,10.0,12.0,,,,6.0,,,3.0,4.0,,9.0,,2.0,,10.0,1.0,1.0,0.5,,0.6428571428571429,,0.625,,,1.0,0.5,,,1.0,0.14285714285714285,1.0,1.0,0.14285714285714285,,,,,,0.2857142857142857,0.3870142857142857,,,14.983333333333334,-2.0,4.0,1.0,2.0,4.0,1.0,1.0,1.0,1.0,2.0,2.0,1.0,,7.0,1.0,,1.0,2.0,1.0,,2.0,1.0,1.0,,,2.0,,3.0,,2.0,,1.0,,1.0,1.0,,,1.0,,7.0,,,1.0,1.1666666666666667,1.1666666666666667,0.14285714285714285,,,,0.25,,,0.5,,1.0,,,1.0,0.5714285714285714,0.5,0.5,1.0,0.14285714285714285,0.3333333333333333,0.3333333333333333,0.3992,0.125,0.14285714285714285,0.7,24.4,,,1.0,,,,1.0,,1.0,,,,,,,1.0,,1.0,1.0,,1.0,3.0,1.0,1.0,1.0,1.0,,1.0,1.0,,1.0,1.0,1.0,1.0,1.0,,,1.0,1.0,1.0,,,,,,,,,,,,,,,,,,,,,,,,,,1611661323,2020,2020,True
1628280-1630097-201896-202662-203826,1611661323,"Brionna Jones, Kaila Charles, Briann January, Jasmine Thomas, Alyssa Thomas","Jones, Charles, January, Thomas, Thomas",1628280-1630097-201896-202662-203826,CON,332.0,2,10.0,11.0,3.0,21,,4.0,5.0,,,1.0,1.0,3.0,,,91.08433734939759,15.9,15.727272727272727,15.1,15.0,0.3,1.0,6.0,1.0,1.0,1.0,,,2.0,3.0,4.0,8.0,11.0,11.0,,1.0,,6.0,2.0,,3.0,3.0,1.0,6.0,,1.0,1.0,11.0,0.75,0.75,0.5,,0.4444444444444444,,0.55,,,0.5,0.5714285714285714,0.2,,,0.1111111111111111,1.0,1.0,0.3333333333333333,0.6666666666666666,0.6666666666666666,0.5,,,0.2222222222222222,0.4285722222222222,,,12.125,,,,1.0,4.0,,,1.0,3.0,1.0,1.0,,2.0,4.0,,,1.0,1.0,3.0,,,,,,,2.0,,2.0,,3.0,1.0,1.0,1.0,1.0,,,1.0,1.0,1.0,4.0,,1.0,1.0,1.0,1.0,0.1111111111111111,,,,0.6,,,0.75,,1.0,,1.0,1.0,0.4444444444444444,0.25,0.25,1.0,,,,0.3762,0.1111111111111111,0.125,0.36363636363636365,23.3,,,,,,,,1.0,1.0,1.0,,,,,,,,,,,,,,,,,,,,,,,,,,,,,,1.0,1.0,1.0,0.1111111111111111,,,,,,,,,,,,,,,,,,,,,,,1611661323,2020,2020,True
1628280-201502-201886-201896-202662,1611661323,"Brionna Jones, Essence Carson, DeWanna Bonner, Briann January, Jasmine Thomas","Jones, Carson, Bonner, January, Thomas",1628280-201502-201886-201896-202662,CON,551.0,2,16.0,15.0,7.0,31,,4.0,6.0,3.0,1.0,6.0,4.0,7.0,0.5,,81.01633393829401,15.3125,20.4,15.1875,19.666666666666668,0.4375,3.0,9.0,2.0,2.0,4.0,1.0,2.0,2.0,4.0,5.0,9.0,10.0,13.0,1.0,2.0,2.0,8.0,2.0,2.0,4.0,4.0,2.0,8.0,2.0,1.0,2.0,8.0,0.8,1.0,0.5555555555555556,0.5,0.4166666666666667,0.5,0.4166666666666667,0.5,0.5,1.0,0.6666666666666666,0.2857142857142857,0.5,1.0,0.3333333333333333,0.5,0.5,0.3333333333333333,0.5,0.5,1.0,1.0,0.5,0.5833333333333334,0.47077083333333336,0.6205,0.2,7.011111111111111,-3.0,6.0,1.0,1.0,1.0,2.0,1.0,3.0,,1.0,3.0,1.0,,2.0,2.0,,1.0,1.0,3.0,,1.0,1.0,,2.0,,4.0,,,,,,,,2.0,1.0,,1.0,2.0,,2.0,,,0.3333333333333333,0.25,0.25,0.25,,,,0.6,0.5,,0.5,1.0,,,,0.5,0.08333333333333333,1.0,1.0,1.0,0.16666666666666666,0.25,0.25,0.4419375,,,0.2,25.5,,,,,,,,,2.0,,,1.0,,,,,,,,,,,,,,1.0,,,,,,,,,,,,,,,1.0,,0.08333333333333333,1.0,,,,,,,,,,,,,,,,,,,,,,1611661323,2020,2020,True
1628280-201502-201896-202662-203826,1611661323,"Brionna Jones, Essence Carson, Briann January, Jasmine Thomas, Alyssa Thomas","Jones, Carson, January, Thomas, Thomas",1628280-201502-201896-202662-203826,CON,67.0,1,2.0,2.0,,4,,1.0,1.0,1.0,1.0,1.0,,,1.0,,85.97014925373134,18.0,15.5,18.0,12.0,,,1.0,,,,,,,,,,2.0,2.0,,,,,,,,,,,,1.0,,2.0,,,,,,,1.0,,,1.0,0.5,,,1.0,,,,,,,,,,,,,,,,,,,,,,,2.0,,,,,,,,,,,,,,,,,,,2.0,,2.0,,1.0,,,,,,,,,,,,,,,,,,,,,,,,,,,,,,,,,,,1.0,1.0,,,,,,,,,,,,,,,,,,,,,,,,,,,,,,,,,,,,,,,,,,,,,,,,,,,,,,,,,,,,,,,,,,,,1611661323,2020,2020,True
1628280-201886-201896-202662-203826,1611661323,"Brionna Jones, DeWanna Bonner, Briann January, Jasmine Thomas, Alyssa Thomas","Jones, Bonner, January, Thomas, Thomas",1628280-201886-201896-202662-203826,CON,7614.0,7,243.0,242.0,33.0,485,2.0,99.0,129.0,29.0,9.0,43.0,8.0,33.0,0.6744186046511628,1.0,91.725768321513,15.77366255144033,15.62396694214876,15.148148148148149,14.888429752066116,0.13580246913580246,14.0,127.0,23.0,33.0,51.0,8.0,13.0,23.0,61.0,77.0,172.0,214.0,251.0,12.0,25.0,27.0,88.0,66.0,16.0,44.0,51.0,15.0,109.0,26.0,26.0,30.0,187.0,0.5714285714285714,0.6376811594202898,0.4476744186046512,0.48,0.419811320754717,0.46551724137931033,0.461038961038961,0.46551724137931033,0.2736842105263158,0.7027027027027027,0.7404580152671756,0.24,0.21052631578947367,0.7857142857142857,0.24056603773584906,0.6470588235294118,0.673469387755102,0.28773584905660377,0.3770491803278688,0.4107142857142857,0.6521739130434783,0.4482758620689655,0.6153846153846154,0.42924528301886794,0.4442372641509434,0.4957730769230769,0.1261682242990654,9.873255813953488,-37.0,40.0,,21.0,60.0,36.0,7.0,40.0,36.0,3.0,14.0,7.0,8.0,20.0,36.0,7.0,18.0,11.0,71.0,6.0,14.0,8.0,6.0,20.0,3.0,44.0,1.0,53.0,2.0,42.0,4.0,18.0,5.0,12.0,4.0,,8.0,12.0,7.0,20.0,4.0,4.0,0.21428571428571427,0.2857142857142857,0.4,0.18867924528301888,0.040697674418604654,0.08196721311475409,,0.7553191489361702,0.3888888888888889,0.65,0.7894736842105263,0.7777777777777778,0.4444444444444444,0.05084745762711865,0.5833333333333334,0.5454545454545454,0.2830188679245283,0.35,0.35,0.5238095238095238,0.16981132075471697,,0.3333333333333333,0.41315476190476186,0.07964601769911504,0.0967741935483871,0.09345794392523364,24.642500000000002,,1.0,,3.0,4.0,0.10344827586206896,,4.0,13.0,0.13333333333333333,0.1111111111111111,3.0,,,,7.0,,2.0,8.0,1.0,2.0,21.0,7.0,7.0,6.0,1.0,1.0,0.875,0.2,0.25,0.2857142857142857,0.2,0.19444444444444445,0.19444444444444445,0.8571428571428571,,,0.2857142857142857,0.19444444444444445,1.0,4.0,0.3333333333333333,0.018867924528301886,2.0,1.0,1.0,1.0,3.0,1.0,5.0,1.0,1.0,1.0,0.0392156862745098,0.28205128205128205,0.25,0.25,1.0,0.034482758620689655,1.0,1.0,,,,,1611661323,2020,2020,True
1628280-201886-201896-202662-203849,1611661323,"Brionna Jones, DeWanna Bonner, Briann January, Jasmine Thomas, Theresa Plaisance","Jones, Bonner, January, Thomas, Plaisance",1628280-201886-201896-202662-203849,CON,279.0,1,11.0,11.0,8.0,22,,4.0,4.0,2.0,,4.0,3.0,8.0,0.5,,113.54838709677418,13.363636363636363,12.0,13.363636363636363,12.0,0.7272727272727273,2.0,5.0,,,1.0,,,1.0,1.0,1.0,4.0,7.0,6.0,,,,,2.0,,,,,,,1.0,,7.0,,,0.25,,0.25,,0.5,,,1.0,0.8,,,1.0,0.25,,,0.25,1.0,1.0,,,,0.25,0.436125,,,12.325,1.0,,1.0,,2.0,,,,5.0,,2.0,,5.0,5.0,,1.0,,,3.0,,1.0,,1.0,2.0,1.0,2.0,,4.0,1.0,6.0,,1.0,2.0,1.0,,,1.0,1.0,,5.0,,2.0,,,0.5,,0.25,,,0.75,,,0.5,1.0,,,,,0.5,,,,,0.5,,0.4747,0.2,0.2,0.7142857142857143,,,,,,,,,,,,,,,,,,,,,,,,,,,,,,,,,,,,,,,,,,,,,1.0,,,,,,,,,,1.0,,,,,,,,,,,,1611661323,2020,2020,True
1629492-1629567-1630097-201502-201886,1611661323,"Beatrice Mompremier, Natisha Hiedeman, Kaila Charles, Essence Carson, DeWanna Bonner","Mompremier, Hiedeman, Charles, Carson, Bonner",1629492-1629567-1630097-201502-201886,CON,58.0,1,2.0,1.0,,3,,1.0,2.0,,,,,,,,74.48275862068965,15.5,27.0,10.0,27.0,,,1.0,1.0,,,,,,,,,2.0,,,,1.0,,,,,,,,,,1.0,1.0,,,,,,,0.3333333333333333,0.5,,,1.0,1.0,,,,,,,,,,,,1.0,0.546,,0.5,,2.0,,,,,1.0,,1.0,2.0,,,,,,1.0,,,,1.0,,,,,,,1.0,,2.0,,4.0,,2.0,,,,,,,,,,,,,,1.0,,,,1.0,,,1.0,,,,,,,,,,1.0,,,,0.6666666666666666,1.0,,24.9,1.0,,,,,,,1.0,,1.0,1.0,,,,,,,,,,,,,,,,,,,,,,,,,,,,,,,,,,,,,,,,,,,,,,,,,,,,,,,1611661323,2020,2020,True
1629492-1629567-1630097-201886-203826,1611661323,"Beatrice Mompremier, Natisha Hiedeman, Kaila Charles, DeWanna Bonner, Alyssa Thomas","Mompremier, Hiedeman, Charles, Bonner, Thomas",1629492-1629567-1630097-201886-203826,CON,996.0,5,28.0,31.0,4.0,59,1.0,10.0,13.0,3.0,,5.0,1.0,4.0,0.6,1.0,85.3012048192771,17.071428571428573,16.70967741935484,15.821428571428571,15.387096774193548,0.14285714285714285,2.0,17.0,3.0,1.0,2.0,,,5.0,8.0,6.0,14.0,26.0,28.0,,1.0,1.0,12.0,,,6.0,7.0,5.0,15.0,3.0,3.0,3.0,25.0,1.0,1.0,0.42857142857142855,,0.32608695652173914,,0.4642857142857143,0.125,0.375,1.0,0.5625,0.21428571428571427,0.6666666666666666,1.0,0.08695652173913043,0.5,1.0,0.34782608695652173,0.625,0.8333333333333334,1.0,,,0.4782608695652174,0.4454886363636364,0.45526666666666665,0.038461538461538464,8.964285714285714,-2.0,3.0,1.0,,4.0,8.0,2.0,9.0,11.0,,3.0,3.0,,,8.0,3.0,1.0,,6.0,,4.0,4.0,,3.0,,9.0,,10.0,,11.0,1.0,4.0,1.0,1.0,,,1.0,1.0,1.0,,,,,,,0.391304347826087,0.21428571428571427,0.25,,0.46153846153846156,1.0,,0.5714285714285714,0.5,,,1.0,1.0,0.17391304347826086,,,,0.34782608695652173,0.16666666666666666,0.3333333333333333,0.42942,0.18518518518518517,0.23529411764705882,,26.433333333333334,1.0,,,1.0,2.0,0.3333333333333333,,,6.0,,,,,,,1.0,,,1.0,,,3.0,1.0,1.0,1.0,1.0,,1.0,0.1111111111111111,,,0.1111111111111111,0.125,0.125,1.0,,,,0.125,,1.0,,0.043478260869565216,1.0,,,1.0,,,,,,,0.5,,,,,0.3333333333333333,,,1.0,1.0,0.16666666666666666,0.1,1611661323,2020,2020,True
1629492-1629567-1630097-201896-203826,1611661323,"Beatrice Mompremier, Natisha Hiedeman, Kaila Charles, Briann January, Alyssa Thomas","Mompremier, Hiedeman, Charles, January, Thomas",1629492-1629567-1630097-201896-203826,CON,365.0,2,13.0,11.0,5.0,24,,2.0,3.0,3.0,1.0,3.0,2.0,5.0,1.0,,94.68493150684932,13.615384615384615,17.09090909090909,13.153846153846153,17.09090909090909,0.38461538461538464,,6.0,1.0,2.0,3.0,,,1.0,2.0,4.0,8.0,12.0,17.0,,1.0,,4.0,4.0,,2.0,2.0,,4.0,1.0,2.0,1.0,12.0,0.5,0.5,0.5,,0.4444444444444444,,0.6,,0.25,1.0,1.0,0.2,,1.0,0.3333333333333333,0.6666666666666666,1.0,0.2222222222222222,0.5,1.0,,,,0.4444444444444444,0.4276333333333333,0.3367,,10.175,-5.0,,,1.0,3.0,,,1.0,4.0,,1.0,1.0,,,,2.0,1.0,1.0,,,1.0,1.0,,2.0,,3.0,,3.0,,4.0,2.0,3.0,,,,,,,,,,,,,,0.1111111111111111,0.25,0.5,,,1.0,,,,,,,0.5,0.3333333333333333,0.3333333333333333,0.3333333333333333,1.0,,,,0.4602,0.3,0.3333333333333333,,24.2,,,,,,,,,2.0,,,,,,,,,,,,,,,,,,,,,,,,,,,,,,,,1.0,,0.1111111111111111,,,,,,,,,,,0.3333333333333333,,,,,,,,1.0,,0.5,,1611661323,2020,2020,True
1629492-1629567-1630097-201896-203849,1611661323,"Beatrice Mompremier, Natisha Hiedeman, Kaila Charles, Briann January, Theresa Plaisance","Mompremier, Hiedeman, Charles, January, Plaisance",1629492-1629567-1630097-201896-203849,CON,21.0,1,,1.0,,1,,,,,,,,,,,68.57142857142857,,21.0,,21.0,,,,,,,,,,,,,,,,,,,,,,,,,,,,,,,,,,,,,,,,,,,,,,,,,,,,,,,,,,,,,,,,,,,,,,,,,,,,,,,,,,,,,,,,,,,,,,,,,,,,,,,,,,,,,,,,,,,,,,,,,,,,,,,,,,,,,,,,,,,,,,,,,,,,,,,,,,,,,,,,,,,,,,,,,,,,,,,,,,,,,,,,,,,,,,,,1611661323,2020,2020,True
1629492-1629567-201502-201896-203826,1611661323,"Beatrice Mompremier, Natisha Hiedeman, Essence Carson, Briann January, Alyssa Thomas","Mompremier, Hiedeman, Carson, January, Thomas",1629492-1629567-201502-201896-203826,CON,64.0,1,2.0,3.0,,5,1.0,2.0,2.0,,,1.0,,,,1.0,112.5,10.5,14.333333333333334,10.5,14.333333333333334,,1.0,1.0,,1.0,1.0,,,,,1.0,1.0,2.0,3.0,,,,2.0,,,1.0,1.0,,2.0,,1.0,,2.0,1.0,1.0,1.0,,1.0,,1.0,,,1.0,1.0,,,1.0,1.0,1.0,1.0,,,,,,,1.0,0.4088,,,3.1,-1.0,,,,,,,,,,,,,,,,1.0,,,,,,,,,2.0,,,,,,,,,,,,,,,,,,,,,,,,,,,,,,,,1.0,,,,,,,,,,,,,,,,,,,,,2.0,,,,,,,,,,,,,,,,,1.0,,,,,,,,,,,,,,,,,,,,,,,,,,,,,,,,,,,,,,,,1611661323,2020,2020,True
1629492-1629567-201502-202662-203826,1611661323,"Beatrice Mompremier, Natisha Hiedeman, Essence Carson, Jasmine Thomas, Alyssa Thomas","Mompremier, Hiedeman, Carson, Thomas, Thomas",1629492-1629567-201502-202662-203826,CON,116.0,1,5.0,4.0,4.0,9,1.0,2.0,3.0,,,,,4.0,,1.0,111.72413793103448,13.4,12.25,12.8,12.25,0.8,,2.0,1.0,1.0,2.0,,,,1.0,1.0,4.0,4.0,4.0,,1.0,,2.0,,,1.0,1.0,,2.0,1.0,,1.0,4.0,1.0,1.0,0.25,,0.2,,0.3333333333333333,,0.3333333333333333,,1.0,0.25,,,0.4,0.5,1.0,0.2,,,,,,0.6,0.42163000000000006,0.2535,,7.075,,4.0,2.0,,1.0,1.0,1.0,1.0,2.0,1.0,4.0,1.0,,2.0,1.0,2.0,1.0,,1.0,,1.0,1.0,,,,1.0,,1.0,,2.0,,1.0,,,,,,,,2.0,,,0.25,0.2,0.2,0.2,0.5,1.0,,1.0,1.0,1.0,,,,,,1.0,0.2,,,,0.2,0.4,0.2,0.42163000000000006,0.16666666666666666,0.2,0.5,23.7,,,1.0,,,,0.5,,1.0,,,,,,,,,,,,,,,,,,,,,,,,,,,,,,,,,,,,,,,,,,,,,0.5,,,,,,,,,,,,1611661323,2020,2020,True
1629492-1629567-201886-201896-203826,1611661323,"Beatrice Mompremier, Natisha Hiedeman, DeWanna Bonner, Briann January, Alyssa Thomas","Mompremier, Hiedeman, Bonner, January, Thomas",1629492-1629567-201886-201896-203826,CON,63.0,1,2.0,2.0,2.0,4,,2.0,2.0,1.0,1.0,1.0,1.0,2.0,1.0,,91.42857142857143,15.5,16.0,15.5,16.0,1.0,,1.0,,,,,,,,,,2.0,,,,,,,,,,,,,,,2.0,,,,,,,1.0,,,,1.0,,,,,,,,,,,,,,,,,,2.0,,,,,,,,2.0,,,,2.0,2.0,,,,,2.0,,,,,,,1.0,,2.0,,2.0,,,1.0,,,,,,,2.0,,1.0,,,1.0,,,,,1.0,,,1.0,1.0,,,,,,,,,,,,,,,1.0,,,,,,,,,,,,,,,,,,,,,,,,,,,,,,,,,,,,,,,,,,,,,,,,,,,,,,,,,,,,,,,,,,,1611661323,2020,2020,True
1629492-1629567-201886-202662-203826,1611661323,"Beatrice Mompremier, Natisha Hiedeman, DeWanna Bonner, Jasmine Thomas, Alyssa Thomas","Mompremier, Hiedeman, Bonner, Thomas, Thomas",1629492-1629567-201886-202662-203826,CON,199.0,1,7.0,6.0,,13,,2.0,5.0,1.0,1.0,1.0,,,1.0,,94.07035175879396,18.285714285714285,11.833333333333334,17.142857142857142,11.833333333333334,,,3.0,2.0,2.0,2.0,1.0,1.0,,4.0,2.0,6.0,7.0,7.0,1.0,2.0,4.0,2.0,2.0,2.0,1.0,1.0,,2.0,2.0,1.0,3.0,3.0,0.5,1.0,0.3333333333333333,0.5,0.2857142857142857,0.5,0.3888888888888889,0.6666666666666666,0.5,1.0,1.0,0.6,0.5,1.0,0.2857142857142857,1.0,1.0,0.5714285714285714,,,,0.5,1.0,0.42857142857142855,0.4911357142857143,0.7222,0.5714285714285714,4.716666666666667,,,,,,1.0,,1.0,3.0,,,,,,1.0,,1.0,,1.0,,1.0,,1.0,,,1.0,,2.0,,4.0,,2.0,,1.0,,,1.0,1.0,1.0,,,,,,,0.14285714285714285,,,,1.0,,,1.0,,,,1.0,0.5,,,,,0.14285714285714285,,,,0.2222222222222222,0.25,,24.3,2.0,,,,,,,1.0,1.0,1.0,1.0,,,,,,,,,,,,,,,,,,,,,,,,,,,,,,,,,,,,,,,,,,,,,,,,,,,,,,,1611661323,2020,2020,True
1629492-1630097-201502-201886-202662,1611661323,"Beatrice Mompremier, Kaila Charles, Essence Carson, DeWanna Bonner, Jasmine Thomas","Mompremier, Charles, Carson, Bonner, Thomas",1629492-1630097-201502-201886-202662,CON,178.0,1,6.0,6.0,,12,,3.0,4.0,,,,,,,,97.07865168539325,12.333333333333334,17.333333333333332,9.333333333333334,17.333333333333332,,,3.0,1.0,1.0,3.0,,,1.0,3.0,2.0,6.0,4.0,6.0,,,,2.0,2.0,,1.0,1.0,,2.0,1.0,1.0,1.0,4.0,0.5,0.5,0.3333333333333333,,0.2857142857142857,,0.2857142857142857,,0.3333333333333333,1.0,1.0,0.25,0.5,1.0,0.42857142857142855,0.3333333333333333,0.5,0.42857142857142855,0.3333333333333333,0.5,,,,0.5714285714285714,0.3994785714285714,0.43305,,7.133333333333333,-2.0,,,,,1.0,,1.0,,,,,,,1.0,2.0,1.0,,2.0,,,,,,,2.0,,,,,,,,,,,,,,,,,,,,0.14285714285714285,0.3333333333333333,0.3333333333333333,,1.0,,1.0,,1.0,,,,1.0,,,,,0.14285714285714285,,,,,,,25.6,,,,1.0,1.0,1.0,,,2.0,,,,,,,,,,,,,,,,,,,,,,,,,,,,,,,,,,,,,,,,,,,,,0.3333333333333333,,,,,,,,,,,,1611661323,2020,2020,True
1629492-1630097-201886-201896-203826,1611661323,"Beatrice Mompremier, Kaila Charles, DeWanna Bonner, Briann January, Alyssa Thomas","Mompremier, Charles, Bonner, January, Thomas",1629492-1630097-201886-201896-203826,CON,175.0,1,5.0,5.0,,10,,1.0,1.0,,,2.0,,,,,82.28571428571429,17.6,17.4,17.6,15.4,,2.0,3.0,,1.0,1.0,,,,,1.0,1.0,4.0,9.0,,,,2.0,,,1.0,1.0,,2.0,,1.0,,4.0,1.0,1.0,1.0,,0.5,,0.6666666666666666,,,1.0,0.5,,,1.0,0.5,1.0,1.0,,,,,,,1.0,0.451625,,,3.5,-5.0,,,,,1.0,,1.0,2.0,,,,,,1.0,,1.0,,,,,,,,,1.0,,1.0,,2.0,,1.0,,1.0,,,1.0,1.0,,,,,,,,0.5,,,,,,,,,,,,1.0,,,,,0.5,,,,0.3333333333333333,0.5,,24.4,,1.0,,,,,,,1.0,,,,,,,,,,,,,,,,,,,,,,,,,,,,,,,,,,,,,,,,,,,,,,,,,,,,,,,,,1611661323,2020,2020,True
1629492-1630097-201886-202662-203826,1611661323,"Beatrice Mompremier, Kaila Charles, DeWanna Bonner, Jasmine Thomas, Alyssa Thomas","Mompremier, Charles, Bonner, Thomas, Thomas",1629492-1630097-201886-202662-203826,CON,295.0,3,11.0,9.0,4.0,20,,3.0,3.0,1.0,1.0,1.0,,4.0,1.0,,97.62711864406779,14.0,15.666666666666666,14.0,15.555555555555555,0.36363636363636365,,5.0,,,1.0,,,2.0,2.0,2.0,6.0,7.0,11.0,,,,2.0,2.0,,1.0,2.0,1.0,5.0,,2.0,,7.0,0.5,0.5,0.3333333333333333,,0.3888888888888889,,0.3888888888888889,,,1.0,0.6,,,1.0,0.1111111111111111,,,0.2222222222222222,1.0,1.0,0.5,,,0.4444444444444444,0.3968333333333333,,,13.016666666666666,-4.0,5.0,,,3.0,2.0,1.0,3.0,,1.0,3.0,1.0,,2.0,2.0,,,,1.0,,,,,,,3.0,,,,,,,,1.0,,,1.0,1.0,1.0,2.0,,,0.3333333333333333,0.25,0.25,0.3333333333333333,,,,0.3333333333333333,,,1.0,,,,1.0,,0.3333333333333333,,,,0.2222222222222222,,0.25,0.3862,,,0.2857142857142857,25.833333333333332,,,,,,,,,3.0,,,,,,,,,,1.0,,,3.0,,1.0,,,,1.0,0.3333333333333333,,,0.3333333333333333,,,,,,,,,1.0,,0.1111111111111111,,1.0,,,,1.0,,,,,,,1.0,1.0,1.0,,,,,,,,1611661323,2020,2020,True
1629492-1630097-201896-202662-203826,1611661323,"Beatrice Mompremier, Kaila Charles, Briann January, Jasmine Thomas, Alyssa Thomas","Mompremier, Charles, January, Thomas, Thomas",1629492-1630097-201896-202662-203826,CON,322.0,3,11.0,10.0,7.0,21,,2.0,3.0,,,1.0,,7.0,,,93.91304347826087,15.0,15.7,15.0,15.5,0.6363636363636364,1.0,5.0,1.0,2.0,3.0,1.0,1.0,,4.0,2.0,8.0,10.0,9.0,1.0,1.0,2.0,2.0,2.0,2.0,1.0,2.0,,5.0,1.0,1.0,1.0,8.0,0.5,1.0,0.25,1.0,0.35,1.0,0.4166666666666667,1.0,0.16666666666666666,1.0,0.6666666666666666,0.14285714285714285,0.25,1.0,0.3,0.6666666666666666,1.0,0.4,,,,1.0,1.0,0.5,0.46258,0.6778,0.2,7.9,1.0,,2.0,,1.0,1.0,,2.0,3.0,1.0,7.0,,3.0,5.0,1.0,1.0,1.0,,1.0,1.0,3.0,1.0,2.0,,,1.0,,5.0,,4.0,,1.0,1.0,,,,,,,5.0,,1.0,0.14285714285714285,0.14285714285714285,0.2777777777777778,0.2,0.125,,,0.5,,,,1.0,,0.16666666666666666,,0.5,0.1,,,,0.1,0.2857142857142857,,0.4286,0.09090909090909091,0.1111111111111111,0.5,23.75,,,1.0,,,,0.5,,,,,,,,,,,,1.0,,,3.0,,1.0,,1.0,,1.0,0.5,,,0.5,,,,,,,,,1.0,,0.1,,1.0,,,,1.0,1.0,,,,0.3333333333333333,,1.0,1.0,1.0,,,,,,,,1611661323,2020,2020,True
1629492-201502-201886-201896-202662,1611661323,"Beatrice Mompremier, Essence Carson, DeWanna Bonner, Briann January, Jasmine Thomas","Mompremier, Carson, Bonner, January, Thomas",1629492-201502-201886-201896-202662,CON,142.0,1,4.0,4.0,,8,,1.0,2.0,,,2.0,,,,,81.12676056338029,17.0,18.5,17.0,18.5,,2.0,2.0,1.0,1.0,1.0,,,,1.0,1.0,2.0,2.0,4.0,,,,2.0,,,1.0,1.0,,2.0,1.0,1.0,1.0,2.0,1.0,1.0,0.5,,0.3333333333333333,,0.3333333333333333,,1.0,1.0,1.0,0.5,1.0,,0.3333333333333333,1.0,1.0,0.3333333333333333,,,,,,0.6666666666666666,0.4912,,,4.05,-2.0,,,,,1.0,,1.0,,,,,,,1.0,1.0,1.0,,,,1.0,1.0,,,,2.0,1.0,1.0,,,,,,,,,,,,,,,,,,0.3333333333333333,0.5,1.0,,,,,,,1.0,,,1.0,,,,,0.3333333333333333,,,,,,,25.2,,,,,,,,,,,,,,,,,,,,,,,,,,,1.0,,,,,,,,,,,,,,,,,,,,,,,,,,,,,,,,,,,,,,,1611661323,2020,2020,True
1629492-201886-201896-202662-203826,1611661323,"Beatrice Mompremier, DeWanna Bonner, Briann January, Jasmine Thomas, Alyssa Thomas","Mompremier, Bonner, January, Thomas, Thomas",1629492-201886-201896-202662-203826,CON,1022.0,4,33.0,35.0,5.0,68,1.0,15.0,19.0,4.0,1.0,6.0,2.0,5.0,0.6666666666666666,1.0,95.81213307240704,14.303030303030303,15.714285714285714,14.030303030303031,13.542857142857143,0.15151515151515152,2.0,17.0,4.0,5.0,8.0,,,3.0,12.0,10.0,24.0,30.0,34.0,1.0,1.0,5.0,8.0,12.0,,4.0,6.0,2.0,14.0,4.0,3.0,4.0,25.0,0.4,0.4,0.4166666666666667,1.0,0.4482758620689655,0.5,0.46875,0.625,0.2857142857142857,0.5,0.7,0.25,0.3333333333333333,0.5,0.27586206896551724,0.625,0.625,0.41379310344827586,0.25,0.25,0.6666666666666666,,,0.4482758620689655,0.4306137931034483,0.453325,0.16666666666666666,8.516666666666667,-4.0,,,2.0,4.0,5.0,2.0,5.0,4.0,,2.0,2.0,,3.0,5.0,,2.0,,11.0,,3.0,1.0,2.0,3.0,1.0,9.0,1.0,4.0,1.0,6.0,,3.0,,1.0,,,1.0,1.0,1.0,3.0,,,,0.375,0.375,0.1724137931034483,,,,0.7857142857142857,0.3333333333333333,0.8,1.0,0.6,0.5,,1.0,0.4,0.13793103448275862,0.5,0.5,,0.1724137931034483,,0.5,0.3111875,0.09375,0.1111111111111111,0.1,26.24,3.0,,,1.0,1.0,0.5,,,6.0,,,,,1.0,,2.0,,1.0,2.0,,1.0,6.0,2.0,2.0,2.0,,,1.0,0.4,,0.5,0.4,0.4,0.4,1.0,,,0.5,0.4,,,,,,,,,,,,,,,,,,,,,,,,,,,1611661323,2020,2020,True
1629492-201896-202662-203826-204321,1611661323,"Beatrice Mompremier, Briann January, Jasmine Thomas, Alyssa Thomas, Kaleena Mosqueda-Lewis","Mompremier, January, Thomas, Thomas, Mosqueda-Lewis",1629492-201896-202662-203826-204321,CON,83.0,1,2.0,2.0,,4,,1.0,1.0,,,,,,,,69.39759036144578,12.0,29.5,12.0,27.0,,,1.0,,,,,,1.0,1.0,1.0,1.0,5.0,2.0,,,,2.0,,,1.0,2.0,1.0,5.0,,,,5.0,1.0,1.0,1.0,,1.25,,1.25,,,,0.25,,,,,,,0.5,1.0,1.0,1.0,,,0.5,0.4195,,,4.1,3.0,2.0,,,,1.0,,1.0,,,,,,,1.0,,,,1.0,,,,,,,1.0,,,,,,,,1.0,,,1.0,1.0,1.0,,,,,,,0.5,,,,0.3333333333333333,,,1.0,,,,1.0,,,,,,0.5,,,,,,,26.5,,,,,,,,,,,,,,,,1.0,,,1.0,,,3.0,1.0,1.0,1.0,,,1.0,1.0,,,1.0,1.0,1.0,1.0,,,,1.0,,,,,,,,,,,,,,,,,,,,,,,,,,,1611661323,2020,2020,True
1629567-1630097-201502-201896-203849,1611661323,"Natisha Hiedeman, Kaila Charles, Essence Carson, Briann January, Theresa Plaisance","Hiedeman, Charles, Carson, January, Plaisance",1629567-1630097-201502-201896-203849,CON,81.0,1,3.0,3.0,3.0,6,,2.0,2.0,,,,,3.0,,,106.66666666666666,7.333333333333333,19.666666666666668,7.333333333333333,19.666666666666668,1.0,,1.0,,1.0,1.0,,,,,2.0,3.0,4.0,,,,,2.0,2.0,,1.0,1.0,,2.0,,1.0,,4.0,0.5,0.5,0.6666666666666666,,0.6666666666666666,,0.6666666666666666,,,1.0,1.0,,,1.0,0.3333333333333333,1.0,1.0,,,,,,,0.3333333333333333,0.43429999999999996,,,11.633333333333333,4.0,3.0,1.0,1.0,2.0,,,,,2.0,3.0,,,4.0,,,,1.0,1.0,,1.0,1.0,,,,1.0,,,,,,,,,,,,,,4.0,,,0.6666666666666666,0.6666666666666666,0.6666666666666666,,,,,1.0,,,,1.0,,,,,0.6666666666666666,0.5,0.5,1.0,,0.3333333333333333,,0.43429999999999996,,,1.0,,,,1.0,,,,1.0,,,,,,,,,,,,,,,,,,,,,,,,,,,,,,,,,,,,,,,,,,,,,,,,,,,,,,,,,,,1611661323,2020,2020,True
1629567-1630097-201502-203849-204321,1611661323,"Natisha Hiedeman, Kaila Charles, Essence Carson, Theresa Plaisance, Kaleena Mosqueda-Lewis","Hiedeman, Charles, Carson, Plaisance, Mosqueda-Lewis",1629567-1630097-201502-203849-204321,CON,233.0,1,7.0,7.0,7.0,14,,2.0,2.0,,,,,7.0,,,86.52360515021459,15.428571428571429,17.857142857142858,15.428571428571429,17.571428571428573,1.0,,4.0,,1.0,1.0,,,,1.0,1.0,4.0,4.0,12.0,,,,2.0,,,1.0,1.0,,2.0,,1.0,,4.0,1.0,1.0,0.25,,0.2,,0.3333333333333333,,,0.5,0.6666666666666666,,,0.5,0.2,1.0,1.0,0.2,,,,,,0.4,0.49938000000000005,,,11.025,-8.0,,1.0,,2.0,1.0,1.0,1.0,2.0,1.0,4.0,1.0,2.0,4.0,1.0,,1.0,,1.0,,,,,,,1.0,,1.0,,2.0,,1.0,,,,,,,,4.0,,,0.25,0.2,0.3333333333333333,0.2,,,,1.0,,,1.0,,,,,1.0,0.4,,,,0.2,0.2,0.2,0.49938000000000005,0.16666666666666666,0.2,1.0,23.6,,,1.0,,,,1.0,,1.0,,,,,,,,,,,,,,,,,,,,,,,,,,,,,,,,,,,,,,,,,,,,,,,,,,,,,,,,,1611661323,2020,2020,True
1629567-201502-201886-201896-203826,1611661323,"Natisha Hiedeman, Essence Carson, DeWanna Bonner, Briann January, Alyssa Thomas","Hiedeman, Carson, Bonner, January, Thomas",1629567-201502-201886-201896-203826,CON,87.0,1,3.0,2.0,,5,,1.0,2.0,,,,,,,,82.75862068965517,15.0,21.0,13.666666666666666,21.0,,,1.0,1.0,,,,,3.0,3.0,3.0,4.0,6.0,,1.0,1.0,2.0,4.0,2.0,,2.0,2.0,2.0,4.0,1.0,,1.0,4.0,0.6666666666666666,0.6666666666666666,0.75,1.0,0.75,1.0,0.75,1.0,1.0,,1.0,1.0,,,,,,0.75,1.0,1.0,0.6666666666666666,,,,0.45145,0.584,0.3333333333333333,10.85,6.0,,,,1.0,,,,,,,,,,,,,,1.0,1.0,1.0,1.0,,,,,,,,,,,,,,,,,,,,,,,,,,,,1.0,,,,1.0,,1.0,,,0.25,,,,,,,,,,,,,,,,,,,,,,,,,,,,,,,,,,,,,,,,,,,,,,,,,,,,,,,,,,,,,,,,,,1.0,,,,,,,,,,,1611661323,2020,2020,True
1629567-201502-201886-202662-203826,1611661323,"Natisha Hiedeman, Essence Carson, DeWanna Bonner, Jasmine Thomas, Alyssa Thomas","Hiedeman, Carson, Bonner, Thomas, Thomas",1629567-201502-201886-202662-203826,CON,220.0,1,7.0,9.0,2.0,16,,1.0,2.0,2.0,,2.0,2.0,2.0,1.0,,104.72727272727273,13.142857142857142,14.222222222222221,13.0,14.222222222222221,0.2857142857142857,,4.0,1.0,,1.0,,,,,,3.0,8.0,13.0,,,3.0,,,,,2.0,,6.0,1.0,1.0,1.0,5.0,,,,,0.6,1.5,0.6666666666666666,1.5,0.3333333333333333,1.0,1.0,0.3333333333333333,,,0.2,,,,,,,,,0.6,0.45747,0.51585,0.375,13.233333333333334,-5.0,3.0,,,2.0,2.0,,2.0,2.0,,,,,,2.0,1.0,,,,,,,,2.0,,2.0,,1.0,,2.0,,1.0,,,,,,,,,,,,,,0.4,0.3333333333333333,,,,,,,,1.0,,,,0.4,,,,0.4,,,,0.16666666666666666,0.25,,24.95,,,,1.0,1.0,1.0,,,2.0,,,,,,,2.0,1.0,,2.0,1.0,,6.0,2.0,2.0,2.0,,,1.0,1.0,1.0,,1.0,1.0,1.0,1.0,1.0,1.0,,1.0,,,,,,,,,,,,,,,1.0,0.5,,,,,,,,,,,1611661323,2020,2020,True
1630097-201886-201896-202662-203826,1611661323,"Kaila Charles, DeWanna Bonner, Briann January, Jasmine Thomas, Alyssa Thomas","Charles, Bonner, January, Thomas, Thomas",1630097-201886-201896-202662-203826,CON,13.0,1,,1.0,,1,,1.0,1.0,,,,,,,,110.76923076923076,,12.0,,12.0,,,,,,,,,,,,,,,,,,,,,,,,,,,,,,,,,,,,,,,1.0,,,,,,,,,,,,,,,,,,,1.0,,,,,,,,,,,,,,,,,1.0,,,,,,,,,,,,,,,,,,,,,,,,,,,,,,,1.0,,,,1.0,,,,,,,,,,,,,,,,,,,,,,,,,,,,,,,,,,,,,,,,,,,,,,,,,,,,,,,,,,,,,,,,,,,,,,,,,,,,,,,,,,1611661323,2020,2020,True
201502-201886-201896-202662-203826,1611661323,"Essence Carson, DeWanna Bonner, Briann January, Jasmine Thomas, Alyssa Thomas","Carson, Bonner, January, Thomas, Thomas",201502-201886-201896-202662-203826,CON,163.0,1,7.0,7.0,6.0,14,,1.0,1.0,2.0,1.0,3.0,3.0,6.0,0.6666666666666666,,123.68098159509202,11.0,12.285714285714286,11.0,12.285714285714286,0.8571428571428571,1.0,3.0,,,,,,,1.0,,1.0,5.0,7.0,,,,,,,,1.0,,3.0,,,,5.0,,,,,0.5,,0.625,,,,1.0,,,,,,,0.3333333333333333,,,,,,0.6666666666666666,0.51525,,,7.2,-2.0,,,,,2.0,2.0,2.0,2.0,,,2.0,2.0,5.0,2.0,,,,1.0,,1.0,1.0,,1.0,1.0,1.0,,2.0,,2.0,,1.0,,,,,,,,5.0,,,,0.75,0.8333333333333334,0.6666666666666666,,,,1.0,,,1.0,,,,,,,,,,0.6666666666666666,,1.0,0.570225,0.25,0.5,1.0,23.65,,,,,,,,,1.0,,,,,,,1.0,,1.0,1.0,,1.0,3.0,1.0,1.0,1.0,,,1.0,0.5,,0.5,0.5,0.5,0.5,1.0,,,0.5,0.5,,,,,,,,,,,,,,,,,,,,,,,,,,,1611661323,2020,2020,True
