EntityId,TeamId,Name,ShortName,RowId,TeamAbbreviation,SecondsPlayed,GamesPlayed,Minutes,PlusMinus,OffPoss,DefPoss,TotalPoss,LongMidRangeFGM,LongMidRangeFGA,FG2M,FG2A,Points,PtsUnassisted2s,DefTwoPtRebounds,DefRebounds,Rebounds,DeadBallTurnovers,Turnovers,Fouls,Offensive Fouls,FoulsDrawn,Charge Fouls Drawn,FirstChancePoints,Fg2Pct,EfgPct,TsPct,DefTwoPtReboundPct,DefFGReboundPct,DefShortMidRangeReboundPct,Pace,SecondsPerPossOff,SecondsPerPossDef,SecondsExcludingORebsPerPossOff,SecondsExcludingORebsPerPossDef,LongMidRangeFrequency,LongMidRangeAccuracy,UnblockedLongMidRangeAccuracy,ShotQualityAvg,Avg2ptShotDistance,PenaltyOffPoss,PenaltyDefPoss,Arc3FGA,FG3A,OpponentPoints,PenaltyFG2M,PenaltyFG2A,PenaltyPoints,PtsAssisted2s,NonHeaveArc3FGA,TwoPtAssists,Assists,LongMidRangeAssists,AssistPoints,LiveBallTurnovers,LostBallTurnovers,PenaltyTurnovers,ShootingFouls,Blocked2s,BlockedAtRim,Blocks,PenaltyPointsExcludingTakeFouls,PenaltyOffPossExcludingTakeFouls,Assisted2sPct,NonPutbacksAssisted2sPct,PenaltyFg2Pct,PenaltyEfgPct,PenaltyTsPct,FG3APct,LiveBallTurnoverPct,DefLongMidRangeReboundPct,LongMidRangePctAssisted,Arc3Frequency,AtRimFG3AFrequency,PenaltyShotQualityAvg,PenaltyPointsPct,Avg3ptShotDistance,PenaltyOffPossPct,SecondChanceOffPoss,ShortMidRangeFGA,Corner3FGA,PenaltyCorner3FGA,FtPoints,SecondChanceFG2A,PenaltyFG3A,PenaltyFtPoints,OffThreePtRebounds,OffRebounds,FTA,TwoPtShootingFoulsDrawn,OffThreePtReboundPct,OffFGReboundPct,OffCorner3ReboundPct,ShortMidRangeFrequency,Corner3Frequency,PenaltyCorner3Frequency,SecondChanceShotQualityAvg,ShootingFoulsDrawnPct,TwoPtShootingFoulsDrawnPct,AtRimFGM,AtRimFGA,PenaltyAtRimFGM,PenaltyAtRimFGA,DefThreePtRebounds,DefThreePtReboundPct,DefArc3ReboundPct,AtRimFrequency,AtRimAccuracy,UnblockedAtRimAccuracy,PenaltyAtRimFrequency,PenaltyAtRimAccuracy,BadPassTurnovers,ShortMidRangeFGM,Charge Fouls,ShortMidRangeAccuracy,UnblockedShortMidRangeAccuracy,Arc3FGM,PenaltyArc3FGM,PenaltyArc3FGA,FG3M,PenaltyFG3M,PtsAssisted3s,NonHeaveArc3FGM,ThreePtAssists,Arc3Assists,Assisted3sPct,Fg3Pct,PenaltyFg3Pct,NonHeaveFg3Pct,Arc3Accuracy,UnblockedArc3Accuracy,Arc3PctAssisted,PenaltyArc3Frequency,PenaltyArc3Accuracy,NonHeaveArc3Accuracy,SecondChanceFG2M,SecondChancePoints,PtsPutbacks,Fg2aBlocked,OffTwoPtRebounds,SecondChanceFg2Pct,SecondChanceEfgPct,SecondChanceTsPct,FG2APctBlocked,ShortMidRangePctBlocked,OffTwoPtReboundPct,OffShortMidRangeReboundPct,SecondChancePointsPct,SecondChanceAtRimFGA,SecondChanceArc3FGM,SecondChanceArc3FGA,SecondChanceFG3M,SecondChanceFG3A,AtRimAssists,ShortMidRangeAssists,Steals,BadPassSteals,Travels,SecondChanceTurnovers,ThreePtShootingFoulsDrawn,BlockedShortMidRange,SecondChanceFg3Pct,OffAtRimReboundPct,OffLongMidRangeReboundPct,OffArc3ReboundPct,DefCorner3ReboundPct,AtRimPctAssisted,ShortMidRangePctAssisted,SecondChanceAtRimFrequency,SecondChanceArc3Frequency,SecondChanceArc3Accuracy,SecondChanceArc3PctAssisted,ThreePtShootingFoulsDrawnPct,SecondChanceFtPoints,FTDefRebounds,LostBallSteals,BadPassOutOfBoundsTurnovers,Offensive Fouls Drawn,NonShootingFoulsDrawn,BlockedLongMidRange,RecoveredBlocks,NonShootingPenaltyNonTakeFoulsDrawn,DefFTReboundPct,BlocksRecoveredPct,SelfOReb,Loose Ball Fouls Drawn,DefAtRimReboundPct,SelfORebPct,SecondChanceAtRimFGM,PtsUnassisted3s,LostBallOutOfBoundsTurnovers,2pt And 1 Free Throw Trips,NonShootingPenaltyNonTakeFouls,SecondChanceAtRimAccuracy,Loose Ball Fouls,Corner3FGM,Corner3Assists,AtRimPctBlocked,Corner3Accuracy,UnblockedCorner3Accuracy,Corner3PctAssisted,SecondChanceCorner3FGA,FTOffRebounds,StepOutOfBoundsTurnovers,Blocked3s,BlockedArc3,3SecondViolations,Defensive 3 Seconds Violations,OffFTReboundPct,SecondChanceAtRimPctAssisted,SecondChanceCorner3Frequency,HeaveAttempts,SecondChanceCorner3FGM,Fg3aBlocked,FG3APctBlocked,Arc3PctBlocked,SecondChanceCorner3Accuracy,SecondChanceCorner3PctAssisted,PenaltyCorner3FGM,PenaltyCorner3Accuracy,Clear Path Fouls,LongMidRangePctBlocked,Technical Free Throw Trips,Corner3PctBlocked,team_id,year,season,team_vs
1628263-1629498-201881-202670-204324,1611661319,"Lindsay Allen, Jackie Young, Angel McCoughtry, Carolyn Swords, Dearica Hamby","Allen, Young, McCoughtry, Swords, Hamby",1628263-1629498-201881-202670-204324,LVA,47.0,1,1.0,2.0,2.0,2.0,4.0,1.0,1.0,1.0,1.0,2.0,2.0,1.0,1.0,1.0,1.0,1.0,1.0,1.0,1.0,1.0,2.0,1.0,1.0,1.0,1.0,1.0,1.0,122.55319148936171,8.0,15.5,8.0,15.5,1.0,1.0,1.0,0.4065,16.9,,,,,,,,,,,,,,,,,,,,,,,,,,,,,,,,,,,,,,,,,,,,,,,,,,,,,,,,,,,,,,,,,,,,,,,,,,,,,,,,,,,,,,,,,,,,,,,,,,,,,,,,,,,,,,,,,,,,,,,,,,,,,,,,,,,,,,,,,,,,,,,,,,,,,,,,,,,,,,,,,,,,,,,,,,,,,,,,,,,,,,,,,1611661319,2020,2020,True
1628932-1629498-202658-202670-204324,1611661319,"A'ja Wilson, Jackie Young, Danielle Robinson, Carolyn Swords, Dearica Hamby","Wilson, Young, Robinson, Swords, Hamby",1628932-1629498-202658-202670-204324,LVA,170.0,1,3.0,-6.0,7.0,7.0,14.0,1.0,2.0,1.0,2.0,2.0,,3.0,3.0,3.0,,3.0,1.0,,1.0,,2.0,0.5,0.3333333333333333,0.3333333333333333,0.75,0.75,1.0,118.58823529411764,14.714285714285714,9.571428571428571,14.714285714285714,9.428571428571429,0.6666666666666666,0.5,0.5,0.4397333333333333,17.3,3.0,3.0,1.0,1.0,8.0,1.0,1.0,2.0,2.0,1.0,1.0,1.0,1.0,2.0,3.0,3.0,1.0,1.0,1.0,1.0,1.0,2.0,3.0,1.0,1.0,1.0,1.0,1.0,0.3333333333333333,1.0,1.0,1.0,0.3333333333333333,0.3333333333333333,0.3529,1.0,23.9,0.42857142857142855,,,,,,,,,,,,,,,,,,,,,,,,,,,,,,,,,,,,,,,,,,,,,,,,,,,,,,,,,,,,,,,,,,,,,,,,,,,,,,,,,,,,,,,,,,,,,,,,,,,,,,,,,,,,,,,,,,,,,,,,,,,,,,,,,,,,,,,,,,,,,,,,,,,1611661319,2020,2020,True
1628932-201881-203411-203825-204324,1611661319,"A'ja Wilson, Angel McCoughtry, Sugar Rodgers, Kayla McBride, Dearica Hamby","Wilson, McCoughtry, Rodgers, McBride, Hamby",1628932-201881-203411-203825-204324,LVA,13.0,1,,,,,,,,,,,,,,,,,,,,,,,,,,,,,,,,,,,,,,,,,,,,,,,,,,,,,,,,,,,,,,,,,,,,,,,,,,,,,,,,,,,,,,,,,,,,,,,,,,,,,,,,,,,,,,,,,,,,,,,,,,,,,,,,,,,,,,,,,,,,,,,,,,,,,,,,,,,,,,,,,,,,,,,,,,,,,,,,,,,,,,,,,,,,,,,,,,,,,,,,,,,,,,,,,,,,,,,,,,,,,,1611661319,2020,2020,True
1628263-1628932-1629498-202658-204324,1611661319,"Lindsay Allen, A'ja Wilson, Jackie Young, Danielle Robinson, Dearica Hamby","Allen, Wilson, Young, Robinson, Hamby",1628263-1628932-1629498-202658-204324,LVA,3.0,1,,-2.0,1.0,1.0,2.0,,,,,,,,,,,1.0,,,,,,,,,,,,960.0,3.0,,3.0,,,,,,,,1.0,,,2.0,,,,,,,,,,1.0,1.0,,,,,,,,,,,,,,1.0,,,,,,,,,,,,,,,,,,,,,,,,,,,,,,,,,,,,,,,,,,,,,,,,,,,,,,,,,,,,,,,,,,,,,,,,,,,,,,,,,,,,,,,,,,,,,,,,,,,,,,,,,,,,,,,,,,,,,,,,,,,,,,,,,,,,,,,,,,,,,,,,,,,,,,,,,,,1611661319,2020,2020,True
1628263-1628932-1629498-202658-203825,1611661319,"Lindsay Allen, A'ja Wilson, Jackie Young, Danielle Robinson, Kayla McBride","Allen, Wilson, Young, Robinson, McBride",1628263-1628932-1629498-202658-203825,LVA,2.0,1,,,,,,,,,,,,,,,,,,,,,,,,,,,,,,,,,,,,,,,,,,,,,,,,,,,,,,,,,,,,,,,,,,,,,,,,,,,,,,,,,,,,,,,,,,,,,,,,,,,,,,,,,,,,,,,,,,,,,,,,,,,,,,,,,,,,,,,,,,,,,,,,,,,,,,,,,,,,,,,,,,,,,,,,,,,,,,,,,,,,,,,,,,,,,,,,,,,,,,,,,,,,,,,,,,,,,,,,,,,,,,1611661319,2020,2020,True
1628932-1629498-1629570-202658-203411,1611661319,"A'ja Wilson, Jackie Young, Megan Huff, Danielle Robinson, Sugar Rodgers","Wilson, Young, Huff, Robinson, Rodgers",1628932-1629498-1629570-202658-203411,LVA,51.0,1,1.0,1.0,1.0,1.0,2.0,,,,1.0,1.0,,1.0,1.0,2.0,,,,,1.0,,1.0,,,0.16666666666666666,1.0,1.0,,56.470588235294116,44.0,7.0,28.0,7.0,,,,0.461175,4.8,1.0,1.0,,1.0,,,1.0,1.0,,,,,,,,,,,,,,1.0,1.0,,,,,0.16666666666666666,0.5,,1.0,,,0.5,0.461175,1.0,22.4,1.0,1.0,1.0,1.0,1.0,1.0,1.0,1.0,1.0,1.0,1.0,2.0,1.0,1.0,0.5,1.0,0.5,0.5,0.5,0.4413,0.3333333333333333,0.5,,,,,,,,,,,,,,,,,,,,,,,,,,,,,,,,,,,,,,,,,,,,,,,,,,,,,,,,,,,,,,,,,,,,,,,,,,,,,,,,,,,,,,,,,,,,,,,,,,,,,,,,,,,,,,,,,,,,,,,,,,,,,,1611661319,2020,2020,True
1628932-202658-203069-203825-204324,1611661319,"A'ja Wilson, Danielle Robinson, Avery Warley-Talbert, Kayla McBride, Dearica Hamby","Wilson, Robinson, Warley-Talbert, McBride, Hamby",1628932-202658-203069-203825-204324,LVA,55.0,1,1.0,2.0,1.0,2.0,3.0,,,1.0,1.0,2.0,2.0,,1.0,1.0,,,,,,,2.0,1.0,1.0,1.0,,1.0,,78.54545454545455,21.0,17.0,21.0,17.0,,,,0.577,1.7,1.0,2.0,,,,1.0,1.0,2.0,,,,,,,,,,,,,,2.0,1.0,,,1.0,1.0,1.0,,,,,,1.0,0.577,1.0,,1.0,,,,,,,,,,,,,,,,,,,,,,1.0,1.0,1.0,1.0,1.0,1.0,1.0,1.0,1.0,1.0,1.0,1.0,,,,,,,,,,,,,,,,,,,,,,,,,,,,,,,,,,,,,,,,,,,,,,,,,,,,,,,,,,,,,,,,,,,,,,,,,,,,,,,,,,,,,,,,,,,,,,,,,,,,,,,,,,,,,,,,,,1611661319,2020,2020,True
1629498-1629570-202658-203825-204324,1611661319,"Jackie Young, Megan Huff, Danielle Robinson, Kayla McBride, Dearica Hamby","Young, Huff, Robinson, McBride, Hamby",1629498-1629570-202658-203825-204324,LVA,25.0,1,,,1.0,,1.0,,,,,,,,,,,1.0,,,,,,,,,,,,57.599999999999994,23.0,,23.0,,,,,,,1.0,,,,,,,,,,,,,,1.0,,1.0,,,,,,1.0,,,,,,,1.0,,,,,,,,1.0,,,,,,,,,,,,,,,,,,,,,,,,,,,,,,,,,,1.0,,,,,,,,,,,,,,,,,,,,,,,,,,,,,,,,,,,,,,,,,,,,,,,,,,,,,,,,,,,,,,,,,,,,,,,,,,,,,,,,,,,,,,,,,,,,,,,,,,,,,,,,,,,,,,,,,1611661319,2020,2020,True
1629498-201881-202658-202670-203825,1611661319,"Jackie Young, Angel McCoughtry, Danielle Robinson, Carolyn Swords, Kayla McBride","Young, McCoughtry, Robinson, Swords, McBride",1629498-201881-202658-202670-203825,LVA,45.0,1,1.0,,2.0,1.0,3.0,,,1.0,1.0,2.0,2.0,,,,1.0,1.0,1.0,,,,2.0,1.0,1.0,1.0,,,,96.0,16.0,13.0,16.0,13.0,,,,0.3245,4.0,,1.0,,,2.0,,,,,,,,,,,,,,,,,,,,,,,,,,,,,,,,,,,1.0,,,,,,,,,,,,,,1.0,,,,,,,,,,,,,,,,,,,1.0,1.0,1.0,1.0,,,,,,,,,,,,,,,,,,,,,,,,,,,,,,,,,,,,,,,,,,,,,,,,,,,,,,,,,,,,,,,,,,,,,,,,,,,,,,,,,,,,,,,,,,,,,,,,,,,,,,,,,,,,,1611661319,2020,2020,True
1629498-202658-202670-203069-204324,1611661319,"Jackie Young, Danielle Robinson, Carolyn Swords, Avery Warley-Talbert, Dearica Hamby","Young, Robinson, Swords, Warley-Talbert, Hamby",1629498-202658-202670-203069-204324,LVA,43.0,1,1.0,1.0,2.0,2.0,4.0,,,,,3.0,,,,,1.0,1.0,1.0,,,,3.0,,1.5,1.5,,,,133.95348837209303,10.5,11.0,10.5,11.0,,,,0.4056,,2.0,2.0,1.0,1.0,2.0,,,3.0,,1.0,,1.0,,3.0,,,1.0,,,,,3.0,2.0,,,,1.5,1.5,1.0,,,,1.0,1.0,0.4056,1.0,26.0,1.0,,,,,,,1.0,,,,,,,,,,,,,,,,,,,,,,,,,,,,,1.0,,,1.0,1.0,1.0,1.0,1.0,3.0,1.0,1.0,1.0,1.0,1.0,1.0,1.0,1.0,1.0,1.0,1.0,1.0,1.0,,,,,,,,,,,,,,,,,,,,,,,,,,,,,,,,,,,,,,,,,,,,,,,,,,,,,,,,,,,,,,,,,,,,,,,,,,,,,,,,,,,,,,,,,,1611661319,2020,2020,True
1628263-1628932-1629498-201881-203411,1611661319,"Lindsay Allen, A'ja Wilson, Jackie Young, Angel McCoughtry, Sugar Rodgers","Allen, Wilson, Young, McCoughtry, Rodgers",1628263-1628932-1629498-201881-203411,LVA,80.0,1,1.0,-3.0,3.0,3.0,6.0,,,1.0,4.0,2.0,2.0,1.0,1.0,2.0,,,1.0,,,,,0.25,0.25,0.25,1.0,1.0,1.0,108.0,14.0,12.666666666666666,8.666666666666666,12.666666666666666,,,,0.40955,8.0,,,,,5.0,,,,,,,,,,,,,1.0,,,,,,,,,,,,,,,,,,,,,2.0,4.0,,,,2.0,,,,1.0,,,,0.3333333333333333,,1.0,,,0.4266,,,,,,,,,,,,,,,,1.0,,0.25,0.3333333333333333,,,,,,,,,,,,,,,,,,,,1.0,2.0,2.0,1.0,1.0,0.5,0.5,0.5,0.25,0.25,0.3333333333333333,0.3333333333333333,1.0,,,,,,,,,,,,,,,,,,,,,,,,,,,,,,,,,,,,,,,,,,,,,,,,,,,,,,,,,,,,,,,,,,,,,,,,,,,,,1611661319,2020,2020,True
1628263-1628932-1629498-201881-204324,1611661319,"Lindsay Allen, A'ja Wilson, Jackie Young, Angel McCoughtry, Dearica Hamby","Allen, Wilson, Young, McCoughtry, Hamby",1628263-1628932-1629498-201881-204324,LVA,831.0,3,14.0,1.0,27.0,26.0,53.0,1.0,6.0,6.0,16.0,26.0,6.0,8.0,11.0,18.0,3.0,8.0,6.0,,4.0,1.0,21.0,0.375,0.4375,0.5,0.7272727272727273,0.7857142857142857,0.625,91.84115523465704,16.51851851851852,14.807692307692308,14.62962962962963,14.538461538461538,0.25,0.16666666666666666,0.16666666666666666,0.4674020833333334,9.95625,1.0,6.0,6.0,8.0,25.0,,1.0,,6.0,6.0,3.0,6.0,,15.0,5.0,3.0,1.0,1.0,1.0,,1.0,,1.0,0.5,0.6,,,,0.3333333333333333,0.625,1.0,,0.25,0.4583333333333333,0.43615,,24.9625,0.037037037037037035,6.0,7.0,2.0,,5.0,2.0,1.0,,2.0,7.0,5.0,1.0,0.4,0.4666666666666667,0.5,0.2916666666666667,0.08333333333333333,,0.4028,0.07692307692307693,0.058823529411764705,2.0,3.0,,1.0,3.0,1.0,1.0,0.125,0.6666666666666666,0.6666666666666666,0.5,,2.0,3.0,1.0,0.42857142857142855,0.6,3.0,,1.0,3.0,,9.0,3.0,3.0,3.0,1.0,0.375,,0.375,0.5,0.5,1.0,0.5,,0.5,1.0,5.0,2.0,2.0,5.0,0.5,0.8333333333333334,0.8333333333333334,0.125,0.2857142857142857,0.5,0.5,0.19230769230769232,1.0,1.0,1.0,1.0,1.0,2.0,1.0,2.0,2.0,2.0,4.0,1.0,1.0,1.0,1.0,0.4,0.3333333333333333,1.0,1.0,0.3333333333333333,0.3333333333333333,0.3333333333333333,1.0,1.0,0.1111111111111111,,,,,,,,,,,,,,,,,,,,,,,,,,,,,,,,,,,,,,,,,,,,,,,,,,,,1611661319,2020,2020,True
1628263-1628932-1629498-202670-203825,1611661319,"Lindsay Allen, A'ja Wilson, Jackie Young, Carolyn Swords, Kayla McBride","Allen, Wilson, Young, Swords, McBride",1628263-1628932-1629498-202670-203825,LVA,991.0,6,17.0,-3.0,33.0,34.0,67.0,3.0,11.0,9.0,22.0,28.0,6.0,11.0,14.0,16.0,1.0,1.0,4.0,,7.0,1.0,26.0,0.4090909090909091,0.3870967741935484,0.4117647058823529,0.7333333333333333,0.7647058823529411,0.7,97.35620585267407,14.787878787878787,14.794117647058824,14.333333333333334,14.058823529411764,0.3548387096774194,0.2727272727272727,0.2727272727272727,0.4444596774193548,12.140909090909092,6.0,16.0,8.0,9.0,31.0,1.0,3.0,7.0,12.0,8.0,6.0,8.0,2.0,18.0,,,1.0,3.0,2.0,,2.0,7.0,6.0,0.6666666666666666,0.6666666666666666,0.3333333333333333,0.5,0.5833333333333334,0.2903225806451613,,0.8,0.6666666666666666,0.25806451612903225,0.41935483870967744,0.45263,0.25,24.711111111111112,0.18181818181818182,2.0,7.0,1.0,,4.0,1.0,2.0,2.0,1.0,2.0,6.0,2.0,0.14285714285714285,0.1,,0.22580645161290322,0.03225806451612903,,,0.06060606060606061,0.08333333333333333,2.0,4.0,1.0,2.0,2.0,1.0,1.0,0.12903225806451613,0.5,0.5,0.4,0.5,,4.0,,0.5714285714285714,0.5714285714285714,2.0,1.0,2.0,2.0,1.0,6.0,2.0,2.0,2.0,1.0,0.2222222222222222,0.5,0.2222222222222222,0.25,0.25,1.0,0.4,0.5,0.25,,2.0,,,1.0,,,0.5,,,0.07692307692307693,,0.07142857142857142,,,,,,1.0,3.0,3.0,2.0,,,,1.0,,,0.125,0.16666666666666666,,0.5,0.75,,,,,,2.0,1.0,1.0,1.0,1.0,1.0,1.0,2.0,1.0,1.0,1.0,,,,,,,,,,,,,,,,,,,,,,,,,,,,,,,,,,,,,,,,,1611661319,2020,2020,True
1628263-1628932-201881-203411-204324,1611661319,"Lindsay Allen, A'ja Wilson, Angel McCoughtry, Sugar Rodgers, Dearica Hamby","Allen, Wilson, McCoughtry, Rodgers, Hamby",1628263-1628932-201881-203411-204324,LVA,251.0,2,4.0,5.0,9.0,9.0,18.0,,2.0,,6.0,7.0,,2.0,5.0,9.0,,1.0,,,5.0,,7.0,,0.15,0.2916666666666667,1.0,0.8333333333333334,,103.26693227091633,16.22222222222222,11.666666666666666,13.11111111111111,11.666666666666666,0.2,,,0.462835,10.4,,1.0,4.0,4.0,2.0,,,,,4.0,,1.0,,3.0,1.0,,,,,,,,,,,,,,0.4,1.0,1.0,,0.4,0.5,,,24.75,,3.0,3.0,,,4.0,2.0,,,2.0,4.0,4.0,2.0,0.6666666666666666,0.4444444444444444,,0.3,,,0.46815,0.16666666666666666,0.25,,1.0,,,3.0,0.75,0.6666666666666666,0.1,,,,,1.0,,,,,1.0,,,1.0,,3.0,1.0,1.0,1.0,1.0,0.25,,0.25,0.25,0.25,1.0,,,0.25,,,,1.0,2.0,,,,0.16666666666666666,0.3333333333333333,0.3333333333333333,0.3333333333333333,,,,1.0,,1.0,,,2.0,1.0,,1.0,,,,1.0,,0.6666666666666666,1.0,,,,0.3333333333333333,,,,,,1.0,,,,,,,,,1.0,1.0,1.0,0.125,,,,,,,,,,,,,,,,,,,,,,,,,,,,,,,,,,,,,1611661319,2020,2020,True
1628263-1628932-201881-203825-204324,1611661319,"Lindsay Allen, A'ja Wilson, Angel McCoughtry, Kayla McBride, Dearica Hamby","Allen, Wilson, McCoughtry, McBride, Hamby",1628263-1628932-201881-203825-204324,LVA,2013.0,14,34.0,-7.0,72.0,75.0,147.0,3.0,6.0,16.0,28.0,73.0,20.0,18.0,22.0,27.0,5.0,15.0,21.0,1.0,17.0,1.0,69.0,0.5714285714285714,0.5603448275862069,0.5887096774193549,0.9,0.88,0.9166666666666666,105.1564828614009,14.86111111111111,12.573333333333334,14.597222222222221,12.52,0.10344827586206896,0.5,0.5,0.4884172413793103,7.932142857142857,2.0,16.0,27.0,30.0,80.0,2.0,2.0,4.0,12.0,27.0,6.0,15.0,2.0,39.0,10.0,5.0,,8.0,2.0,,2.0,4.0,2.0,0.375,0.42857142857142855,1.0,1.0,1.0,0.5172413793103449,0.6666666666666666,0.8571428571428571,0.6666666666666666,0.46551724137931033,0.6896551724137931,0.4044,0.0547945205479452,24.733333333333334,0.027777777777777776,5.0,12.0,3.0,,8.0,2.0,,,2.0,5.0,10.0,6.0,0.10526315789473684,0.16129032258064516,,0.20689655172413793,0.05172413793103448,,0.5371375,0.0967741935483871,0.1875,8.0,10.0,1.0,1.0,4.0,0.8,1.0,0.1724137931034483,0.8,0.8,0.5,1.0,5.0,5.0,1.0,0.4166666666666667,0.4166666666666667,11.0,,,11.0,,27.0,11.0,9.0,9.0,0.8181818181818182,0.36666666666666664,,0.36666666666666664,0.4074074074074074,0.4074074074074074,0.8181818181818182,,,0.4074074074074074,2.0,4.0,4.0,,3.0,1.0,0.5,0.5,,,0.25,0.2857142857142857,0.0547945205479452,1.0,,2.0,,2.0,3.0,1.0,8.0,7.0,,1.0,,2.0,,,0.3333333333333333,0.125,0.5,0.375,0.2,0.25,0.5,,,,,,1.0,2.0,2.0,,,2.0,,,1.0,1.0,2.0,1.0,0.03225806451612903,1.0,6.0,1.0,2.0,2.0,1.0,,,,,,,,,,,,,,,,,,,,,,,,,,,,,,,1611661319,2020,2020,True
1628263-1628932-202658-203825-204324,1611661319,"Lindsay Allen, A'ja Wilson, Danielle Robinson, Kayla McBride, Dearica Hamby","Allen, Wilson, Robinson, McBride, Hamby",1628263-1628932-202658-203825-204324,LVA,86.0,1,1.0,-2.0,3.0,3.0,6.0,,,1.0,1.0,2.0,,,1.0,1.0,1.0,2.0,2.0,,1.0,,2.0,1.0,1.0,1.0,,,,100.46511627906976,10.333333333333334,18.333333333333332,9.333333333333334,18.333333333333332,,,,0.4802,3.3,1.0,2.0,,,4.0,,,,2.0,,1.0,1.0,,2.0,1.0,,1.0,2.0,,,,,1.0,1.0,1.0,,,,,0.5,,,,1.0,,,,0.3333333333333333,1.0,,,,,,,,,,,,,,,,,,,,,1.0,1.0,,,,,,1.0,1.0,1.0,,,1.0,,,,,,,,,,,,,,,,,,,,,,,,,,,,,,,,,,,,,,,,,,1.0,,,,,1.0,,,,,,,,1.0,,,,,,,,1.0,,,,,,,,1.0,,,,,,,,1.0,,,,,,,,,,,,,,,,,,,,,,,,,,,,,,,,,,1611661319,2020,2020,True
1628263-1628932-202670-203411-203825,1611661319,"Lindsay Allen, A'ja Wilson, Carolyn Swords, Sugar Rodgers, Kayla McBride","Allen, Wilson, Swords, Rodgers, McBride",1628263-1628932-202670-203411-203825,LVA,123.0,1,2.0,1.0,5.0,4.0,9.0,,,,2.0,3.0,,2.0,3.0,3.0,1.0,1.0,2.0,,,,3.0,,0.375,0.375,1.0,1.0,1.0,105.3658536585366,12.6,15.0,12.6,15.0,,,,0.4618375,9.55,,,2.0,2.0,2.0,,,,,2.0,,1.0,,3.0,,,,1.0,,,,,,,,,,,0.5,,1.0,,0.5,0.5,,,24.45,,,2.0,,,,,,,,,,,,,,0.5,,,,,,,,,,1.0,1.0,1.0,,,,,,,,,,,1.0,,,1.0,,3.0,1.0,1.0,1.0,1.0,0.5,,0.5,0.5,0.5,1.0,,,0.5,,,,,,,,,,,,,,,,,,,,,,,,,,,,,,,,,,,,,,,,,,1.0,,,,,,,,,,,,,,,,,,,,,,,,,,,,,,,,,,,,,,,,,,,,,,,,1611661319,2020,2020,True
1628263-1628932-203411-203825-204324,1611661319,"Lindsay Allen, A'ja Wilson, Sugar Rodgers, Kayla McBride, Dearica Hamby","Allen, Wilson, Rodgers, McBride, Hamby",1628263-1628932-203411-203825-204324,LVA,78.0,1,1.0,3.0,3.0,3.0,6.0,,,2.0,3.0,6.0,4.0,1.0,1.0,2.0,,,1.0,,1.0,,4.0,0.6666666666666666,0.6666666666666666,0.75,1.0,1.0,,110.76923076923076,15.333333333333334,10.666666666666666,13.0,10.666666666666666,,,,0.41513333333333335,3.0666666666666664,,,,,3.0,,,,,,,,,,,,,1.0,,,,,,,,,,,,,,,,0.6666666666666666,,,,,1.0,1.0,,,2.0,1.0,,,,1.0,2.0,1.0,,1.0,,0.3333333333333333,,,0.4974,0.25,0.25,2.0,2.0,,,,,,0.6666666666666666,1.0,1.0,,,,,,,,,,,,,,,,,,,,,,,,,,,1.0,2.0,,1.0,1.0,1.0,1.0,1.0,0.3333333333333333,1.0,1.0,1.0,0.3333333333333333,1.0,,,,,,,,,,,,,,,,,,,,1.0,,,,,,,,,,,,,,,,,,1.0,,1.0,,,,,1.0,,,,,,,,,,,,,,,,,,,,,,,,,,,,,,,1611661319,2020,2020,True
1628263-1629498-201881-202670-203825,1611661319,"Lindsay Allen, Jackie Young, Angel McCoughtry, Carolyn Swords, Kayla McBride","Allen, Young, McCoughtry, Swords, McBride",1628263-1629498-201881-202670-203825,LVA,42.0,1,1.0,,2.0,2.0,4.0,,,,1.0,,,1.0,1.0,1.0,,,1.0,,1.0,,,,,,1.0,1.0,1.0,137.14285714285714,13.0,8.0,13.0,8.0,,,,0.5102,5.3,,,1.0,1.0,,,,,,1.0,,,,,,,,,,,,,,,,,,,0.5,,,,0.5,0.5,,,25.8,,,1.0,,,,,,,,,,,,,,0.5,,,,,,,,,,,,,,,,,,,,,,,,,,,,,,,,,,,,,,,,,,,,,,,,,,,,,,,,,,,,,,1.0,1.0,,,,,,,,,,,,,,,,,,,,,,,,,,,,,,,,,,,,,,1.0,,,,,,,,,,,,,,,,,,,,,,,,,,,,,,1611661319,2020,2020,True
1628263-1629498-202658-203411-204324,1611661319,"Lindsay Allen, Jackie Young, Danielle Robinson, Sugar Rodgers, Dearica Hamby","Allen, Young, Robinson, Rodgers, Hamby",1628263-1629498-202658-203411-204324,LVA,5.0,1,,3.0,1.0,,1.0,,,,,3.0,,,,,,,,,,,3.0,,1.5,1.5,,,,288.0,5.0,,5.0,,,,,0.1317,,1.0,,1.0,1.0,,,,3.0,,1.0,,1.0,,3.0,,,,,,,,3.0,1.0,,,,1.5,1.5,1.0,,,,1.0,1.0,0.1317,1.0,29.9,1.0,,,,,,,1.0,,,,,,,,,,,,,,,,,,,,,,,,,,,,,,,,1.0,1.0,1.0,1.0,1.0,3.0,1.0,1.0,1.0,1.0,1.0,1.0,1.0,1.0,1.0,1.0,1.0,1.0,1.0,,,,,,,,,,,,,,,,,,,,,,,,,,,,,,,,,,,,,,,,,,,,,,,,,,,,,,,,,,,,,,,,,,,,,,,,,,,,,,,,,,,,,,,,,,1611661319,2020,2020,True
1628263-1629498-202670-203825-204324,1611661319,"Lindsay Allen, Jackie Young, Carolyn Swords, Kayla McBride, Dearica Hamby","Allen, Young, Swords, McBride, Hamby",1628263-1629498-202670-203825-204324,LVA,182.0,2,3.0,-4.0,6.0,7.0,13.0,2.0,2.0,3.0,4.0,6.0,2.0,1.0,1.0,1.0,,,1.0,,,,6.0,0.75,0.5,0.5,1.0,1.0,,102.85714285714286,17.0,11.428571428571429,17.0,11.428571428571429,0.3333333333333333,1.0,1.0,0.4499666666666667,13.575,,7.0,2.0,2.0,10.0,,,,4.0,2.0,2.0,2.0,1.0,4.0,,,,1.0,,,,,,0.6666666666666666,0.6666666666666666,,,,0.3333333333333333,,1.0,0.5,0.3333333333333333,0.3333333333333333,,,25.45,,,2.0,,,,,,,,,,,,,,0.3333333333333333,,,,,,,,,,,,,,,,,,,1.0,,0.5,0.5,,,,,,,,,,,,,,,,,,,,,,,,,,,,,,,,,,,,,,,1.0,,,,,,,,,,,,,1.0,,,,,,,,,,,,,,,,,,,,,,,,,,,,,,,,,,,,,,,,,,,,,,,,,,,,,,,,,1611661319,2020,2020,True
1628263-1629498-202670-203825-204332,1611661319,"Lindsay Allen, Jackie Young, Carolyn Swords, Kayla McBride, Cierra Burdick","Allen, Young, Swords, McBride, Burdick",1628263-1629498-202670-203825-204332,LVA,57.0,1,1.0,-2.0,1.0,2.0,3.0,,,,,,,,,,,,,,,,,,,,,,,75.78947368421053,22.0,17.5,22.0,17.5,,,,0.48045,,1.0,,1.0,1.0,2.0,,,,,1.0,,,,,,,,,,,,,1.0,,,,,,1.0,,,,1.0,1.0,0.48045,,26.9,1.0,,,,,,,1.0,,,,,,,,,,,,,,,,,,,,,,,,,,,,,,,,,,1.0,,,,,,,,,,,,,,1.0,,,,,,,,,,,,,,,,,,,,,,,,,,,,,,,,,,,,,,,,,,,,,,,,,,,,,,,,,,,,,,,,,,,,,,,,,,,,,,,,,,,,,,,,,,,,1611661319,2020,2020,True
1628263-1629498-203411-204324-204332,1611661319,"Lindsay Allen, Jackie Young, Sugar Rodgers, Dearica Hamby, Cierra Burdick","Allen, Young, Rodgers, Hamby, Burdick",1628263-1629498-203411-204324-204332,LVA,86.0,1,1.0,1.0,3.0,3.0,6.0,,,,,3.0,,,1.0,1.0,1.0,2.0,,,,,3.0,,1.5,1.5,,0.5,,100.46511627906976,9.333333333333334,19.333333333333332,9.333333333333334,19.0,,,,0.4884,,3.0,,1.0,1.0,2.0,,,3.0,,1.0,,1.0,,3.0,1.0,,2.0,,1.0,1.0,1.0,3.0,3.0,,,,1.5,1.5,1.0,0.5,,,1.0,1.0,0.4884,1.0,23.8,1.0,,,,,,,1.0,,,,,,,,,,,,,,,,,,,1.0,1.0,1.0,,,,,,1.0,,,,,1.0,1.0,1.0,1.0,1.0,3.0,1.0,1.0,1.0,1.0,1.0,1.0,1.0,1.0,1.0,1.0,1.0,1.0,1.0,,,,,,,,,,,,,,,,,,,,,1.0,1.0,,,,,,,,,,,,,,,,,,,,,,,,,,,,,,,,,,1.0,,,,,,,,,,,,,,,,,,,,,,,,,,,,,,,,,,1611661319,2020,2020,True
1628263-1629498-203825-204324-204332,1611661319,"Lindsay Allen, Jackie Young, Kayla McBride, Dearica Hamby, Cierra Burdick","Allen, Young, McBride, Hamby, Burdick",1628263-1629498-203825-204324-204332,LVA,69.0,2,1.0,3.0,2.0,2.0,4.0,,,,,3.0,,1.0,1.0,1.0,1.0,1.0,,,3.0,,1.0,,,0.75,1.0,1.0,1.0,83.47826086956522,19.5,15.0,19.0,15.0,,,,,,2.0,2.0,,,,,,3.0,,,,,,,,,1.0,,,,,3.0,2.0,,,,,0.75,,,,,,,,1.0,,1.0,1.0,,,,3.0,,,3.0,,,4.0,2.0,,,,,,,,1.0,1.0,,,,,,,,,,,,,,,,,,,,,,,,,,,,,,,,,,,,,,2.0,,,,,,1.0,,,,,0.6666666666666666,,,,,,,,,,,,,,,,,,,,,,,,,,2.0,,,1.0,1.0,,,,,,,,,,,,,,,,,,,,,,,,,,,,,,,,,,,,,,,,,,,,,,,1611661319,2020,2020,True
1628932-1629498-201881-202658-202670,1611661319,"A'ja Wilson, Jackie Young, Angel McCoughtry, Danielle Robinson, Carolyn Swords","Wilson, Young, McCoughtry, Robinson, Swords",1628932-1629498-201881-202658-202670,LVA,524.0,3,9.0,-3.0,19.0,17.0,36.0,2.0,2.0,6.0,10.0,13.0,4.0,6.0,6.0,6.0,3.0,4.0,2.0,,1.0,,13.0,0.6,0.4,0.40625,0.5454545454545454,0.5,0.8,98.93129770992367,12.421052631578947,16.941176470588236,12.421052631578947,15.470588235294118,0.13333333333333333,1.0,1.0,0.4619033333333334,6.959999999999999,,8.0,3.0,5.0,16.0,,,,8.0,3.0,4.0,4.0,1.0,8.0,1.0,,,1.0,,,,,,0.6666666666666666,0.6666666666666666,,,,0.3333333333333333,0.25,,0.5,0.2,0.6666666666666666,,,23.68,,,3.0,2.0,,1.0,,,,,,2.0,1.0,,,,0.2,0.13333333333333333,,,0.0625,0.09090909090909091,4.0,5.0,,,,,,0.3333333333333333,0.8,0.8,,,1.0,,1.0,,,,,,,,,,,,,,,,,,,,,,,,,1.0,,,,,0.1,0.3333333333333333,,,,,,,,,3.0,,2.0,1.0,1.0,,,,,,,,,0.75,,,,,,,,,1.0,,,,,,,,,,,0.5,,,,,,,,,,,,,,,,,,,,,,,,,,,,,,,,,,,,,,1611661319,2020,2020,True
1628932-1629498-201881-202658-204324,1611661319,"A'ja Wilson, Jackie Young, Angel McCoughtry, Danielle Robinson, Dearica Hamby","Wilson, Young, McCoughtry, Robinson, Hamby",1628932-1629498-201881-202658-204324,LVA,835.0,8,14.0,-6.0,27.0,29.0,56.0,2.0,6.0,4.0,11.0,27.0,4.0,7.0,8.0,12.0,2.0,5.0,2.0,,10.0,2.0,25.0,0.36363636363636365,0.4791666666666667,0.5,0.7,0.6363636363636364,0.8333333333333334,96.5748502994012,16.074074074074073,13.827586206896552,15.555555555555555,13.344827586206897,0.25,0.3333333333333333,0.3333333333333333,0.4618541666666667,12.481818181818182,3.0,6.0,8.0,13.0,33.0,1.0,1.0,5.0,4.0,8.0,2.0,7.0,1.0,19.0,3.0,2.0,1.0,2.0,2.0,,2.0,5.0,3.0,0.5,0.5,1.0,0.8333333333333334,0.8333333333333334,0.5416666666666666,0.6,0.5,0.5,0.3333333333333333,0.625,0.43934999999999996,0.18518518518518517,24.292307692307695,0.1111111111111111,4.0,3.0,5.0,1.0,4.0,2.0,2.0,,4.0,4.0,6.0,3.0,0.5,0.26666666666666666,0.6666666666666666,0.125,0.20833333333333334,0.3333333333333333,0.3646,0.1111111111111111,0.21428571428571427,1.0,2.0,1.0,1.0,,,,0.08333333333333333,0.5,1.0,0.3333333333333333,1.0,1.0,1.0,,0.3333333333333333,0.3333333333333333,3.0,1.0,1.0,5.0,1.0,15.0,3.0,5.0,3.0,1.0,0.38461538461538464,0.5,0.38461538461538464,0.375,0.375,1.0,0.3333333333333333,1.0,0.375,,2.0,,1.0,,,,0.3333333333333333,0.09090909090909091,,,,0.07407407407407407,,,,,,,1.0,2.0,,,1.0,,2.0,,,,0.4,,,1.0,,,,,,2.0,1.0,2.0,,,,,2.0,,1.0,1.0,,,,,,,2.0,,,,,2.0,2.0,0.5,0.4,0.4,1.0,,,,,,,,,,,,,,,,,,,,,,,,1611661319,2020,2020,True
1628932-1629498-201881-202670-203825,1611661319,"A'ja Wilson, Jackie Young, Angel McCoughtry, Carolyn Swords, Kayla McBride","Wilson, Young, McCoughtry, Swords, McBride",1628932-1629498-201881-202670-203825,LVA,654.0,6,11.0,-2.0,25.0,24.0,49.0,2.0,3.0,8.0,17.0,25.0,4.0,9.0,10.0,13.0,1.0,4.0,3.0,1.0,3.0,1.0,23.0,0.47058823529411764,0.4782608695652174,0.5,0.8181818181818182,0.8333333333333334,0.7142857142857143,107.88990825688073,12.88,13.833333333333334,12.32,13.541666666666666,0.13043478260869565,0.6666666666666666,0.6666666666666666,0.46231739130434785,9.25294117647059,1.0,,5.0,6.0,27.0,,,,12.0,5.0,6.0,7.0,2.0,15.0,3.0,,1.0,1.0,,,,,1.0,0.75,0.75,,,,0.2608695652173913,0.75,1.0,1.0,0.21739130434782608,0.43478260869565216,,,25.166666666666668,0.04,3.0,10.0,1.0,,3.0,2.0,,,1.0,3.0,3.0,1.0,0.25,0.23076923076923078,,0.43478260869565216,0.043478260869565216,,0.40165,0.041666666666666664,0.05555555555555555,3.0,4.0,,,1.0,1.0,1.0,0.17391304347826086,0.75,0.75,,,3.0,3.0,,0.3,0.3333333333333333,2.0,,,2.0,,3.0,2.0,1.0,1.0,0.5,0.3333333333333333,,0.3333333333333333,0.4,0.4,0.5,,,0.4,,2.0,,1.0,2.0,,,0.3333333333333333,0.058823529411764705,0.1,0.2222222222222222,0.2857142857142857,0.08,,,,,,3.0,1.0,1.0,,,,,,,,,0.3333333333333333,,1.0,0.3333333333333333,,,,,,2.0,,1.0,,,1.0,,,,,,2.0,,1.0,0.16666666666666666,,3.0,,,,,,,,,,,,,,,,,,,,,,,,,,,,,,,,,,,1611661319,2020,2020,True
1628932-1629498-202658-202670-203411,1611661319,"A'ja Wilson, Jackie Young, Danielle Robinson, Carolyn Swords, Sugar Rodgers","Wilson, Young, Robinson, Swords, Rodgers",1628932-1629498-202658-202670-203411,LVA,428.0,5,7.0,-9.0,16.0,17.0,33.0,1.0,3.0,2.0,7.0,10.0,2.0,5.0,6.0,7.0,1.0,2.0,4.0,,,,8.0,0.2857142857142857,0.35714285714285715,0.35714285714285715,1.0,1.0,1.0,111.02803738317756,14.1875,11.823529411764707,13.625,11.823529411764707,0.21428571428571427,0.3333333333333333,0.3333333333333333,0.47485,11.428571428571429,7.0,6.0,7.0,7.0,19.0,1.0,3.0,5.0,2.0,7.0,1.0,2.0,,5.0,1.0,,,3.0,1.0,,1.0,5.0,7.0,0.5,0.5,0.3333333333333333,0.35714285714285715,0.35714285714285715,0.5,0.5,1.0,,0.5,0.5714285714285714,0.46987142857142855,0.5,24.7,0.4375,2.0,3.0,,,,1.0,4.0,,,1.0,,,,0.1,,0.21428571428571427,,,0.554775,,,,1.0,,,1.0,1.0,1.0,0.07142857142857142,,,,,1.0,1.0,,0.3333333333333333,0.3333333333333333,2.0,1.0,4.0,2.0,1.0,3.0,2.0,1.0,1.0,0.5,0.2857142857142857,0.25,0.2857142857142857,0.2857142857142857,0.2857142857142857,0.5,0.5714285714285714,0.25,0.2857142857142857,1.0,2.0,,,1.0,1.0,0.5,0.5,,,0.2,0.5,0.2,,,1.0,,1.0,,1.0,1.0,,,,,1.0,,,,,,,1.0,,0.5,,,,,,1.0,,,,,1.0,,,1.0,,,1.0,,,3.0,1.0,,,,,,,,,,,,,,,,,,,,,,,,,,,,,,,,,,1611661319,2020,2020,True
1628932-1629498-202658-203069-204324,1611661319,"A'ja Wilson, Jackie Young, Danielle Robinson, Avery Warley-Talbert, Dearica Hamby","Wilson, Young, Robinson, Warley-Talbert, Hamby",1628932-1629498-202658-203069-204324,LVA,99.0,1,2.0,6.0,3.0,3.0,6.0,1.0,1.0,1.0,1.0,8.0,,1.0,1.0,1.0,,,,,1.0,1.0,8.0,1.0,1.3333333333333333,1.3333333333333333,1.0,1.0,1.0,87.27272727272728,13.666666666666666,19.333333333333332,13.666666666666666,19.333333333333332,0.3333333333333333,1.0,1.0,0.48215,19.2,3.0,3.0,2.0,2.0,2.0,1.0,1.0,8.0,2.0,2.0,1.0,3.0,1.0,8.0,,,,,,,,8.0,3.0,1.0,1.0,1.0,1.3333333333333333,1.3333333333333333,0.6666666666666666,,,1.0,0.6666666666666666,0.6666666666666666,0.48215,1.0,25.85,1.0,,,,,,,2.0,,,,,,,,,,,,,,,,,,,,,,,,,,,,,,,,2.0,2.0,2.0,2.0,2.0,6.0,2.0,2.0,2.0,1.0,1.0,1.0,1.0,1.0,1.0,1.0,0.6666666666666666,1.0,1.0,,,,,,,,,,,,,,,,,,,,,,,,,,,,,,,,,,,,,,,,,,,,,,,,,,,,,,,,,,,,,,,,,,,,,,,,,,,,,,,,,,,,,,,,,,1611661319,2020,2020,True
1628932-1629498-202658-203411-204324,1611661319,"A'ja Wilson, Jackie Young, Danielle Robinson, Sugar Rodgers, Dearica Hamby","Wilson, Young, Robinson, Rodgers, Hamby",1628932-1629498-202658-203411-204324,LVA,5150.0,20,86.0,-47.0,171.0,167.0,338.0,9.0,29.0,42.0,95.0,146.0,42.0,34.0,44.0,71.0,14.0,38.0,40.0,1.0,35.0,1.0,131.0,0.4421052631578947,0.425531914893617,0.4620253164556962,0.7391304347826086,0.7678571428571429,0.7096774193548387,94.50873786407767,16.385964912280702,14.059880239520957,15.52046783625731,13.652694610778443,0.20567375886524822,0.3103448275862069,0.3103448275862069,0.4479840425531915,9.090526315789473,37.0,63.0,42.0,46.0,193.0,8.0,20.0,21.0,42.0,42.0,21.0,30.0,9.0,69.0,24.0,8.0,8.0,17.0,11.0,2.0,12.0,21.0,37.0,0.5,0.525,0.4,0.3275862068965517,0.35,0.3262411347517731,0.631578947368421,1.0,1.0,0.2978723404255319,0.5177304964539007,0.4251379310344828,0.14383561643835616,25.317391304347826,0.21637426900584794,21.0,39.0,4.0,,26.0,13.0,9.0,2.0,7.0,27.0,39.0,16.0,0.22580645161290322,0.2926829268292683,,0.2765957446808511,0.028368794326241134,,0.467175,0.11538461538461539,0.14814814814814814,17.0,27.0,2.0,6.0,9.0,0.9,0.8888888888888888,0.19148936170212766,0.6296296296296297,0.7083333333333334,0.20689655172413793,0.3333333333333333,16.0,16.0,3.0,0.41025641025641024,0.45714285714285713,12.0,1.0,9.0,12.0,1.0,27.0,12.0,9.0,9.0,0.75,0.2608695652173913,0.1111111111111111,0.2608695652173913,0.2857142857142857,0.2857142857142857,0.75,0.3103448275862069,0.1111111111111111,0.2857142857142857,3.0,15.0,4.0,7.0,17.0,0.23076923076923078,0.2647058823529412,0.32608695652173914,0.07368421052631578,0.10256410256410256,0.3333333333333333,0.34782608695652173,0.10273972602739725,7.0,1.0,3.0,1.0,4.0,7.0,5.0,13.0,8.0,3.0,4.0,2.0,9.0,0.25,0.375,0.3,0.25925925925925924,1.0,0.4117647058823529,0.3125,0.4117647058823529,0.17647058823529413,0.3333333333333333,1.0,0.041666666666666664,6.0,1.0,5.0,2.0,1.0,2.0,,7.0,,1.0,0.5833333333333334,3.0,1.0,0.625,0.039473684210526314,3.0,9.0,,3.0,4.0,0.42857142857142855,,,,0.1111111111111111,,,,1.0,3.0,1.0,1.0,1.0,2.0,1.0,0.3333333333333333,0.3333333333333333,0.058823529411764705,,,,,,,,,,,,,,1611661319,2020,2020,True
1628932-1629498-202670-203411-204324,1611661319,"A'ja Wilson, Jackie Young, Carolyn Swords, Sugar Rodgers, Dearica Hamby","Wilson, Young, Swords, Rodgers, Hamby",1628932-1629498-202670-203411-204324,LVA,50.0,1,1.0,5.0,3.0,2.0,5.0,,,2.0,3.0,5.0,2.0,1.0,1.0,1.0,,,,,1.0,,5.0,0.6666666666666666,0.6666666666666666,0.8333333333333334,1.0,1.0,1.0,144.0,10.333333333333334,9.5,10.333333333333334,9.5,,,,0.49226666666666663,5.8999999999999995,3.0,,,,,2.0,3.0,5.0,2.0,,1.0,1.0,,2.0,,,,,1.0,,1.0,5.0,3.0,0.5,0.5,0.6666666666666666,0.6666666666666666,0.8333333333333334,,,,,,0.6666666666666666,0.49226666666666663,1.0,,1.0,,1.0,,,1.0,,,1.0,,,1.0,1.0,,,,0.3333333333333333,,,,0.3333333333333333,0.3333333333333333,2.0,2.0,2.0,2.0,,,,0.6666666666666666,1.0,1.0,0.6666666666666666,1.0,,,,,,,,,,,,,,,,,,,,,,,,,,,,,,,,,,,,,,,,,,,1.0,,1.0,,,,,1.0,,,,,,0.5,,,,,,,,,1.0,,,,,1.0,,,1.0,,,,,,,,1.0,,,,,,,,,,,,,,,,,,,,,,,,,,,,,,,,,1611661319,2020,2020,True
1628932-201881-202658-202670-203825,1611661319,"A'ja Wilson, Angel McCoughtry, Danielle Robinson, Carolyn Swords, Kayla McBride","Wilson, McCoughtry, Robinson, Swords, McBride",1628932-201881-202658-202670-203825,LVA,1336.0,6,22.0,-15.0,48.0,47.0,95.0,4.0,6.0,14.0,26.0,44.0,2.0,14.0,14.0,18.0,6.0,14.0,13.0,,10.0,,42.0,0.5384615384615384,0.5441176470588235,0.5789473684210527,0.7368421052631579,0.7368421052631579,0.6,102.39520958083833,14.520833333333334,13.595744680851064,14.083333333333334,13.170212765957446,0.17647058823529413,0.6666666666666666,0.6666666666666666,0.47982205882352935,7.661538461538461,8.0,2.0,7.0,8.0,59.0,1.0,2.0,2.0,26.0,7.0,13.0,14.0,4.0,29.0,8.0,2.0,2.0,7.0,2.0,,2.0,2.0,8.0,0.9285714285714286,0.9285714285714286,0.5,0.16666666666666666,0.14285714285714285,0.23529411764705882,0.5714285714285714,0.8333333333333334,1.0,0.20588235294117646,0.5588235294117647,0.49965,0.045454545454545456,24.8375,0.16666666666666666,4.0,9.0,1.0,1.0,7.0,2.0,4.0,,1.0,4.0,9.0,5.0,0.2,0.23529411764705882,,0.2647058823529412,0.029411764705882353,0.16666666666666666,0.4288,0.13157894736842105,0.16666666666666666,6.0,11.0,,1.0,,,,0.3235294117647059,0.5454545454545454,0.6666666666666666,0.16666666666666666,,6.0,4.0,2.0,0.4444444444444444,0.5,3.0,,3.0,3.0,,3.0,3.0,1.0,1.0,0.3333333333333333,0.375,,0.375,0.42857142857142855,0.42857142857142855,0.3333333333333333,0.5,,0.42857142857142855,1.0,2.0,,3.0,3.0,0.5,0.5,0.5,0.11538461538461539,0.1111111111111111,0.25,0.2,0.045454545454545456,,,,,,6.0,3.0,2.0,1.0,,2.0,,2.0,,0.4,,0.25,,1.0,0.75,,,,,,,,1.0,2.0,,,,2.0,,,1.0,2.0,,1.0,0.14285714285714285,,6.0,,1.0,,,,,,0.18181818181818182,,,,,,1.0,,,,,,,,,,,,,,,,,,,,,1611661319,2020,2020,True
1628932-202658-203411-203825-204324,1611661319,"A'ja Wilson, Danielle Robinson, Sugar Rodgers, Kayla McBride, Dearica Hamby","Wilson, Robinson, Rodgers, McBride, Hamby",1628932-202658-203411-203825-204324,LVA,599.0,5,10.0,-2.0,21.0,20.0,41.0,2.0,5.0,5.0,11.0,21.0,2.0,6.0,9.0,11.0,3.0,4.0,5.0,,3.0,,17.0,0.45454545454545453,0.5,0.5526315789473685,1.0,1.0,1.0,98.56427378964942,14.047619047619047,15.2,13.904761904761905,15.05,0.3125,0.4,0.4,0.43748,11.909090909090908,10.0,15.0,4.0,5.0,23.0,1.0,2.0,10.0,8.0,3.0,4.0,6.0,2.0,14.0,1.0,,2.0,4.0,2.0,1.0,2.0,10.0,10.0,0.8,0.8,0.5,0.5,0.625,0.3125,0.25,1.0,1.0,0.25,0.5625,0.4613875,0.47619047619047616,28.54,0.47619047619047616,2.0,2.0,1.0,,5.0,2.0,3.0,5.0,,2.0,6.0,2.0,,0.25,,0.125,0.0625,,0.4902,0.1111111111111111,0.15384615384615385,3.0,4.0,,1.0,2.0,1.0,1.0,0.25,0.75,0.75,0.2,,1.0,,,,,1.0,1.0,3.0,2.0,1.0,6.0,1.0,2.0,1.0,1.0,0.4,0.3333333333333333,0.5,0.25,0.25,1.0,0.6,0.3333333333333333,0.3333333333333333,2.0,4.0,,,2.0,1.0,1.0,1.0,,,0.3333333333333333,,0.19047619047619047,1.0,,,,,2.0,,,,1.0,,,1.0,,,0.6666666666666666,,,0.6666666666666666,,0.5,,,,,,1.0,,1.0,,1.0,,2.0,1.0,1.0,1.0,,,1.0,,1.0,,1.0,,1.0,1.0,,1.0,1.0,,1.0,1.0,1.0,,,,,,,,,1.0,,1.0,,,,,,,,,,,,,1611661319,2020,2020,True
1629498-201881-202658-202670-203411,1611661319,"Jackie Young, Angel McCoughtry, Danielle Robinson, Carolyn Swords, Sugar Rodgers","Young, McCoughtry, Robinson, Swords, Rodgers",1629498-201881-202658-202670-203411,LVA,143.0,1,2.0,-4.0,3.0,5.0,8.0,,3.0,,4.0,,,1.0,2.0,3.0,,,2.0,,1.0,,,,,,0.5,0.5,,80.55944055944056,18.0,17.8,18.0,16.0,0.75,,,0.4067,16.125,,3.0,,,4.0,,,,,,,,,,,,,2.0,,,,,,,,,,,,,0.5,,,,,,,,,1.0,,,,,,,,1.0,,,,0.25,,0.25,,,,,,,,,,1.0,0.5,0.5,,,,,,,,,,,,,,,,,,,,,,,,,,,,,,,,,,1.0,,,,,,0.25,1.0,,,,,,,,,1.0,1.0,,,,,,,,,,,,,,,,,,,,,,,,,,,,,,,,,,,,,,,,,,,,,,,,,,,,,,,,,,,,,,,,,,,,1611661319,2020,2020,True
1629498-201881-202658-202670-204324,1611661319,"Jackie Young, Angel McCoughtry, Danielle Robinson, Carolyn Swords, Dearica Hamby","Young, McCoughtry, Robinson, Swords, Hamby",1629498-201881-202658-202670-204324,LVA,709.0,8,12.0,-9.0,22.0,23.0,45.0,1.0,2.0,7.0,16.0,17.0,4.0,6.0,7.0,9.0,1.0,1.0,6.0,1.0,3.0,,17.0,0.4375,0.38636363636363635,0.38636363636363635,0.75,0.7777777777777778,1.0,91.3963328631876,16.454545454545453,15.08695652173913,16.454545454545453,13.782608695652174,0.09090909090909091,0.5,0.5,0.46189772727272727,7.5875,1.0,2.0,5.0,6.0,26.0,1.0,1.0,2.0,10.0,5.0,5.0,6.0,,13.0,,,,2.0,,,,2.0,1.0,0.7142857142857143,0.7142857142857143,1.0,1.0,1.0,0.2727272727272727,,1.0,,0.22727272727272727,0.5,0.4374,0.11764705882352941,24.566666666666666,0.045454545454545456,1.0,9.0,1.0,,,1.0,,,,2.0,,,,0.14285714285714285,,0.4090909090909091,0.045454545454545456,,0.6958,,,2.0,5.0,,,1.0,1.0,1.0,0.22727272727272727,0.4,0.4,,,,4.0,,0.4444444444444444,0.4444444444444444,1.0,,,1.0,,3.0,1.0,1.0,1.0,1.0,0.16666666666666666,,0.16666666666666666,0.2,0.2,1.0,,,0.2,,,,,2.0,,,,,,0.2222222222222222,0.2,,1.0,,,,,2.0,3.0,2.0,,,,,,,0.3333333333333333,,,,1.0,0.75,1.0,,,,,,,2.0,,,,,,,,,1.0,,0.6,0.07142857142857142,,,,,,,1.0,,,,,,,,,,,,,,,,,,,,,,,,,,,,,,1611661319,2020,2020,True
1629498-201881-202658-203069-203825,1611661319,"Jackie Young, Angel McCoughtry, Danielle Robinson, Avery Warley-Talbert, Kayla McBride","Young, McCoughtry, Robinson, Warley-Talbert, McBride",1629498-201881-202658-203069-203825,LVA,43.0,1,1.0,5.0,2.0,1.0,3.0,1.0,1.0,1.0,1.0,5.0,2.0,,,,,,1.0,,1.0,,5.0,1.0,1.25,1.25,,,,100.46511627906976,9.5,24.0,9.5,24.0,0.5,1.0,1.0,0.4607,18.3,,,,1.0,,,,,,,,1.0,,3.0,,,,,,,,,,,,,,,0.5,,,,,0.5,,,23.9,,,,1.0,,,,,,,,,,,,,,0.5,,,,,,,,,,,,,,,,,,,,,,,,,1.0,,3.0,,1.0,,1.0,1.0,,1.0,,,,,,,,,,,,,,,,,,,,,,,,,,,,,,,,,,,,,,,,,,,,,,,,,1.0,,,,,,,,,,,,,,,,,,1.0,1.0,,1.0,1.0,1.0,,,,,,,,,,,,,,,,,,,,,,,,1611661319,2020,2020,True
1629498-201881-202658-203825-204324,1611661319,"Jackie Young, Angel McCoughtry, Danielle Robinson, Kayla McBride, Dearica Hamby","Young, McCoughtry, Robinson, McBride, Hamby",1629498-201881-202658-203825-204324,LVA,124.0,3,2.0,7.0,4.0,4.0,8.0,,1.0,3.0,4.0,7.0,2.0,1.0,2.0,2.0,,,1.0,,1.0,,7.0,0.75,0.75,0.7,1.0,1.0,,92.9032258064516,15.75,15.25,15.75,15.25,0.25,,,0.4197,8.975,4.0,1.0,,,,3.0,4.0,7.0,4.0,,2.0,2.0,,4.0,,,,,,,,7.0,4.0,0.6666666666666666,0.6666666666666666,0.75,0.75,0.7,,,1.0,,,0.25,0.4197,1.0,,1.0,,2.0,,,1.0,,,1.0,,,2.0,,,,,0.5,,,,,,1.0,1.0,1.0,1.0,1.0,1.0,1.0,0.25,1.0,1.0,0.25,1.0,,2.0,,1.0,1.0,,,,,,,,,,,,,,,,,,,,,,,,,,,,,,,,,,,,,,,2.0,,,,,,,,,,,,,1.0,,,,,,,,,,,1.0,,,1.0,,,,,,,,,,,,,,,,,,,,,,,,,,,,,,,,,,,,,,,,,,,1611661319,2020,2020,True
1629498-202658-202670-203825-204332,1611661319,"Jackie Young, Danielle Robinson, Carolyn Swords, Kayla McBride, Cierra Burdick","Young, Robinson, Swords, McBride, Burdick",1629498-202658-202670-203825-204332,LVA,21.0,1,,,1.0,,1.0,,,,1.0,,,,,,,,,,,,,,,,,,,68.57142857142857,21.0,,21.0,,,,,0.3545,7.5,1.0,,,,,,1.0,,,,,,,,,,,,,,,,1.0,,,,,,,,,,,,0.3545,,,1.0,,1.0,,,,,,,,,,,,,,1.0,,,,,,,,,,,,,,,,,,,,,,,,,,,,,,,,,,,,,,,,,,,,,,,,,,,,,,,,,,,,,,,,,,,,,,,,,,,,,,,,,,,,,,,,,,,,,,,,,,,,,,,,,,,,,,,,,,,,,,,,,,,,,,,,,,,1611661319,2020,2020,True
1629498-202658-203069-203825-204324,1611661319,"Jackie Young, Danielle Robinson, Avery Warley-Talbert, Kayla McBride, Dearica Hamby","Young, Robinson, Warley-Talbert, McBride, Hamby",1629498-202658-203069-203825-204324,LVA,82.0,1,1.0,-1.0,3.0,3.0,6.0,,,1.0,1.0,2.0,2.0,1.0,1.0,3.0,,1.0,,,1.0,,,1.0,0.25,0.25,1.0,1.0,,105.36585365853658,16.333333333333332,11.0,14.333333333333334,11.0,,,,0.5084875,2.8,,,3.0,3.0,3.0,,,,,3.0,,,,,1.0,1.0,,,,,,,,,,,,,0.75,1.0,1.0,,0.75,1.0,,,24.099999999999998,,1.0,,,,,1.0,,,2.0,2.0,,,0.6666666666666666,0.6666666666666666,,,,,,,,1.0,1.0,,,,,,0.25,1.0,1.0,,,,,,,,,,,,,,,,,,,,,,,,,,,1.0,2.0,2.0,,,1.0,0.5,0.5,,,,,1.0,1.0,,1.0,,1.0,,,1.0,1.0,,,,,,,,0.6666666666666666,,,,0.5,0.5,,,,,,,,,,,,,,,,,,,1.0,,,,,1.0,,,,,,,,,,,,,,,,,,,,,,,,,,,,,,,1611661319,2020,2020,True
1629498-202670-203411-203825-204324,1611661319,"Jackie Young, Carolyn Swords, Sugar Rodgers, Kayla McBride, Dearica Hamby","Young, Swords, Rodgers, McBride, Hamby",1629498-202670-203411-203825-204324,LVA,77.0,2,1.0,-3.0,3.0,3.0,6.0,,1.0,,3.0,,,,,,,,1.0,,,,,,,,,,,112.2077922077922,20.666666666666668,5.0,20.666666666666668,5.0,0.3333333333333333,,,0.39766666666666667,9.799999999999999,3.0,3.0,,,3.0,,3.0,,,,,,,,,,,1.0,,,,,3.0,,,,,,,,,,,,0.39766666666666667,,,1.0,,2.0,,,,,,,,,,,,,,0.6666666666666666,,,,,,,,,,,,,,,,,,,,,,,,,,,,,,,,,,,,,,,,,,,,,,,,,,,,,,,,,,,,,,,,,,,,,,,,,,,,,,,,,,,,,,,,,,,,,,,,,,,,,,,,,,,,,,,,,,,,,,,,,,,,,,,,,,,1611661319,2020,2020,True
202658-202670-203411-203825-204324,1611661319,"Danielle Robinson, Carolyn Swords, Sugar Rodgers, Kayla McBride, Dearica Hamby","Robinson, Swords, Rodgers, McBride, Hamby",202658-202670-203411-203825-204324,LVA,72.0,1,1.0,3.0,4.0,3.0,7.0,1.0,1.0,2.0,3.0,4.0,2.0,2.0,2.0,3.0,1.0,2.0,1.0,,,,2.0,0.6666666666666666,0.6666666666666666,0.6666666666666666,1.0,1.0,1.0,140.0,8.25,13.0,8.25,13.0,0.3333333333333333,1.0,1.0,0.49793333333333334,9.066666666666666,,,,,1.0,,,,2.0,,1.0,1.0,1.0,2.0,1.0,1.0,,1.0,1.0,,1.0,,,0.5,1.0,,,,,0.5,1.0,1.0,,0.3333333333333333,,,,,1.0,1.0,,,,1.0,,,,1.0,,,,1.0,,0.3333333333333333,,,0.7039,,,1.0,1.0,,,,,,0.3333333333333333,1.0,1.0,,,,,,,,,,,,,,,,,,,,,,,,,,,1.0,2.0,2.0,,1.0,1.0,1.0,1.0,,,1.0,1.0,0.5,1.0,,,,,,,,,1.0,,,1.0,,,,,,,,1.0,,,,,,,,,,,,1.0,,,1.0,,,,,1.0,,,,,1.0,,,,,,,,,,,,,,,,,,,,,,,,,,,,,,,1611661319,2020,2020,True
202658-203069-203411-203825-204324,1611661319,"Danielle Robinson, Avery Warley-Talbert, Sugar Rodgers, Kayla McBride, Dearica Hamby","Robinson, Warley-Talbert, Rodgers, McBride, Hamby",202658-203069-203411-203825-204324,LVA,188.0,1,3.0,-4.0,7.0,7.0,14.0,2.0,2.0,3.0,4.0,9.0,2.0,1.0,3.0,3.0,1.0,1.0,3.0,,,,9.0,0.75,0.9,0.9,1.0,1.0,,107.23404255319149,15.428571428571429,11.428571428571429,15.428571428571429,11.428571428571429,0.4,1.0,1.0,0.41486999999999996,12.45,1.0,6.0,1.0,1.0,13.0,,,3.0,4.0,1.0,2.0,3.0,1.0,7.0,,,,2.0,1.0,,1.0,3.0,1.0,0.6666666666666666,0.6666666666666666,,1.5,1.5,0.2,,1.0,0.5,0.2,0.4,0.64005,0.3333333333333333,28.2,0.14285714285714285,,1.0,,,,,1.0,,,,,,,,,0.2,,,,,,1.0,1.0,,,1.0,1.0,1.0,0.2,1.0,1.0,,,,,1.0,,,1.0,1.0,1.0,1.0,1.0,3.0,1.0,1.0,1.0,1.0,1.0,1.0,1.0,1.0,1.0,1.0,1.0,1.0,1.0,,,,,,,,,,,,,,,,,,,1.0,,,,,,,,,,,,,1.0,,,,,,,,1.0,,,,,1.0,1.0,,1.0,1.0,,,,,,,,,,,,,,,,,,,,,,,,,,,,,,,,,,,,,,,,,1611661319,2020,2020,True
1628263-1628932-1629498-201881-203825,1611661319,"Lindsay Allen, A'ja Wilson, Jackie Young, Angel McCoughtry, Kayla McBride","Allen, Wilson, Young, McCoughtry, McBride",1628263-1628932-1629498-201881-203825,LVA,33.0,1,1.0,2.0,1.0,1.0,2.0,,,1.0,1.0,2.0,2.0,,1.0,1.0,,,1.0,,,,2.0,1.0,1.0,1.0,,0.5,,87.27272727272727,3.0,30.0,3.0,27.0,,,,0.7875,0.6,,,,,,,,,,,,,,,,,,,,,,,,,,,,,,,,,,1.0,,,,,,,,,,,,,,,,,,,,,,,,,,1.0,1.0,,,1.0,1.0,1.0,1.0,1.0,1.0,,,,,,,,,,,,,,,,,,,,,,,,,,,,,,,,,,,,,,,,,,,,,,,,,,,,,,,,,,,,,,,,,,,,,,,,,,,,,,,,,,,,,,,,,,,,,,,,,,,,,,,,,,,,,,,,,,,,1611661319,2020,2020,True
1628263-1628932-1629498-203069-203825,1611661319,"Lindsay Allen, A'ja Wilson, Jackie Young, Avery Warley-Talbert, Kayla McBride","Allen, Wilson, Young, Warley-Talbert, McBride",1628263-1628932-1629498-203069-203825,LVA,40.0,1,1.0,-1.0,1.0,1.0,2.0,,,1.0,1.0,2.0,,,,,,,1.0,,,,2.0,1.0,1.0,1.0,,,,72.0,8.0,32.0,8.0,32.0,,,,0.7031,0.6,1.0,1.0,,,3.0,1.0,1.0,2.0,2.0,,1.0,1.0,,2.0,,,,1.0,,,,2.0,1.0,1.0,1.0,1.0,1.0,1.0,,,,,,1.0,0.7031,1.0,,1.0,,,,,,,,,,,,,,,,,,,,,,1.0,1.0,1.0,1.0,,,,1.0,1.0,1.0,1.0,1.0,,,,,,,,,,,,,,,,,,,,,,,,,,,,,,,,,,,,,,,,,,,1.0,,,,,,,,,,,,,1.0,,,,,,,,,,,,,,,,,,,,,,,,,,,,,,,,,,,,,,,,,,,,,,,,,,,,,,,,,,1611661319,2020,2020,True
1628263-1628932-1629498-203411-204324,1611661319,"Lindsay Allen, A'ja Wilson, Jackie Young, Sugar Rodgers, Dearica Hamby","Allen, Wilson, Young, Rodgers, Hamby",1628263-1628932-1629498-203411-204324,LVA,220.0,2,4.0,-3.0,6.0,7.0,13.0,,1.0,1.0,4.0,8.0,2.0,2.0,2.0,3.0,,,3.0,,,,8.0,0.25,0.5714285714285714,0.5714285714285714,1.0,1.0,,85.0909090909091,17.666666666666668,16.285714285714285,16.166666666666668,16.285714285714285,0.14285714285714285,,,0.4832571428571429,8.225,,,3.0,3.0,11.0,,,,,3.0,,2.0,,6.0,,,,2.0,,,,,,,,,,,0.42857142857142855,,,,0.42857142857142855,0.7142857142857143,,,25.233333333333334,,1.0,1.0,,,,,,,,1.0,,,,0.25,,0.14285714285714285,,,0.55155,,,1.0,2.0,,,,,,0.2857142857142857,0.5,0.5,,,,,,,,2.0,,,2.0,,6.0,2.0,2.0,2.0,1.0,0.6666666666666666,,0.6666666666666666,0.6666666666666666,0.6666666666666666,1.0,,,0.6666666666666666,,,,,1.0,,,,,,0.3333333333333333,,,,,1.0,,1.0,,,,,,,,,,,1.0,,,,,,1.0,,,,,,,,,,,,,,,,,1.0,,,,,,,,,,,,,,,,,,,,,,,,,,,,,,,,,,,,,,1611661319,2020,2020,True
1628263-1628932-1629498-203825-204324,1611661319,"Lindsay Allen, A'ja Wilson, Jackie Young, Kayla McBride, Dearica Hamby","Allen, Wilson, Young, McBride, Hamby",1628263-1628932-1629498-203825-204324,LVA,1621.0,9,27.0,12.0,55.0,51.0,106.0,4.0,11.0,20.0,40.0,59.0,16.0,13.0,21.0,30.0,4.0,8.0,16.0,,12.0,,51.0,0.5,0.49,0.5175438596491229,0.7647058823529411,0.8333333333333334,0.7272727272727273,94.16409623689081,15.181818181818182,15.411764705882353,14.727272727272727,15.098039215686274,0.22,0.36363636363636365,0.36363636363636365,0.443376,8.5475,9.0,35.0,8.0,10.0,47.0,3.0,7.0,11.0,24.0,8.0,12.0,15.0,1.0,33.0,4.0,2.0,1.0,5.0,3.0,,3.0,11.0,9.0,0.6,0.6666666666666666,0.42857142857142855,0.375,0.5,0.2,0.5,0.8,0.25,0.16,0.44,0.43813125,0.1864406779661017,24.98,0.16363636363636364,6.0,17.0,2.0,,10.0,2.0,1.0,5.0,2.0,9.0,15.0,5.0,0.2857142857142857,0.2962962962962963,1.0,0.34,0.04,,0.609425,0.10714285714285714,0.1111111111111111,9.0,12.0,1.0,1.0,7.0,1.0,1.0,0.24,0.75,0.75,0.125,1.0,2.0,7.0,1.0,0.4117647058823529,0.4117647058823529,2.0,,1.0,3.0,,9.0,2.0,3.0,2.0,1.0,0.3,,0.3,0.25,0.2857142857142857,1.0,0.125,,0.25,2.0,8.0,4.0,,6.0,1.0,0.875,0.8,,,0.3,0.3,0.13559322033898305,2.0,,1.0,1.0,2.0,6.0,5.0,6.0,4.0,,2.0,1.0,3.0,0.5,0.3333333333333333,0.2857142857142857,0.16666666666666666,1.0,0.6666666666666666,0.7142857142857143,0.5,0.25,,,0.09090909090909091,1.0,1.0,2.0,1.0,1.0,1.0,,3.0,1.0,0.5,1.0,3.0,,1.0,0.11538461538461539,2.0,,,,7.0,1.0,,1.0,1.0,,0.5,0.5,1.0,1.0,1.0,,,,,,0.5,,0.25,,1.0,1.0,0.1,0.125,1.0,1.0,,,,,,,1611661319,2020,2020,True
1628263-1629498-202658-203825-204324,1611661319,"Lindsay Allen, Jackie Young, Danielle Robinson, Kayla McBride, Dearica Hamby","Allen, Young, Robinson, McBride, Hamby",1628263-1629498-202658-203825-204324,LVA,15.0,2,,3.0,2.0,1.0,3.0,,,,,3.0,,,,,,,,,,,3.0,,0.5,0.5,,,,288.0,6.0,3.0,6.0,3.0,,,,0.29055000000000003,,2.0,1.0,2.0,3.0,,,,3.0,,2.0,,1.0,,3.0,,,,,,,,3.0,2.0,,,,0.5,0.5,1.0,,,,0.6666666666666666,1.0,0.29055000000000003,1.0,25.599999999999998,1.0,,,1.0,1.0,,,3.0,,,,,,,,,,0.3333333333333333,0.3333333333333333,,,,,,,,,,,,,,,,,,,,,,,2.0,1.0,1.0,3.0,,1.0,,1.0,0.3333333333333333,0.3333333333333333,0.3333333333333333,,,,0.6666666666666666,,,,,,,,,,,,,,,,,,,,,,,,,,,,,,,,,,,,,,,,,,,,,,,,,,,,,,,,,,,,,,,1.0,1.0,,1.0,1.0,1.0,,,,,,,,,,,,,,,,,,1.0,1.0,,,,,1611661319,2020,2020,True
1628263-1629570-202658-203411-204332,1611661319,"Lindsay Allen, Megan Huff, Danielle Robinson, Sugar Rodgers, Cierra Burdick","Allen, Huff, Robinson, Rodgers, Burdick",1628263-1629570-202658-203411-204332,LVA,119.0,1,2.0,,4.0,4.0,8.0,,,1.0,1.0,4.0,2.0,,1.0,2.0,,1.0,,,1.0,,2.0,1.0,0.5,0.6666666666666666,,1.0,,96.80672268907563,17.25,12.5,15.25,12.5,,,,0.47865,4.9,1.0,,1.0,1.0,4.0,,,,,1.0,,,,,1.0,,,,,,,,1.0,,,,,,0.5,1.0,,,0.5,0.5,,,23.5,0.25,1.0,1.0,,,2.0,1.0,,,1.0,1.0,2.0,1.0,1.0,1.0,,0.5,,,,0.3333333333333333,0.5,,,,,1.0,1.0,1.0,,,,,,1.0,1.0,,1.0,1.0,,,,,,,,,,,,,,,,,,,,1.0,2.0,,,,1.0,1.0,1.0,,,,,0.5,,,,,,,,,,,,,,,,,1.0,,,,,,,,,,,,,,,,,,,,1.0,,,1.0,,,,,,,,,,,,,,,,,,,,,,,,,,,,,,,,,,,,,1611661319,2020,2020,True
1628932-1629498-201881-203411-204324,1611661319,"A'ja Wilson, Jackie Young, Angel McCoughtry, Sugar Rodgers, Dearica Hamby","Wilson, Young, McCoughtry, Rodgers, Hamby",1628932-1629498-201881-203411-204324,LVA,463.0,5,8.0,-7.0,17.0,16.0,33.0,1.0,3.0,2.0,8.0,14.0,2.0,4.0,5.0,7.0,2.0,4.0,6.0,,6.0,,10.0,0.25,0.3181818181818182,0.4666666666666667,1.0,1.0,1.0,102.63498920086393,15.823529411764707,12.125,15.294117647058824,12.125,0.2727272727272727,0.3333333333333333,0.3333333333333333,0.4393590909090909,9.95,,,2.0,3.0,21.0,,,,2.0,2.0,1.0,2.0,,5.0,2.0,,,4.0,,,,,,0.5,0.5,,,,0.2727272727272727,0.5,1.0,,0.18181818181818182,0.45454545454545453,,,25.566666666666666,,2.0,3.0,1.0,,7.0,1.0,,,1.0,2.0,8.0,4.0,0.5,0.25,,0.2727272727272727,0.09090909090909091,,0.3784,0.26666666666666666,0.3333333333333333,1.0,2.0,,,,,,0.18181818181818182,0.5,0.5,,,2.0,,1.0,,,1.0,,,1.0,,3.0,1.0,1.0,1.0,1.0,0.3333333333333333,,0.3333333333333333,0.5,0.5,1.0,,,0.5,1.0,4.0,,,1.0,1.0,1.0,1.0,,,0.16666666666666666,0.3333333333333333,0.2857142857142857,,,,,,1.0,,2.0,1.0,,,,,,,,1.0,,1.0,,,,,,,2.0,1.0,1.0,,,,,,,1.0,,,,,,,,,,,,,,,,,,,,,1.0,,,,,,,,,,,,,,,,,1.0,,,,1611661319,2020,2020,True
1628932-1629498-202658-202670-203825,1611661319,"A'ja Wilson, Jackie Young, Danielle Robinson, Carolyn Swords, Kayla McBride","Wilson, Young, Robinson, Swords, McBride",1628932-1629498-202658-202670-203825,LVA,684.0,7,11.0,3.0,23.0,26.0,49.0,1.0,2.0,7.0,14.0,29.0,2.0,8.0,10.0,14.0,1.0,4.0,11.0,,3.0,,27.0,0.5,0.6190476190476191,0.6304347826086957,0.7272727272727273,0.7692307692307693,0.6666666666666666,103.1578947368421,12.26086956521739,15.461538461538462,11.565217391304348,15.461538461538462,0.09523809523809523,0.5,0.5,0.4543619047619048,9.62142857142857,2.0,9.0,7.0,7.0,26.0,,,2.0,12.0,7.0,6.0,10.0,1.0,24.0,3.0,2.0,,6.0,2.0,,2.0,2.0,2.0,0.8571428571428571,1.0,,,0.5,0.3333333333333333,0.75,0.75,1.0,0.3333333333333333,0.42857142857142855,0.4791,0.06896551724137931,25.285714285714285,0.08695652173913043,4.0,10.0,,,3.0,3.0,1.0,2.0,1.0,4.0,4.0,1.0,0.3333333333333333,0.4,,0.47619047619047616,,,0.5603,0.045454545454545456,0.06666666666666667,1.0,2.0,,,2.0,1.0,1.0,0.09523809523809523,0.5,0.5,,,1.0,5.0,,0.5,0.5555555555555556,4.0,,1.0,4.0,,12.0,4.0,4.0,4.0,1.0,0.5714285714285714,,0.5714285714285714,0.5714285714285714,0.5714285714285714,1.0,1.0,,0.5714285714285714,1.0,2.0,2.0,1.0,3.0,0.3333333333333333,0.25,0.25,0.07142857142857142,0.1,0.42857142857142855,0.6,0.06896551724137931,1.0,,1.0,,1.0,1.0,4.0,,,,,,2.0,,,,0.3333333333333333,,1.0,0.8,0.25,0.25,,,,,,,1.0,,1.0,,1.0,1.0,,0.5,1.0,,1.0,0.1111111111111111,,,,,2.0,,1.0,,,,,,,,,,,,,,,,,,,,,,,,,,,,,,1611661319,2020,2020,True
1628932-1629498-203069-203411-204324,1611661319,"A'ja Wilson, Jackie Young, Avery Warley-Talbert, Sugar Rodgers, Dearica Hamby","Wilson, Young, Warley-Talbert, Rodgers, Hamby",1628932-1629498-203069-203411-204324,LVA,121.0,1,2.0,1.0,4.0,4.0,8.0,,,1.0,1.0,8.0,,,,,,1.0,1.0,,,,8.0,1.0,1.3333333333333333,1.3333333333333333,,,,95.20661157024794,9.75,20.5,9.75,19.5,,,,0.5869833333333333,2.2,,4.0,2.0,2.0,7.0,,,,2.0,2.0,1.0,2.0,,5.0,1.0,,,1.0,,,,,,1.0,1.0,,,,0.6666666666666666,1.0,,,0.6666666666666666,1.0,,,24.95,,,,,,,,,,,,,,,,,,,,,,,1.0,1.0,,,,,,0.3333333333333333,1.0,1.0,,,1.0,,,,,2.0,,,2.0,,3.0,2.0,1.0,1.0,0.5,1.0,,1.0,1.0,1.0,0.5,,,1.0,,,,,,,,,,,,,,,,,,,1.0,,1.0,,,,,,,,,,,1.0,,,,,,,,,1.0,,,,,,,,,,,,,,3.0,,,,,,,,,,,,,,,,,,,,,,,,,,,,,,,,,,,1611661319,2020,2020,True
1628932-1629498-203411-203825-204324,1611661319,"A'ja Wilson, Jackie Young, Sugar Rodgers, Kayla McBride, Dearica Hamby","Wilson, Young, Rodgers, McBride, Hamby",1628932-1629498-203411-203825-204324,LVA,326.0,4,5.0,6.0,10.0,12.0,22.0,,1.0,3.0,8.0,11.0,6.0,4.0,7.0,11.0,,,3.0,,3.0,,7.0,0.375,0.34615384615384615,0.39285714285714285,0.8,0.8571428571428571,0.6666666666666666,97.17791411042944,17.5,12.583333333333334,15.5,12.583333333333334,0.07692307692307693,,,0.47748846153846153,6.5,6.0,9.0,4.0,5.0,5.0,1.0,5.0,7.0,,4.0,,1.0,,3.0,,,,2.0,,,,7.0,6.0,,,0.2,0.3125,0.3888888888888889,0.38461538461538464,,1.0,,0.3076923076923077,0.6153846153846154,0.474925,0.6363636363636364,24.259999999999998,0.6,4.0,4.0,1.0,1.0,2.0,2.0,3.0,2.0,2.0,4.0,2.0,,0.5,0.4444444444444444,,0.3076923076923077,0.07692307692307693,0.125,0.4244,,,2.0,3.0,1.0,1.0,2.0,1.0,1.0,0.23076923076923078,0.6666666666666666,0.6666666666666666,0.125,1.0,,1.0,,0.25,0.3333333333333333,,,2.0,1.0,1.0,3.0,,1.0,,1.0,0.2,0.3333333333333333,0.2,,,,0.25,,,1.0,4.0,2.0,1.0,2.0,0.5,0.3333333333333333,0.5,0.125,0.25,0.4,0.3333333333333333,0.36363636363636365,1.0,,1.0,,1.0,,,1.0,1.0,,,,,,,1.0,0.5,1.0,,,0.3333333333333333,0.3333333333333333,,,,2.0,1.0,,,,1.0,,,1.0,1.0,,1.0,,1.0,0.125,1.0,,,,,1.0,,1.0,1.0,,1.0,1.0,1.0,,,,,,,,,,,,,,,,,,1.0,1.0,,,,,1611661319,2020,2020,True
1629498-1629570-201881-202658-203411,1611661319,"Jackie Young, Megan Huff, Angel McCoughtry, Danielle Robinson, Sugar Rodgers","Young, Huff, McCoughtry, Robinson, Rodgers",1629498-1629570-201881-202658-203411,LVA,4.0,1,,,1.0,,1.0,,,,,,,,,,,,,,,,,,,,,,,360.0,4.0,,4.0,,,,,,,,,,,,,,,,,,,,,,,,,,,,,,,,,,,,,,,,,,,,,,,,,,,,,,,,,,,,,,,,,,,,,,,,,,,,,,,,,,,,,,,,,,,,,,,,,,,,,,,,,,,,,,,,,,,,,,,,,,,,,,,,,,,,,,,,,,,,,,,,,,,,,,,,,,,,,,,,,,,,,,,,,,,,,,,,,,,,,,,,,,,,,,,1611661319,2020,2020,True
1629498-201881-202658-203069-204324,1611661319,"Jackie Young, Angel McCoughtry, Danielle Robinson, Avery Warley-Talbert, Dearica Hamby","Young, McCoughtry, Robinson, Warley-Talbert, Hamby",1629498-201881-202658-203069-204324,LVA,281.0,1,5.0,-11.0,11.0,10.0,21.0,1.0,3.0,1.0,5.0,3.0,,1.0,1.0,2.0,1.0,2.0,3.0,,3.0,1.0,3.0,0.2,0.1111111111111111,0.15,0.25,0.25,,107.61565836298932,13.636363636363637,13.1,13.090909090909092,11.5,0.3333333333333333,0.3333333333333333,0.3333333333333333,0.4566111111111111,14.040000000000001,2.0,4.0,3.0,4.0,14.0,,1.0,,2.0,3.0,1.0,1.0,1.0,2.0,1.0,1.0,1.0,1.0,1.0,,1.0,,2.0,1.0,1.0,,,,0.4444444444444444,0.5,1.0,1.0,0.3333333333333333,0.4444444444444444,0.3871,,24.75,0.18181818181818182,1.0,2.0,1.0,,1.0,,,,1.0,1.0,2.0,1.0,0.25,0.125,,0.2222222222222222,0.1111111111111111,,,0.1,0.16666666666666666,,,,,,,,,,,,,,,1.0,,,,,,,,,,,,,,,,,,,,,,,,,,,,,,,,,,,,,1.0,,1.0,,,1.0,,,,,1.0,,,,0.3333333333333333,,,,,1.0,,,,,,1.0,,,,,,,,,,,,,,,,,,,,,,,,,,,,,,,,,,,,,,,,,,,,,,,,,1611661319,2020,2020,True
1629498-201881-202658-203411-204324,1611661319,"Jackie Young, Angel McCoughtry, Danielle Robinson, Sugar Rodgers, Dearica Hamby","Young, McCoughtry, Robinson, Rodgers, Hamby",1629498-201881-202658-203411-204324,LVA,152.0,2,3.0,-11.0,5.0,6.0,11.0,,,,1.0,,,,,,1.0,2.0,1.0,,,,,,,,,,,104.21052631578948,17.4,10.833333333333334,17.4,9.166666666666666,,,,0.5095166666666667,13.9,,3.0,2.0,2.0,11.0,,,,,2.0,,,,,1.0,,,1.0,,,,,,,,,,,0.6666666666666666,0.5,,,0.6666666666666666,0.6666666666666666,,,24.2,,,1.0,,,,,,,,,,,,,,0.3333333333333333,,,,,,,,,,,,,,,,,,1.0,,,,,,,,,,,,,,,,,,,,,,,,,,,,,,,,,,,,,,,,,,,,,,,,,,,,,,,,,,,,,,,,,1.0,,,,,,,,,,,,,,,,,,,,,,,,,,,,,,,,,,,,,,,,,,,,,,,,1611661319,2020,2020,True
1629498-201881-202670-203411-204324,1611661319,"Jackie Young, Angel McCoughtry, Carolyn Swords, Sugar Rodgers, Dearica Hamby","Young, McCoughtry, Swords, Rodgers, Hamby",1629498-201881-202670-203411-204324,LVA,383.0,3,6.0,7.0,13.0,13.0,26.0,1.0,1.0,5.0,9.0,16.0,4.0,5.0,7.0,8.0,,,4.0,,4.0,1.0,14.0,0.5555555555555556,0.5714285714285714,0.5714285714285714,1.0,1.0,1.0,97.75456919060052,15.076923076923077,14.384615384615385,14.23076923076923,14.384615384615385,0.07142857142857142,1.0,1.0,0.48948928571428574,8.322222222222223,,,5.0,5.0,9.0,,,,6.0,5.0,3.0,4.0,1.0,9.0,,,,2.0,,,,,,0.6,0.6,,,,0.35714285714285715,,1.0,1.0,0.35714285714285715,0.5714285714285714,,,25.2,,1.0,5.0,,,,1.0,,,1.0,1.0,1.0,1.0,0.3333333333333333,0.14285714285714285,,0.35714285714285715,,,0.3823,0.07142857142857142,0.1111111111111111,3.0,3.0,,,2.0,1.0,1.0,0.21428571428571427,1.0,1.0,,,,1.0,,0.2,0.2,2.0,,,2.0,,3.0,2.0,1.0,1.0,0.5,0.4,,0.4,0.4,0.4,0.5,,,0.4,1.0,2.0,,,,1.0,1.0,1.0,,,,,0.125,,,,,,1.0,1.0,1.0,1.0,,,,,,,,0.3333333333333333,,0.3333333333333333,1.0,,,,,,,,,,,,,,,,,,,,,,3.0,,1.0,,,,,,,,,,,,,,,,,,,,,,,,,,,,,,,,,1611661319,2020,2020,True
1629498-202658-203069-203411-204324,1611661319,"Jackie Young, Danielle Robinson, Avery Warley-Talbert, Sugar Rodgers, Dearica Hamby","Young, Robinson, Warley-Talbert, Rodgers, Hamby",1629498-202658-203069-203411-204324,LVA,225.0,2,4.0,2.0,8.0,8.0,16.0,,1.0,2.0,3.0,8.0,,2.0,3.0,3.0,,,1.0,,2.0,,8.0,0.6666666666666666,0.3333333333333333,0.5,0.4,0.5,0.5,102.4,11.75,16.375,11.75,15.75,0.16666666666666666,,,0.4081333333333333,10.266666666666667,6.0,6.0,3.0,3.0,6.0,2.0,3.0,6.0,4.0,3.0,2.0,2.0,,4.0,,,,,2.0,1.0,2.0,6.0,6.0,1.0,1.0,0.6666666666666666,0.4,0.5,0.5,,,,0.5,0.6666666666666666,0.40708,0.75,25.833333333333332,0.75,,1.0,,,4.0,,2.0,2.0,,,4.0,1.0,,,,0.16666666666666666,,,,0.14285714285714285,0.25,1.0,1.0,1.0,1.0,1.0,1.0,1.0,0.16666666666666666,1.0,1.0,0.2,1.0,,1.0,,1.0,1.0,,,2.0,,,,,,,,,,,,,,0.4,,,,,,,,,,,,,,,,,,,,,1.0,1.0,1.0,1.0,,,,1.0,,,,,,1.0,1.0,,,,,,,,,,,1.0,,1.0,1.0,,0.5,,,0.5,,,,,,1.0,,,,,,,,,,,,,,,,,,,,,,,,,,,,,,,,1611661319,2020,2020,True
1629498-202658-203411-204324-204332,1611661319,"Jackie Young, Danielle Robinson, Sugar Rodgers, Dearica Hamby, Cierra Burdick","Young, Robinson, Rodgers, Hamby, Burdick",1629498-202658-203411-204324-204332,LVA,345.0,3,6.0,8.0,12.0,10.0,22.0,,1.0,5.0,7.0,19.0,4.0,1.0,3.0,5.0,,1.0,1.0,,3.0,,16.0,0.7142857142857143,0.6666666666666666,0.7307692307692307,1.0,1.0,,91.82608695652173,14.833333333333334,16.7,13.5,16.7,0.08333333333333333,,,0.46965833333333334,6.742857142857143,1.0,5.0,4.0,5.0,11.0,,,3.0,6.0,4.0,3.0,5.0,,12.0,1.0,,,,,,,3.0,1.0,0.6,0.75,,1.5,1.5,0.4166666666666667,1.0,1.0,,0.3333333333333333,0.6666666666666666,0.24165,0.15789473684210525,25.080000000000002,0.08333333333333333,2.0,3.0,1.0,,3.0,2.0,1.0,,2.0,2.0,3.0,2.0,0.6666666666666666,0.4,,0.25,0.08333333333333333,,,0.15384615384615385,0.25,3.0,3.0,,,2.0,1.0,1.0,0.25,1.0,1.0,,,1.0,2.0,,0.6666666666666666,0.6666666666666666,1.0,1.0,1.0,2.0,1.0,6.0,1.0,2.0,1.0,1.0,0.4,1.0,0.4,0.25,0.25,1.0,1.0,1.0,0.25,1.0,3.0,2.0,,,0.5,0.5,0.75,,,,,0.15789473684210525,1.0,,,,,1.0,2.0,1.0,1.0,,,,,,,,0.6666666666666666,,0.3333333333333333,1.0,0.5,,,,,1.0,,,,,,,,,,,,,,,1.0,,,1.0,,1.0,,1.0,1.0,,1.0,1.0,1.0,,,,,,,,,,,,,,,,,,,,,,,,1611661319,2020,2020,True
1629498-203069-203411-203825-204324,1611661319,"Jackie Young, Avery Warley-Talbert, Sugar Rodgers, Kayla McBride, Dearica Hamby","Young, Warley-Talbert, Rodgers, McBride, Hamby",1629498-203069-203411-203825-204324,LVA,143.0,1,2.0,-2.0,5.0,4.0,9.0,,,2.0,2.0,4.0,2.0,,1.0,1.0,,1.0,3.0,,1.0,1.0,4.0,1.0,0.5,0.5,,,,90.62937062937063,13.8,18.5,13.8,17.25,,,,0.405675,4.85,,1.0,2.0,2.0,6.0,,,,2.0,2.0,1.0,1.0,,2.0,1.0,1.0,,1.0,,,,,,0.5,0.5,,,,0.5,1.0,,,0.5,0.75,,,25.4,,,1.0,,,,,,,,,,,,,,0.25,,,,,,1.0,1.0,,,,,,0.25,1.0,1.0,,,,1.0,,1.0,1.0,,,,,,,,,,,,,,,,,,,,,,,,,,,,,,,,,,,,,,,1.0,,,,,,,,,,,,,1.0,,,,,,,1.0,,,,,,,,1.0,,,,,,,,,,1.0,,,,,,,,,,,,,,,,,,,,,,,,,,,,,,,,1611661319,2020,2020,True
201881-202658-202670-203411-204324,1611661319,"Angel McCoughtry, Danielle Robinson, Carolyn Swords, Sugar Rodgers, Dearica Hamby","McCoughtry, Robinson, Swords, Rodgers, Hamby",201881-202658-202670-203411-204324,LVA,203.0,2,3.0,-3.0,7.0,7.0,14.0,1.0,1.0,2.0,5.0,4.0,,2.0,2.0,2.0,1.0,1.0,,,2.0,1.0,4.0,0.4,0.3333333333333333,0.3333333333333333,1.0,1.0,1.0,99.3103448275862,16.142857142857142,12.857142857142858,16.142857142857142,12.857142857142858,0.16666666666666666,1.0,1.0,0.43720833333333337,7.06,,3.0,1.0,1.0,7.0,,,,4.0,1.0,2.0,2.0,1.0,4.0,,,,,,,,,,1.0,1.0,,,,0.16666666666666666,,,1.0,0.16666666666666666,0.3333333333333333,,,25.6,,,3.0,,,,,,,,,,,,,,0.5,,,,,,1.0,1.0,,,,,,0.16666666666666666,1.0,1.0,,,,,,,,,,,,,,,,,,,,,,,,,,,,,,,,,,,,,,,,,,,,,1.0,,1.0,,,,,,,,,,,1.0,,,,,,,,,1.0,1.0,,,,,,,,,,,,,,,,,,,,,,,,,,,,,,,,,,,,,,,,,,,,,,,,1611661319,2020,2020,True
201881-202658-202670-203825-204324,1611661319,"Angel McCoughtry, Danielle Robinson, Carolyn Swords, Kayla McBride, Dearica Hamby","McCoughtry, Robinson, Swords, McBride, Hamby",201881-202658-202670-203825-204324,LVA,293.0,4,5.0,-6.0,8.0,10.0,18.0,1.0,1.0,4.0,4.0,8.0,,2.0,2.0,3.0,1.0,1.0,2.0,,1.0,,4.0,1.0,0.5,0.5,0.6666666666666666,0.6666666666666666,0.5,88.46416382252559,17.5,15.3,16.125,14.5,0.125,1.0,1.0,0.5103375,6.925,,,4.0,4.0,14.0,,,,8.0,4.0,4.0,4.0,1.0,8.0,,,,2.0,,,,,,1.0,1.0,,,,0.5,,1.0,1.0,0.5,0.75,,,24.825,,2.0,1.0,,,,2.0,,,1.0,1.0,,,0.25,0.25,,0.125,,,0.4352,,,2.0,2.0,,,,,,0.25,1.0,1.0,,,,1.0,,1.0,1.0,,,,,,,,,,,,,,,,,,,,2.0,4.0,,,,1.0,1.0,1.0,,,,,0.5,,,,,,2.0,1.0,,,,,,,,,,0.25,,1.0,1.0,,,,,,,,,1.0,,,,,,,,1.0,,,0.25,,,,,,,,,,,,,,,,,,,,,,,,,,,,,,,,,,,,,1611661319,2020,2020,True
1628263-1628932-202670-203411-204324,1611661319,"Lindsay Allen, A'ja Wilson, Carolyn Swords, Sugar Rodgers, Dearica Hamby","Allen, Wilson, Swords, Rodgers, Hamby",1628263-1628932-202670-203411-204324,LVA,122.0,1,2.0,3.0,4.0,4.0,8.0,,,2.0,2.0,5.0,2.0,2.0,2.0,3.0,,,1.0,,1.0,,3.0,1.0,0.5,0.5,0.5,0.5,,94.42622950819673,13.25,17.25,13.25,15.75,,,,0.574375,3.45,,,2.0,2.0,2.0,,,,2.0,2.0,1.0,1.0,,2.0,,,,,,,,,,0.5,1.0,,,,0.5,,1.0,,0.5,0.75,,,24.65,,1.0,1.0,,,1.0,1.0,,,1.0,1.0,2.0,1.0,0.5,0.5,,0.25,,,,0.2,0.3333333333333333,1.0,1.0,,,,,,0.25,1.0,1.0,,,,1.0,,1.0,1.0,,,,,,,,,,,,,,,,,,,,1.0,2.0,2.0,,,1.0,1.0,1.0,,,,,0.4,1.0,,,,,,1.0,1.0,,,,,,,,,0.5,,,1.0,1.0,,,,,,,1.0,,,,,,,,,,,,,1.0,,,,,1.0,,,,,,,,,,,,,,,,,,,,,,,,,,,,,,,1611661319,2020,2020,True
1629498-1629570-202658-203411-204324,1611661319,"Jackie Young, Megan Huff, Danielle Robinson, Sugar Rodgers, Dearica Hamby","Young, Huff, Robinson, Rodgers, Hamby",1629498-1629570-202658-203411-204324,LVA,121.0,1,2.0,2.0,3.0,4.0,7.0,,,2.0,4.0,4.0,4.0,2.0,2.0,4.0,,,,,2.0,,,0.5,0.4,0.4,1.0,1.0,1.0,83.30578512396694,19.666666666666668,15.5,18.0,15.5,,,,0.53679,4.025,,,,1.0,2.0,,,,,,,,,,,,,,1.0,,1.0,,,,,,,,0.2,,,,,0.8,,,23.6,,2.0,1.0,1.0,,,2.0,,,1.0,2.0,1.0,1.0,1.0,0.6666666666666666,1.0,0.2,0.2,,0.5809,0.2,0.25,2.0,3.0,,,,,,0.6,0.6666666666666666,0.6666666666666666,,,,,,,,,,,,,,,,,,,,,,,,,,,2.0,4.0,4.0,,1.0,1.0,1.0,1.0,,,0.5,1.0,1.0,2.0,,,,,,,,,,,,1.0,,,,,,,,1.0,,,,,,,,,1.0,,,1.0,,,1.0,,,,,2.0,,,1.0,,1.0,,,,,,,,,,,,,,,,,,,,,,,,,,,,,,,1611661319,2020,2020,True
1629498-201881-203411-203825-204324,1611661319,"Jackie Young, Angel McCoughtry, Sugar Rodgers, Kayla McBride, Dearica Hamby","Young, McCoughtry, Rodgers, McBride, Hamby",1629498-201881-203411-203825-204324,LVA,21.0,1,,,1.0,1.0,2.0,,,,,,,1.0,1.0,1.0,,,,,,,,,,,1.0,1.0,1.0,137.14285714285714,4.0,17.0,4.0,17.0,,,,,,1.0,1.0,1.0,1.0,,,,,,,,,,,,,,,1.0,,1.0,,1.0,,,,,,1.0,,,,1.0,1.0,,,45.9,1.0,,,,,,,1.0,,,,,,,,,,,,,,,,,,,,,,,,,,,,,,,,,,1.0,,,,,,,,,,,,,,1.0,,,,,,,,,,,,,,,,,,,,,,,,,,,,1.0,,,,,,,,,,,,,,,,,,,,1.0,,,1.0,,,,,,,,,,,,,,,,,,,,,,,,,,,,1.0,,,,,,,,,,,,,1611661319,2020,2020,True
1629498-202658-203411-203825-204324,1611661319,"Jackie Young, Danielle Robinson, Sugar Rodgers, Kayla McBride, Dearica Hamby","Young, Robinson, Rodgers, McBride, Hamby",1629498-202658-203411-203825-204324,LVA,7.0,2,,-2.0,1.0,1.0,2.0,,1.0,,1.0,,,,,,,,,,,,,,,,,,,411.42857142857144,1.0,6.0,1.0,6.0,1.0,,,0.2595,16.0,,1.0,,,2.0,,,,,,,,,,,,,,,,,,,,,,,,,,,,,,,,,,,,,,,,,,,,,,,,,,,,,,,,,,,,,,,,,,,,,,,,,,,,,,,,,,,,,,,,,,,,,,,,,,,,,,,,,,,,,,,,,,,,,,,,,,,,,,,,,,,,,,,,,,,,,,,,,,,,,,,,,,,,,,,,,,,,,,,,,,,,,,,,,,,,1611661319,2020,2020,True
1628263-1628932-201881-202670-203825,1611661319,"Lindsay Allen, A'ja Wilson, Angel McCoughtry, Carolyn Swords, Kayla McBride","Allen, Wilson, McCoughtry, Swords, McBride",1628263-1628932-201881-202670-203825,LVA,8817.0,21,147.0,-33.0,307.0,311.0,618.0,21.0,48.0,97.0,181.0,328.0,92.0,78.0,99.0,131.0,24.0,47.0,74.0,1.0,40.0,3.0,295.0,0.5359116022099447,0.5327272727272727,0.5597269624573379,0.624,0.6575342465753424,0.6666666666666666,100.93228989452196,14.684039087947882,13.855305466237942,14.315960912052118,13.289389067524116,0.17454545454545456,0.4375,0.44680851063829785,0.4883758181818182,8.495580110497238,,19.0,79.0,94.0,361.0,,,,102.0,79.0,51.0,82.0,13.0,195.0,23.0,9.0,,47.0,17.0,4.0,17.0,,,0.5257731958762887,0.5795454545454546,,,,0.3418181818181818,0.48936170212765956,0.6842105263157895,0.6190476190476191,0.2872727272727273,0.56,,,24.863829787234042,,28.0,73.0,15.0,,35.0,20.0,,,11.0,32.0,43.0,22.0,0.18032786885245902,0.2206896551724138,0.1,0.26545454545454544,0.05454545454545454,,0.559245,0.07876712328767123,0.1116751269035533,44.0,60.0,,,18.0,0.8571428571428571,0.8947368421052632,0.21818181818181817,0.7333333333333333,0.7457627118644068,,,14.0,32.0,4.0,0.4383561643835616,0.48484848484848486,28.0,,,33.0,,93.0,28.0,31.0,26.0,0.9393939393939394,0.35106382978723405,,0.35106382978723405,0.35443037974683544,0.35443037974683544,0.9285714285714286,,,0.35443037974683544,11.0,33.0,18.0,9.0,21.0,0.55,0.5344827586206896,0.55,0.049723756906077346,0.0958904109589041,0.25,0.1951219512195122,0.10060975609756098,13.0,3.0,8.0,3.0,9.0,18.0,20.0,28.0,17.0,8.0,1.0,1.0,13.0,0.3333333333333333,0.375,0.25925925925925924,0.19607843137254902,0.5,0.4090909090909091,0.625,0.4482758620689655,0.27586206896551724,0.375,1.0,0.010526315789473684,2.0,3.0,11.0,6.0,1.0,1.0,,8.0,,0.5,0.47058823529411764,3.0,1.0,0.4444444444444444,0.022058823529411766,10.0,6.0,2.0,6.0,,0.7692307692307693,3.0,5.0,5.0,0.016666666666666666,0.3333333333333333,0.3333333333333333,1.0,1.0,,2.0,,,,,,0.1,0.034482758620689655,,,,,,,,,,,0.020833333333333332,,,1611661319,2020,2020,True
1628263-1629570-202670-203411-204332,1611661319,"Lindsay Allen, Megan Huff, Carolyn Swords, Sugar Rodgers, Cierra Burdick","Allen, Huff, Swords, Rodgers, Burdick",1628263-1629570-202670-203411-204332,LVA,191.0,1,3.0,-2.0,6.0,6.0,12.0,,1.0,,1.0,,,3.0,3.0,3.0,,1.0,1.0,,,,,,,,1.0,1.0,1.0,90.47120418848168,11.833333333333334,20.0,11.833333333333334,20.0,0.25,,,0.436175,19.1,,4.0,3.0,3.0,2.0,,,,,3.0,,,,,1.0,,,,,,,,,,,,,,0.75,1.0,1.0,,0.75,0.75,,,25.133333333333336,,,,,,,,,,,,,,,,,,,,,,,,,,,,,,,,,,,1.0,,,,,,,,,,,,,,,,,,,,,,,,,,,,,,,,,,,,,,,,,,,,,,,,,,,,,,,,,,,,,,,,,,,,,,,,,,,,,,,,,,,,,,,,,,,,,,,,,,,,,,,,,,,,,,,,,1611661319,2020,2020,True
1628932-1629498-202658-203825-204324,1611661319,"A'ja Wilson, Jackie Young, Danielle Robinson, Kayla McBride, Dearica Hamby","Wilson, Young, Robinson, McBride, Hamby",1628932-1629498-202658-203825-204324,LVA,7315.0,20,122.0,-29.0,245.0,247.0,492.0,14.0,34.0,69.0,150.0,233.0,62.0,62.0,80.0,114.0,11.0,37.0,59.0,,40.0,5.0,190.0,0.46,0.44273127753303965,0.4715447154471545,0.7654320987654321,0.7575757575757576,0.723404255319149,96.85304169514696,15.591836734693878,14.149797570850202,14.89795918367347,13.510121457489879,0.14977973568281938,0.4117647058823529,0.4117647058823529,0.4605295154185022,7.993333333333333,43.0,70.0,69.0,77.0,262.0,13.0,28.0,51.0,76.0,69.0,38.0,58.0,11.0,136.0,26.0,9.0,6.0,35.0,16.0,4.0,16.0,51.0,43.0,0.5507246376811594,0.6666666666666666,0.4642857142857143,0.5116279069767442,0.5425531914893617,0.3392070484581498,0.7027027027027027,0.9545454545454546,0.7857142857142857,0.3039647577092511,0.5682819383259912,0.43841162790697674,0.21888412017167383,24.82857142857143,0.17551020408163265,32.0,64.0,8.0,3.0,32.0,24.0,15.0,7.0,11.0,34.0,43.0,20.0,0.2,0.2518518518518518,0.25,0.28193832599118945,0.03524229074889868,0.06976744186046512,0.5043454545454545,0.08196721311475409,0.11976047904191617,33.0,52.0,7.0,8.0,13.0,0.7222222222222222,0.75,0.2290748898678414,0.6346153846153846,0.6875,0.18604651162790697,0.875,17.0,22.0,2.0,0.34375,0.4,17.0,5.0,12.0,21.0,6.0,60.0,17.0,20.0,16.0,0.9523809523809523,0.2727272727272727,0.4,0.2727272727272727,0.2463768115942029,0.25,0.9411764705882353,0.27906976744186046,0.4166666666666667,0.2463768115942029,16.0,43.0,24.0,13.0,23.0,0.6666666666666666,0.640625,0.6515151515151515,0.08666666666666667,0.140625,0.2875,0.21951219512195122,0.18454935622317598,17.0,2.0,7.0,3.0,8.0,11.0,16.0,17.0,8.0,1.0,3.0,,11.0,0.375,0.5789473684210527,0.15,0.19607843137254902,0.5,0.3333333333333333,0.7272727272727273,0.53125,0.21875,0.2857142857142857,1.0,,2.0,5.0,9.0,4.0,1.0,2.0,1.0,6.0,2.0,1.0,0.375,6.0,,0.5833333333333334,0.04878048780487805,13.0,3.0,1.0,3.0,6.0,0.7647058823529411,1.0,4.0,4.0,0.07692307692307693,0.5,0.5,1.0,1.0,,,,,,,,,0.03125,,1.0,1.0,0.012987012987012988,0.014492753623188406,1.0,1.0,1.0,0.3333333333333333,,,2.0,,1611661319,2020,2020,True
1628263-201881-202670-203825-204324,1611661319,"Lindsay Allen, Angel McCoughtry, Carolyn Swords, Kayla McBride, Dearica Hamby","Allen, McCoughtry, Swords, McBride, Hamby",1628263-201881-202670-203825-204324,LVA,339.0,3,6.0,1.0,12.0,13.0,25.0,,2.0,3.0,5.0,13.0,,2.0,5.0,6.0,1.0,1.0,2.0,,2.0,,13.0,0.6,0.5,0.5416666666666666,0.6666666666666666,0.8333333333333334,,106.19469026548671,14.5,12.692307692307692,13.166666666666666,12.692307692307692,0.16666666666666666,,,0.49614583333333334,8.82,,2.0,5.0,7.0,12.0,,,,6.0,5.0,3.0,5.0,,12.0,,,,2.0,,,,,,1.0,1.0,,,,0.5833333333333334,,1.0,,0.4166666666666667,0.75,,,24.12857142857143,,2.0,1.0,2.0,,1.0,1.0,,,1.0,1.0,1.0,1.0,0.2,0.14285714285714285,,0.08333333333333333,0.16666666666666666,,0.3935,0.08333333333333333,0.2,2.0,2.0,,,3.0,1.0,1.0,0.16666666666666666,1.0,1.0,,,,1.0,,1.0,1.0,1.0,,,2.0,,6.0,1.0,2.0,1.0,1.0,0.2857142857142857,,0.2857142857142857,0.2,0.2,1.0,,,0.2,,,,,,,,,,,,,,,,1.0,,1.0,2.0,1.0,1.0,1.0,,,,,,,,0.25,,1.0,1.0,,0.5,,,,,,,1.0,,,,,,,,,,,,,,,1.0,,,,1.0,1.0,,0.5,0.5,1.0,,,,,,,,,,,,,,,,,,,,,,,,1611661319,2020,2020,True
1628263-202658-202670-203411-204332,1611661319,"Lindsay Allen, Danielle Robinson, Carolyn Swords, Sugar Rodgers, Cierra Burdick","Allen, Robinson, Swords, Rodgers, Burdick",1628263-202658-202670-203411-204332,LVA,33.0,1,1.0,,1.0,1.0,2.0,,,,,,,,,,1.0,1.0,,,,,,,,,,,,87.27272727272727,21.0,12.0,21.0,12.0,,,,,,1.0,,,,,,,,,,,,,,,,1.0,,,,,,1.0,,,,,,,,,,,,,,,1.0,,,,,,,,,,,,,,,,,,,,,,,,,,,,,,,,,,,,,,,,,,,,,,,,,,,,,,,,,,,,,,,,,,,,,,,,,,,,,,,,,,,,,,,,,,,,,,,,,,,1.0,,,,,,,,,,,,,,,,,,,,,,,,,,,,,,,,,,,,,,,,,,,,,,,,1611661319,2020,2020,True
1628932-1629498-202658-203411-204332,1611661319,"A'ja Wilson, Jackie Young, Danielle Robinson, Sugar Rodgers, Cierra Burdick","Wilson, Young, Robinson, Rodgers, Burdick",1628932-1629498-202658-203411-204332,LVA,5.0,1,,,1.0,,1.0,,,,,,,,,,,,,,,,,,,,,,,288.0,5.0,,5.0,,,,,,,1.0,,1.0,1.0,,,,,,1.0,,,,,,,,,,,,,1.0,,,,,,1.0,,,,1.0,1.0,,,38.2,1.0,,,,,,,1.0,,,,,,,,,,,,,,,,,,,,,,,,,,,,,,,,,,1.0,,,,,,,,,,,,,,1.0,,,,,,,,,,,,,,,,,,,,,,,,,,,,,,,,,,,,,,,,,,,,,,,,,,,,,,,,,,,,,,,,,,,,,,,,,,,,,,,,,,,,,,,,,,,,1611661319,2020,2020,True
1628932-1629498-203069-203825-204324,1611661319,"A'ja Wilson, Jackie Young, Avery Warley-Talbert, Kayla McBride, Dearica Hamby","Wilson, Young, Warley-Talbert, McBride, Hamby",1628932-1629498-203069-203825-204324,LVA,68.0,1,1.0,,2.0,2.0,4.0,,2.0,,2.0,,,,1.0,1.0,,,,,1.0,,,,,,,1.0,,84.70588235294117,22.0,12.0,22.0,12.0,1.0,,,0.3898,18.85,,2.0,,,,,,,,,,,,,,,,,,,,,,,,,,,,,,,,,,,,,,,,,,,,,,,,,,,,,,,,,,,,,,1.0,1.0,1.0,,,,,,,,,,,,,,,,,,,,,,,,,,,,,,,,,,,,,,,,,,,,,,,,,,,,,,,,,,,,,,,,,,,,,,,,,,,,,,,,,,,,,,,,,,,,,,,,,,,,,,,,,,,,,,,,,,,,,,,1611661319,2020,2020,True
1628932-201881-202658-202670-203411,1611661319,"A'ja Wilson, Angel McCoughtry, Danielle Robinson, Carolyn Swords, Sugar Rodgers","Wilson, McCoughtry, Robinson, Swords, Rodgers",1628932-201881-202658-202670-203411,LVA,248.0,3,4.0,-4.0,8.0,9.0,17.0,,,2.0,4.0,7.0,2.0,1.0,3.0,4.0,1.0,2.0,3.0,,1.0,,7.0,0.5,0.5,0.5,1.0,1.0,1.0,98.70967741935483,12.75,16.22222222222222,12.75,16.22222222222222,,,,0.45895,7.8,,1.0,2.0,3.0,11.0,,,,2.0,2.0,1.0,2.0,,5.0,1.0,1.0,,1.0,,,,,,0.5,0.5,,,,0.42857142857142855,0.5,,,0.2857142857142857,0.5714285714285714,,,23.96666666666667,,,3.0,1.0,,,,,,,1.0,,,,0.25,,0.42857142857142855,0.14285714285714285,,,,,1.0,1.0,,,2.0,1.0,1.0,0.14285714285714285,1.0,1.0,,,,1.0,,0.3333333333333333,0.5,1.0,,,1.0,,3.0,1.0,1.0,1.0,1.0,0.3333333333333333,,0.3333333333333333,0.5,0.5,1.0,,,0.5,,,,1.0,1.0,,,,0.25,0.3333333333333333,0.5,0.5,,,,,,,1.0,,1.0,,1.0,,,,,,,,1.0,1.0,,,,,,,,,1.0,,,,,,,,,,,,,,,,,,,,,,,,,,,,,,,,,,,,,,,,,,,,,,,,,1611661319,2020,2020,True
1628932-201881-202658-203411-204324,1611661319,"A'ja Wilson, Angel McCoughtry, Danielle Robinson, Sugar Rodgers, Dearica Hamby","Wilson, McCoughtry, Robinson, Rodgers, Hamby",1628932-201881-202658-203411-204324,LVA,622.0,3,10.0,-13.0,21.0,20.0,41.0,1.0,2.0,3.0,9.0,12.0,,3.0,4.0,6.0,4.0,8.0,7.0,,5.0,,12.0,0.3333333333333333,0.32142857142857145,0.4,0.42857142857142855,0.4,0.5,94.91961414790997,15.666666666666666,14.65,15.380952380952381,13.55,0.14285714285714285,0.5,0.5,0.474825,9.222222222222221,,10.0,3.0,5.0,25.0,,,,6.0,3.0,3.0,4.0,1.0,9.0,4.0,2.0,,3.0,3.0,2.0,3.0,,,1.0,1.0,,,,0.35714285714285715,0.5,,1.0,0.21428571428571427,0.42857142857142855,,,24.1,,2.0,6.0,2.0,,3.0,1.0,,,1.0,2.0,3.0,2.0,0.25,0.2,0.5,0.42857142857142855,0.14285714285714285,,0.4098,0.13333333333333333,0.2,1.0,1.0,,,1.0,0.3333333333333333,,0.07142857142857142,1.0,1.0,,,2.0,1.0,1.0,0.16666666666666666,0.3333333333333333,1.0,,,1.0,,3.0,1.0,1.0,1.0,1.0,0.2,,0.2,0.3333333333333333,0.3333333333333333,1.0,,,0.3333333333333333,,,,3.0,1.0,,,,0.3333333333333333,0.5,0.16666666666666666,0.2,,,,,,,1.0,1.0,3.0,,,1.0,,1.0,,,,,1.0,1.0,1.0,,,,,,,,3.0,1.0,,,,1.0,,,0.3333333333333333,,,0.3333333333333333,,,,,1.0,1.0,,,,,,,,,,,1.0,,,,,,,,,,,,,,,,,,,,,1611661319,2020,2020,True
1628932-202658-202670-203411-203825,1611661319,"A'ja Wilson, Danielle Robinson, Carolyn Swords, Sugar Rodgers, Kayla McBride","Wilson, Robinson, Swords, Rodgers, McBride",1628932-202658-202670-203411-203825,LVA,83.0,1,1.0,2.0,3.0,4.0,7.0,1.0,1.0,1.0,1.0,5.0,,1.0,1.0,1.0,,1.0,1.0,,,,5.0,1.0,1.25,1.25,1.0,1.0,,121.44578313253012,12.333333333333334,11.5,12.333333333333334,11.5,0.5,1.0,1.0,0.4674,17.6,,,,1.0,3.0,,,,2.0,,1.0,2.0,1.0,5.0,1.0,1.0,,1.0,,,,,,1.0,1.0,,,,0.5,1.0,1.0,1.0,,0.5,,,23.5,,,,1.0,,,,,,,,,,,,,,0.5,,,,,,,,,,,,,,,,,,,,,,,,,1.0,,3.0,,1.0,,1.0,1.0,,1.0,,,,,,,,,,,,,,,,,,,,,,,,,,,,,,,,,,,,,,,,,,,,,,,,,,,,,,,,,,,,,,,,,,,1.0,1.0,,1.0,1.0,1.0,,,,,,,,,,,,,,,,,,,,,,,,1611661319,2020,2020,True
1629498-201881-203069-203411-204324,1611661319,"Jackie Young, Angel McCoughtry, Avery Warley-Talbert, Sugar Rodgers, Dearica Hamby","Young, McCoughtry, Warley-Talbert, Rodgers, Hamby",1629498-201881-203069-203411-204324,LVA,52.0,1,1.0,2.0,3.0,2.0,5.0,,,2.0,2.0,5.0,,,1.0,1.0,1.0,1.0,1.0,,1.0,,5.0,1.0,1.0,1.25,,1.0,,138.46153846153845,10.333333333333334,10.5,10.333333333333334,10.5,,,,0.4627,6.1,,2.0,,,3.0,,,,4.0,,2.0,2.0,,4.0,,,,,,,,,,1.0,1.0,,,,,,,,,,,,,,,2.0,,,1.0,,,,,,1.0,1.0,,,,1.0,,,,0.5,0.5,,,,,1.0,1.0,1.0,,,,,,,2.0,1.0,1.0,1.0,,,,,,,,,,,,,,,,,,,,,,,,,,,,,,,,,,,,,,,2.0,,,,,,,,,,,,,1.0,,,,,,,,,,,,,,,,,,,,,,,,1.0,,,,,,,,,,,,,,,,,,,,,,,,,,,,,,,,,1611661319,2020,2020,True
1629498-202658-202670-203825-204324,1611661319,"Jackie Young, Danielle Robinson, Carolyn Swords, Kayla McBride, Dearica Hamby","Young, Robinson, Swords, McBride, Hamby",1629498-202658-202670-203825-204324,LVA,1316.0,11,22.0,-2.0,47.0,45.0,92.0,7.0,12.0,13.0,29.0,45.0,10.0,12.0,15.0,21.0,4.0,10.0,11.0,,12.0,1.0,41.0,0.4482758620689655,0.475,0.5232558139534884,0.8571428571428571,0.8666666666666667,0.75,100.66869300911854,15.74468085106383,12.8,14.936170212765957,12.022222222222222,0.3,0.5833333333333334,0.5833333333333334,0.43117,9.748275862068965,15.0,24.0,10.0,11.0,47.0,6.0,12.0,19.0,16.0,10.0,8.0,11.0,4.0,25.0,6.0,4.0,3.0,8.0,,,,19.0,15.0,0.6153846153846154,0.6666666666666666,0.5,0.5769230769230769,0.6333333333333333,0.275,0.6,1.0,0.5714285714285714,0.25,0.525,0.42856923076923076,0.4222222222222222,24.89090909090909,0.3191489361702128,5.0,7.0,1.0,,7.0,4.0,1.0,4.0,2.0,6.0,8.0,3.0,0.2857142857142857,0.2608695652173913,,0.175,0.025,,0.6264,0.07317073170731707,0.1,6.0,10.0,2.0,5.0,1.0,1.0,1.0,0.25,0.6,0.6,0.38461538461538464,0.4,2.0,,1.0,,,4.0,1.0,1.0,4.0,1.0,9.0,4.0,3.0,3.0,0.75,0.36363636363636365,1.0,0.36363636363636365,0.4,0.4,0.75,0.07692307692307693,1.0,0.4,1.0,4.0,2.0,1.0,4.0,0.25,0.2,0.3333333333333333,0.034482758620689655,0.14285714285714285,0.25,,0.08888888888888889,4.0,,1.0,,1.0,4.0,,4.0,3.0,,1.0,,,,0.5,0.4,0.3333333333333333,,0.6666666666666666,,0.8,0.2,,,,2.0,2.0,1.0,2.0,,2.0,,,2.0,0.6666666666666666,,1.0,2.0,1.0,0.045454545454545456,1.0,3.0,,2.0,,0.25,,,,,,,,,,,,,,,,,,,,,,,,,,,,,,,1611661319,2020,2020,True
1629498-202658-203825-204324-204332,1611661319,"Jackie Young, Danielle Robinson, Kayla McBride, Dearica Hamby, Cierra Burdick","Young, Robinson, McBride, Hamby, Burdick",1629498-202658-203825-204324-204332,LVA,11.0,1,,3.0,1.0,,1.0,,,,,3.0,,,,,,,,,,,3.0,,1.5,1.5,,,,130.9090909090909,10.0,,10.0,,,,,0.42375,,,,,1.0,,,,,,,,1.0,,3.0,,,,,,,,,,,,,,,1.0,,,,,1.0,,,23.0,,,,1.0,,,,,,,,,,,,,,1.0,,,,,,,,,,,,,,,,,,,,,,,,,1.0,,3.0,,1.0,,1.0,1.0,,1.0,,,,,,,,,,,,,,,,,,,,,,,,,,,,,,,,,,,,,,,,,,,,,,,,,,,,,,,,,,,,,,,,,,,1.0,1.0,,1.0,1.0,1.0,,,,,,,,,,,,,,,,,,,,,,,,1611661319,2020,2020,True
1628932-1629498-202670-203825-204324,1611661319,"A'ja Wilson, Jackie Young, Carolyn Swords, Kayla McBride, Dearica Hamby","Wilson, Young, Swords, McBride, Hamby",1628932-1629498-202670-203825-204324,LVA,165.0,3,3.0,4.0,5.0,7.0,12.0,2.0,2.0,2.0,3.0,6.0,4.0,4.0,4.0,4.0,,,1.0,,2.0,,6.0,0.6666666666666666,0.5,0.6,1.0,1.0,1.0,104.72727272727273,11.8,15.142857142857142,11.8,15.142857142857142,0.5,1.0,1.0,0.400225,11.333333333333334,1.0,1.0,1.0,1.0,2.0,1.0,1.0,2.0,,1.0,,,,,,,,,2.0,,2.0,2.0,1.0,,,1.0,1.0,1.0,0.25,,,,0.25,0.5,0.4094,0.3333333333333333,24.7,0.2,,,,,2.0,,,,,,2.0,1.0,,,,,,,,0.2,0.25,,1.0,,,,,,0.25,,,,,,,,,,,,,,,,,,,,,,,,,,,,,,,,,,,,,,,,,,,,,,,,,,,,,,2.0,,,,,,,,,,,,,,,,,,,,2.0,,,1.0,,1.0,,,,,,,,,,,,,,,,,,,,,,,,,,,,,,,,,,,,,,,1611661319,2020,2020,True
1629498-1629570-202658-203411-204332,1611661319,"Jackie Young, Megan Huff, Danielle Robinson, Sugar Rodgers, Cierra Burdick","Young, Huff, Robinson, Rodgers, Burdick",1629498-1629570-202658-203411-204332,LVA,122.0,2,2.0,6.0,4.0,5.0,9.0,,,3.0,3.0,9.0,4.0,,1.0,1.0,,,,,1.0,,9.0,1.0,1.125,1.125,,1.0,,106.22950819672131,11.0,15.6,11.0,15.6,,,,0.5013375,3.6333333333333333,1.0,2.0,1.0,1.0,3.0,1.0,1.0,2.0,2.0,1.0,1.0,2.0,,5.0,,,,,,,,2.0,1.0,0.3333333333333333,0.3333333333333333,1.0,1.0,1.0,0.25,,,,0.25,0.75,0.3496,0.2222222222222222,22.8,0.25,,1.0,,,,,,,,,,,,,,0.25,,,,,,2.0,2.0,,,1.0,1.0,,0.5,1.0,1.0,,,,1.0,,1.0,1.0,1.0,,,1.0,,3.0,1.0,1.0,1.0,1.0,1.0,,1.0,1.0,1.0,1.0,,,1.0,,,,,,,,,,,,,,,,,,,1.0,,1.0,,,,,,,,,,1.0,0.5,,,,,,,,,1.0,,1.0,,,,,,,,,,,,,,,,,,,,,,,,,,,,,,,,,,,,,,,,,,,,,,,1611661319,2020,2020,True
1629498-201881-203825-204324-204332,1611661319,"Jackie Young, Angel McCoughtry, Kayla McBride, Dearica Hamby, Cierra Burdick","Young, McCoughtry, McBride, Hamby, Burdick",1629498-201881-203825-204324-204332,LVA,110.0,1,2.0,3.0,5.0,4.0,9.0,,1.0,1.0,2.0,8.0,,1.0,2.0,2.0,,,1.0,,2.0,,8.0,0.5,0.8333333333333334,0.8,1.0,1.0,1.0,117.81818181818183,9.6,15.5,9.6,15.5,0.3333333333333333,,,0.32606666666666667,9.15,3.0,4.0,1.0,1.0,5.0,1.0,1.0,7.0,2.0,1.0,1.0,1.0,,2.0,,,,,,,,7.0,3.0,1.0,1.0,1.0,1.25,1.1666666666666667,0.3333333333333333,,,,0.3333333333333333,0.6666666666666666,0.277,0.875,26.8,0.6,,,,,3.0,,1.0,2.0,,,4.0,1.0,,,,,,,,0.25,0.3333333333333333,1.0,1.0,1.0,1.0,,,,0.3333333333333333,1.0,1.0,0.5,1.0,,,,,,1.0,1.0,1.0,1.0,1.0,,1.0,,,,1.0,1.0,1.0,1.0,1.0,,0.5,1.0,1.0,,,,,,,,,,,,,,,,,,,1.0,,,,,,,,,,,,,1.0,,,,,,,,1.0,,,,1.0,,,1.0,1.0,,,,,,,3.0,,,1.0,,,,,,,,,,,,,,,,,,,,,,,,,,,,,,,,1611661319,2020,2020,True
202658-203411-203825-204324-204332,1611661319,"Danielle Robinson, Sugar Rodgers, Kayla McBride, Dearica Hamby, Cierra Burdick","Robinson, Rodgers, McBride, Hamby, Burdick",202658-203411-203825-204324-204332,LVA,5.0,1,,,1.0,1.0,2.0,,,,,,,,,,,,,,,,,,,,,,,576.0,1.0,4.0,1.0,4.0,,,,,,1.0,1.0,,,,,,,,,,,,,,,,,,,,,1.0,,,,,,,,,,,,,,,1.0,,,,,,,,,,,,,,,,,,,,,,,,,,,,,,,,,,,,,,,,,,,,,,,,,,,,,,,,,,,,,,,,,,,,,,,,,,,,,,,,,,,,,,,,,,,,,,,,,,,,,,,,,,,,,,,,,,,,,,,,,,,,,,,,,,,,,,,,,,,,,,,,,,,1611661319,2020,2020,True
1628932-201881-202658-203825-204324,1611661319,"A'ja Wilson, Angel McCoughtry, Danielle Robinson, Kayla McBride, Dearica Hamby","Wilson, McCoughtry, Robinson, McBride, Hamby",1628932-201881-202658-203825-204324,LVA,2805.0,15,47.0,5.0,97.0,93.0,190.0,4.0,15.0,34.0,58.0,108.0,26.0,25.0,35.0,50.0,10.0,15.0,35.0,2.0,14.0,,93.0,0.5862068965517241,0.5277777777777778,0.5572916666666666,0.6756756756756757,0.7272727272727273,0.7777777777777778,97.54010695187166,14.948453608247423,14.56989247311828,13.938144329896907,14.204301075268818,0.16666666666666666,0.26666666666666666,0.26666666666666666,0.4602644444444444,8.827586206896552,18.0,17.0,26.0,32.0,103.0,5.0,9.0,22.0,42.0,26.0,21.0,27.0,4.0,60.0,5.0,2.0,1.0,16.0,10.0,3.0,10.0,22.0,18.0,0.6176470588235294,0.65625,0.5555555555555556,0.6153846153846154,0.6470588235294118,0.35555555555555557,0.3333333333333333,0.4444444444444444,1.0,0.28888888888888886,0.5666666666666667,0.4435576923076923,0.2037037037037037,24.775,0.18556701030927836,13.0,24.0,6.0,1.0,13.0,8.0,4.0,6.0,6.0,15.0,16.0,6.0,0.2608695652173913,0.32608695652173914,0.5,0.26666666666666666,0.06666666666666667,0.07692307692307693,0.47591666666666665,0.07368421052631578,0.0967741935483871,14.0,19.0,2.0,3.0,7.0,1.0,1.0,0.2111111111111111,0.7368421052631579,0.8235294117647058,0.23076923076923078,0.6666666666666666,3.0,16.0,1.0,0.6666666666666666,0.6956521739130435,7.0,1.0,3.0,9.0,2.0,18.0,7.0,6.0,4.0,0.6666666666666666,0.28125,0.5,0.28125,0.2692307692307692,0.2692307692307692,0.5714285714285714,0.23076923076923078,0.3333333333333333,0.2692307692307692,5.0,15.0,4.0,3.0,9.0,0.625,0.5,0.5357142857142857,0.05172413793103448,0.041666666666666664,0.391304347826087,0.42857142857142855,0.1388888888888889,2.0,1.0,4.0,1.0,5.0,9.0,8.0,7.0,2.0,3.0,1.0,1.0,6.0,0.2,0.4,0.36363636363636365,0.21052631578947367,,0.6428571428571429,0.5,0.15384615384615385,0.3076923076923077,0.25,1.0,0.030303030303030304,2.0,3.0,5.0,1.0,,1.0,1.0,5.0,,1.0,0.5,2.0,1.0,0.7,0.046511627906976744,2.0,9.0,1.0,2.0,4.0,1.0,,2.0,2.0,0.10526315789473684,0.3333333333333333,0.3333333333333333,1.0,1.0,,,,,,,,0.5,0.07692307692307693,,,,,,,,1.0,1.0,,,1.0,,1611661319,2020,2020,True
1628263-1629498-202670-203411-204332,1611661319,"Lindsay Allen, Jackie Young, Carolyn Swords, Sugar Rodgers, Cierra Burdick","Allen, Young, Swords, Rodgers, Burdick",1628263-1629498-202670-203411-204332,LVA,507.0,5,8.0,-1.0,16.0,18.0,34.0,,,1.0,4.0,10.0,2.0,5.0,7.0,8.0,2.0,3.0,,,4.0,,9.0,0.25,0.2777777777777778,0.38461538461538464,0.8333333333333334,0.875,1.0,96.56804733727812,14.9375,14.88888888888889,14.8125,14.222222222222221,,,,0.4826277777777778,5.775,10.0,16.0,5.0,5.0,11.0,,1.0,4.0,,5.0,,,,,1.0,,2.0,,,,,4.0,10.0,,,,,0.25,0.5555555555555556,0.3333333333333333,0.8,,0.5555555555555556,0.6666666666666666,0.45521,0.4,24.880000000000003,0.625,1.0,3.0,,,5.0,,4.0,4.0,1.0,1.0,8.0,3.0,0.25,0.14285714285714285,,0.3333333333333333,,,,0.25,0.42857142857142855,1.0,1.0,,,2.0,1.0,1.0,0.1111111111111111,1.0,1.0,,,1.0,,,,,1.0,,4.0,1.0,,,1.0,,,,0.2,,0.2,0.2,0.2,,0.8,,0.2,,1.0,,,,,,0.5,,,,,0.1,,,,,,,,3.0,3.0,,,,,,,,0.25,,,,,,,,,1.0,,,1.0,,1.0,,,1.0,,,,,,,,3.0,,,,,,,,,,,,,,,,,,,,,,,,,,,,,,,,,,,1611661319,2020,2020,True
1629498-201881-202670-203825-204324,1611661319,"Jackie Young, Angel McCoughtry, Carolyn Swords, Kayla McBride, Dearica Hamby","Young, McCoughtry, Swords, McBride, Hamby",1629498-201881-202670-203825-204324,LVA,290.0,2,5.0,-5.0,8.0,9.0,17.0,,2.0,2.0,6.0,5.0,,3.0,3.0,3.0,,1.0,1.0,,2.0,,5.0,0.3333333333333333,0.2857142857142857,0.35714285714285715,0.75,0.75,1.0,84.41379310344828,19.875,14.555555555555555,19.875,14.11111111111111,0.2857142857142857,,,0.42475,9.116666666666667,,,1.0,1.0,10.0,,,,4.0,1.0,2.0,2.0,,4.0,1.0,1.0,,,,,,,,1.0,1.0,,,,0.14285714285714285,1.0,0.5,,0.14285714285714285,0.42857142857142855,,,24.6,,,2.0,,,1.0,,,,,,1.0,1.0,,,,0.2857142857142857,,,,0.14285714285714285,0.16666666666666666,,2.0,,,,,,0.2857142857142857,,,,,,2.0,,1.0,1.0,,,,,,,,,,,,,,,,,,,,,,,,,,,,,,,,,,,,,,,2.0,1.0,,,,,,,,,,,,1.0,,,,,,,,1.0,,,,,,,,,,,,,,,,1.0,,,,,,,,,,,,,,,,,,,,,,,,,,,,,,,,,1611661319,2020,2020,True
1628263-1628932-1629498-202658-203069,1611661319,"Lindsay Allen, A'ja Wilson, Jackie Young, Danielle Robinson, Avery Warley-Talbert","Allen, Wilson, Young, Robinson, Warley-Talbert",1628263-1628932-1629498-202658-203069,LVA,26.0,1,,2.0,1.0,1.0,2.0,,,1.0,1.0,2.0,,,1.0,1.0,,,,,,,2.0,1.0,1.0,1.0,,,,110.76923076923076,15.0,11.0,15.0,11.0,,,,0.3351,6.5,1.0,1.0,,,,1.0,1.0,2.0,2.0,,1.0,1.0,,2.0,,,,,,,,2.0,1.0,1.0,1.0,1.0,1.0,1.0,,,,,,,0.3351,1.0,,1.0,,1.0,,,,,,,,,,,,,,1.0,,,,,,,,,,,,,,,,,,,1.0,,1.0,1.0,,,,,,,,,,,,,,,,,,,,,,,,,,,,,,,,,,,,,,,1.0,,,,,,,,,,,,,1.0,,,,,,,1.0,,,,,,,,1.0,,,,,,,,,,,,,,,,,,,,,,,,,,,,,,,,,,,,,,,,,,1611661319,2020,2020,True
1629498-202658-202670-203411-204324,1611661319,"Jackie Young, Danielle Robinson, Carolyn Swords, Sugar Rodgers, Dearica Hamby","Young, Robinson, Swords, Rodgers, Hamby",1629498-202658-202670-203411-204324,LVA,3623.0,17,60.0,-1.0,115.0,117.0,232.0,9.0,14.0,35.0,60.0,127.0,46.0,29.0,41.0,53.0,12.0,22.0,31.0,2.0,27.0,2.0,120.0,0.5833333333333334,0.5421052631578948,0.5934579439252337,0.7631578947368421,0.7272727272727273,0.6842105263157895,92.2108749654982,15.182608695652174,16.042735042735043,14.504347826086956,15.247863247863247,0.14736842105263157,0.6428571428571429,0.6428571428571429,0.4482303191489362,8.453333333333333,36.0,53.0,31.0,35.0,128.0,11.0,19.0,53.0,24.0,31.0,12.0,19.0,3.0,45.0,10.0,5.0,1.0,18.0,7.0,1.0,8.0,53.0,36.0,0.34285714285714286,0.35294117647058826,0.5789473684210527,0.5862068965517241,0.6794871794871795,0.3684210526315789,0.45454545454545453,0.8666666666666667,0.3333333333333333,0.3263157894736842,0.5789473684210527,0.4227964285714286,0.41732283464566927,24.942857142857143,0.3130434782608696,11.0,26.0,4.0,2.0,24.0,7.0,10.0,19.0,5.0,12.0,27.0,9.0,0.22727272727272727,0.2608695652173913,,0.2736842105263158,0.042105263157894736,0.06896551724137931,0.45905,0.0970873786407767,0.13432835820895522,17.0,20.0,3.0,4.0,11.0,0.6470588235294118,0.625,0.21052631578947367,0.85,1.0,0.13793103448275862,0.75,5.0,9.0,2.0,0.34615384615384615,0.34615384615384615,11.0,4.0,8.0,11.0,4.0,21.0,11.0,7.0,7.0,0.6363636363636364,0.3142857142857143,0.4,0.3142857142857143,0.3548387096774194,0.3548387096774194,0.6363636363636364,0.27586206896551724,0.5,0.3548387096774194,2.0,7.0,2.0,3.0,7.0,0.2857142857142857,0.3181818181818182,0.3181818181818182,0.05,,0.2916666666666667,0.1875,0.05511811023622047,3.0,1.0,3.0,1.0,4.0,6.0,3.0,10.0,3.0,3.0,2.0,1.0,5.0,0.25,0.6666666666666666,0.4,0.2777777777777778,1.0,0.35294117647058826,0.3333333333333333,0.2727272727272727,0.2727272727272727,0.3333333333333333,1.0,0.027777777777777776,,1.0,7.0,1.0,,4.0,1.0,3.0,4.0,0.3333333333333333,0.375,2.0,1.0,0.75,0.046511627906976744,2.0,12.0,1.0,2.0,2.0,0.6666666666666666,,,,0.15,,,,1.0,,1.0,1.0,1.0,,,,,0.09090909090909091,,,,,,,,,,,,,,1611661319,2020,2020,True
1628932-1629498-201881-203825-204324,1611661319,"A'ja Wilson, Jackie Young, Angel McCoughtry, Kayla McBride, Dearica Hamby","Wilson, Young, McCoughtry, McBride, Hamby",1628932-1629498-201881-203825-204324,LVA,3599.0,11,60.0,-45.0,116.0,117.0,233.0,9.0,21.0,30.0,65.0,109.0,24.0,22.0,31.0,45.0,12.0,24.0,41.0,2.0,20.0,2.0,100.0,0.46153846153846156,0.48058252427184467,0.49537037037037035,0.5641025641025641,0.5833333333333334,0.5238095238095238,93.22589608224507,16.224137931034484,14.675213675213675,15.681034482758621,14.205128205128204,0.20388349514563106,0.42857142857142855,0.42857142857142855,0.44313495145631066,9.163076923076924,8.0,24.0,34.0,38.0,154.0,2.0,4.0,6.0,36.0,34.0,18.0,26.0,5.0,60.0,12.0,4.0,1.0,22.0,9.0,1.0,9.0,6.0,8.0,0.6,0.6206896551724138,0.5,0.3333333333333333,0.42857142857142855,0.36893203883495146,0.5,0.7272727272727273,0.5555555555555556,0.3300970873786408,0.5728155339805825,0.36152500000000004,0.05504587155963303,25.28684210526316,0.06896551724137931,10.0,23.0,4.0,1.0,10.0,5.0,2.0,2.0,4.0,14.0,12.0,5.0,0.17391304347826086,0.22807017543859648,0.3333333333333333,0.22330097087378642,0.038834951456310676,0.16666666666666666,0.45336999999999994,0.046296296296296294,0.07142857142857142,13.0,21.0,,,6.0,0.6666666666666666,0.6666666666666666,0.20388349514563106,0.6190476190476191,0.7647058823529411,,,8.0,8.0,2.0,0.34782608695652173,0.47058823529411764,13.0,,1.0,13.0,,24.0,13.0,8.0,8.0,0.6153846153846154,0.34210526315789475,,0.34210526315789475,0.38235294117647056,0.38235294117647056,0.6153846153846154,0.16666666666666666,,0.38235294117647056,3.0,9.0,2.0,10.0,9.0,0.6,0.6428571428571429,0.5625,0.15384615384615385,0.2608695652173913,0.2647058823529412,0.21428571428571427,0.08256880733944955,1.0,1.0,1.0,1.0,2.0,9.0,4.0,6.0,3.0,,4.0,,7.0,0.5,0.375,0.25,0.15,,0.6923076923076923,0.5,0.14285714285714285,0.14285714285714285,1.0,1.0,,,3.0,3.0,5.0,1.0,,1.0,3.0,,1.0,0.3333333333333333,2.0,1.0,0.42857142857142855,0.0425531914893617,,15.0,,,5.0,,,,,0.19047619047619047,,,,1.0,1.0,,,,,,1.0,,0.14285714285714285,,,1.0,0.02631578947368421,,,,,,,,2.0,0.25,1611661319,2020,2020,True
1628242-1629498-202658-202670-203411,1611661319,"Emma Cannon, Jackie Young, Danielle Robinson, Carolyn Swords, Sugar Rodgers","Cannon, Young, Robinson, Swords, Rodgers",1628242-1629498-202658-202670-203411,LVA,24.0,1,,,1.0,2.0,3.0,,,,,,,,1.0,1.0,1.0,1.0,,,,,,,,,,,,180.0,11.0,6.5,11.0,5.5,,,,,,,1.0,,,,,,,,,,,,,,,,,,,,,,,,,,,,,,,,,,,,,,,,,,,,,,,,,,,,,,,,,,,,,,,,,,,,,,,,,,,,,,,,,,,,,,,,,,,,,,,,,,,,,,,,,,,,,,,,,,,,,,,,,,,,,,,,,,,,,1.0,,,,,,,,1.0,,,,,,,,,,,,,,,,,,,,,,,,1.0,,,,,,,,,,,,,,,,,,1611661319,2020,2020,True
