EntityId,TeamId,Name,ShortName,RowId,TeamAbbreviation,SecondsPlayed,GamesPlayed,Minutes,PlusMinus,OffPoss,DefPoss,PenaltyOffPoss,PenaltyDefPoss,SecondChanceOffPoss,TotalPoss,AtRimFGM,AtRimFGA,SecondChanceAtRimFGM,SecondChanceAtRimFGA,PenaltyAtRimFGM,PenaltyAtRimFGA,ShortMidRangeFGM,ShortMidRangeFGA,LongMidRangeFGM,LongMidRangeFGA,FG2M,FG2A,FtPoints,Points,OpponentPoints,SecondChanceFG2M,SecondChanceFG2A,SecondChanceFtPoints,SecondChancePoints,PenaltyFG2M,PenaltyFG2A,PenaltyFtPoints,PenaltyPoints,PtsAssisted2s,PtsUnassisted2s,PtsPutbacks,Fg2aBlocked,TwoPtAssists,ThreePtAssists,Assists,Arc3Assists,AtRimAssists,ShortMidRangeAssists,LongMidRangeAssists,AssistPoints,OffThreePtRebounds,OffTwoPtRebounds,DefThreePtRebounds,DefTwoPtRebounds,FTDefRebounds,DefRebounds,OffRebounds,Rebounds,Steals,BadPassSteals,LostBallSteals,LiveBallTurnovers,BadPassTurnovers,DeadBallTurnovers,LostBallOutOfBoundsTurnovers,LostBallTurnovers,Travels,Turnovers,PenaltyTurnovers,ShootingFouls,Fouls,Offensive Fouls,FoulsDrawn,Loose Ball Fouls Drawn,Offensive Fouls Drawn,FTA,2pt And 1 Free Throw Trips,TwoPtShootingFoulsDrawn,NonShootingFoulsDrawn,Blocked2s,BlockedAtRim,BlockedLongMidRange,BlockedShortMidRange,Blocks,RecoveredBlocks,Defensive 3 Seconds Violations,FirstChancePoints,PenaltyPointsExcludingTakeFouls,PenaltyOffPossExcludingTakeFouls,NonShootingPenaltyNonTakeFoulsDrawn,Period2Fouls2Minutes,Period3Fouls3Minutes,OnOffRtg,OnDefRtg,Assisted2sPct,NonPutbacksAssisted2sPct,Fg2Pct,SecondChanceFg2Pct,PenaltyFg2Pct,EfgPct,SecondChanceEfgPct,PenaltyEfgPct,TsPct,SecondChanceTsPct,PenaltyTsPct,FG2APctBlocked,AtRimPctBlocked,ShortMidRangePctBlocked,LongMidRangePctBlocked,Usage,LiveBallTurnoverPct,DefFTReboundPct,DefTwoPtReboundPct,OffTwoPtReboundPct,DefThreePtReboundPct,OffThreePtReboundPct,DefFGReboundPct,OffFGReboundPct,OffAtRimReboundPct,OffShortMidRangeReboundPct,OffLongMidRangeReboundPct,OffArc3ReboundPct,OffCorner3ReboundPct,DefAtRimReboundPct,DefShortMidRangeReboundPct,DefLongMidRangeReboundPct,DefArc3ReboundPct,DefCorner3ReboundPct,BlocksRecoveredPct,AtRimFrequency,AtRimAccuracy,UnblockedAtRimAccuracy,AtRimPctAssisted,ShortMidRangeFrequency,ShortMidRangeAccuracy,UnblockedShortMidRangeAccuracy,ShortMidRangePctAssisted,LongMidRangeFrequency,LongMidRangeAccuracy,UnblockedLongMidRangeAccuracy,LongMidRangePctAssisted,SecondChanceAtRimFrequency,SecondChanceAtRimAccuracy,PenaltyAtRimFrequency,PenaltyAtRimAccuracy,AtRimFG3AFrequency,ShotQualityAvg,SecondChanceShotQualityAvg,PenaltyShotQualityAvg,ShootingFoulsDrawnPct,TwoPtShootingFoulsDrawnPct,SecondChancePointsPct,PenaltyPointsPct,Avg2ptShotDistance,AtRimOffReboundedPct,ShortMidRangeOffReboundedPct,LongMidRangeOffReboundedPct,PenaltyOffPossPct,Corner3FGA,Arc3FGM,Arc3FGA,SecondChanceArc3FGM,SecondChanceArc3FGA,PenaltyArc3FGM,PenaltyArc3FGA,FG3M,FG3A,SecondChanceFG3M,SecondChanceFG3A,PenaltyFG3M,PenaltyFG3A,PtsAssisted3s,PtsUnassisted3s,NonHeaveArc3FGA,NonHeaveArc3FGM,Corner3Assists,BadPassOutOfBoundsTurnovers,Loose Ball Fouls,Technical Free Throw Trips,NonShootingPenaltyNonTakeFouls,Assisted3sPct,Fg3Pct,SecondChanceFg3Pct,PenaltyFg3Pct,NonHeaveFg3Pct,FG3APct,Corner3Frequency,Arc3Frequency,Arc3Accuracy,UnblockedArc3Accuracy,Arc3PctAssisted,SecondChanceArc3Frequency,SecondChanceArc3Accuracy,SecondChanceArc3PctAssisted,PenaltyArc3Frequency,PenaltyArc3Accuracy,NonHeaveArc3Accuracy,Avg3ptShotDistance,ThreePtOffReboundedPct,Corner3FGM,SecondChanceCorner3FGA,PenaltyCorner3FGM,PenaltyCorner3FGA,HeaveAttempts,StepOutOfBoundsTurnovers,SecondChanceTurnovers,Charge Fouls,Charge Fouls Drawn,Period4Fouls4Minutes,Corner3Accuracy,UnblockedCorner3Accuracy,Corner3PctAssisted,SecondChanceAtRimPctAssisted,SecondChanceCorner3Frequency,PenaltyCorner3Frequency,PenaltyCorner3Accuracy,SelfOReb,SelfORebPct,Period1Fouls2Minutes,Period3Fouls4Minutes,Period4Fouls5Minutes,SecondChanceCorner3FGM,SecondChanceCorner3Accuracy,SecondChanceCorner3PctAssisted,Period2Fouls3Minutes,Blocked3s,BlockedArc3,FTOffRebounds,OffFTReboundPct,3SecondViolations,Fg3aBlocked,Clear Path Fouls,FG3APctBlocked,Arc3PctBlocked,3pt And 1 Free Throw Trips,ThreePtShootingFoulsDrawn,ThreePtShootingFoulsDrawnPct,year
1628932,1611661319,A'ja Wilson,A'ja Wilson,1628932,LVA,17007.0,8,283.0,-60.0,560,557.0,113.0,95.0,65.0,1117,16.0,21.0,5.0,6.0,1.0,2.0,35.0,70.0,11.0,40.0,62.0,131.0,42.0,166.0,595.0,14.0,24.0,4.0,32.0,9.0,23.0,11.0,29.0,102.0,22.0,14.0,7.0,12.0,7.0,19.0,7.0,5.0,1.0,6.0,45.0,6.0,11.0,10.0,41.0,3.0,54.0,17.0,71.0,8.0,5.0,3.0,11.0,5.0,5.0,1.0,6.0,2.0,16.0,5.0,10.0,14.0,2.0,45.0,2.0,1.0,49.0,3.0,21.0,5.0,18.0,3.0,1.0,14.0,18.0,9.0,1.0,134.0,29.0,113.0,5.0,4.0,10.0,95.53571428571429,106.82226211849192,0.8225806451612904,0.9272727272727272,0.4732824427480916,0.5833333333333334,0.391304347826087,0.4732824427480916,0.5833333333333334,0.391304347826087,0.538961038961039,0.6153846153846154,0.5,0.05343511450381679,0.14285714285714285,0.014285714285714285,0.075,26.604068857589986,0.6875,0.3,0.23295454545454544,0.04782608695652174,0.10869565217391304,0.1276595744680851,0.19029850746268656,0.061371841155234655,0.09523809523809523,0.021052631578947368,0.053763440860215055,0.11363636363636363,0.3333333333333333,0.20512820512820512,0.2631578947368421,0.21311475409836064,0.12,0.058823529411764705,0.5,0.16030534351145037,0.7619047619047619,0.8888888888888888,0.625,0.5343511450381679,0.5,0.5072463768115942,0.8857142857142857,0.3053435114503817,0.275,0.2972972972972973,0.9090909090909091,0.25,0.8333333333333334,0.08695652173913043,0.5,0.16030534351145037,0.41336335877862596,0.46841666666666665,0.3925304347826087,0.14093959731543623,0.14093959731543623,0.1927710843373494,0.1746987951807229,10.235877862595421,0.2,0.3142857142857143,0.3103448275862069,0.2017857142857143,,,,,,,,,,,,,,,,,,,,,,,,,,,,,,,,,,,,,,,,,,,,,,,,,,,,,,,,,,,,,,,,,,,,,,,,,,,,,,,,2020ps
203825,1611661319,Kayla McBride,Kayla McBride,203825,LVA,14808.0,8,247.0,-33.0,481,479.0,84.0,72.0,58.0,960,6.0,9.0,,,,,4.0,14.0,8.0,18.0,18.0,41.0,10.0,76.0,510.0,1.0,2.0,,5.0,,,,6.0,28.0,8.0,,2.0,20.0,3.0,23.0,2.0,5.0,11.0,4.0,49.0,,1.0,8.0,16.0,2.0,26.0,1.0,27.0,4.0,3.0,1.0,10.0,8.0,1.0,,2.0,,11.0,2.0,1.0,11.0,,11.0,1.0,1.0,10.0,2.0,5.0,1.0,1.0,,,1.0,1.0,,,71.0,6.0,84.0,,3.0,,99.16839916839918,106.47181628392484,0.7777777777777778,0.7777777777777778,0.43902439024390244,0.5,,0.4714285714285714,0.625,0.5,0.5067567567567568,0.625,0.5,0.04878048780487805,0.1111111111111111,0.07142857142857142,,15.245009074410165,0.9090909090909091,0.3333333333333333,0.0975609756097561,0.0049504950495049506,0.1038961038961039,,0.0995850622406639,0.004149377593360996,,,0.012658227848101266,,,0.05555555555555555,0.10144927536231885,0.11864406779661017,0.1044776119402985,0.1,,0.12857142857142856,0.6666666666666666,0.75,1.0,0.2,0.2857142857142857,0.3076923076923077,0.25,0.2571428571428571,0.4444444444444444,0.4444444444444444,0.875,,,,,0.5428571428571428,0.4487492857142857,0.431875,0.39997499999999997,0.0684931506849315,0.11363636363636363,0.06578947368421052,0.07894736842105263,11.673170731707318,0.6666666666666666,0.2,0.2,0.17463617463617465,1.0,10.0,28.0,1.0,2.0,2.0,6.0,10.0,29.0,1.0,2.0,2.0,6.0,24.0,6.0,28.0,10.0,1.0,1.0,2.0,1.0,2.0,0.8,0.3448275862068966,0.5,0.3333333333333333,0.3448275862068966,0.4142857142857143,0.014285714285714285,0.4,0.35714285714285715,0.35714285714285715,0.8,0.5,0.5,1.0,1.0,0.3333333333333333,0.35714285714285715,25.086206896551722,0.2222222222222222,,,,,,,,,,,,,,,,,,,,,,,,,,,,,,,,,,,,,,,2020ps
201886,1611661323,DeWanna Bonner,DeWanna Bonner,201886,CON,14716.0,7,245.0,41.0,476,472.0,86.0,105.0,62.0,948,10.0,20.0,2.0,6.0,3.0,4.0,8.0,22.0,5.0,22.0,23.0,64.0,32.0,108.0,436.0,3.0,13.0,4.0,10.0,4.0,12.0,12.0,26.0,22.0,24.0,2.0,8.0,20.0,7.0,27.0,6.0,8.0,7.0,5.0,61.0,1.0,7.0,17.0,46.0,2.0,65.0,8.0,73.0,13.0,9.0,4.0,7.0,4.0,9.0,2.0,3.0,1.0,16.0,2.0,9.0,18.0,,32.0,1.0,1.0,32.0,1.0,10.0,6.0,8.0,2.0,,6.0,8.0,3.0,,98.0,26.0,86.0,5.0,16.0,13.0,100.21008403361346,92.37288135593221,0.4782608695652174,0.5,0.359375,0.23076923076923078,0.3333333333333333,0.3838383838383838,0.1875,0.3333333333333333,0.4649122807017544,0.2777777777777778,0.4807692307692308,0.125,0.15,0.18181818181818182,0.045454545454545456,23.626373626373628,0.4375,0.25,0.27058823529411763,0.040229885057471264,0.32075471698113206,0.014492753623188406,0.2825112107623318,0.03292181069958848,0.04878048780487805,0.043478260869565216,0.03125,0.019230769230769232,,0.18181818181818182,0.24324324324324326,0.3492063492063492,0.3541666666666667,,0.375,0.20202020202020202,0.5,0.5882352941176471,0.6,0.2222222222222222,0.36363636363636365,0.4444444444444444,0.375,0.2222222222222222,0.22727272727272727,0.23809523809523808,0.4,0.375,0.3333333333333333,0.19047619047619047,0.75,0.5555555555555556,0.45799690721649483,0.4545363636363637,0.4111315789473684,0.09259259259259259,0.136986301369863,0.09259259259259259,0.24074074074074073,9.578125,0.4,0.38461538461538464,0.0625,0.18067226890756302,8.0,9.0,27.0,,2.0,1.0,8.0,10.0,35.0,,3.0,2.0,9.0,24.0,6.0,26.0,9.0,1.0,3.0,,2.0,1.0,0.8,0.2857142857142857,,0.2222222222222222,0.29411764705882354,0.35353535353535354,0.08080808080808081,0.2727272727272727,0.3333333333333333,0.3333333333333333,0.7777777777777778,0.125,,,0.38095238095238093,0.125,0.34615384615384615,25.571428571428573,0.35,1.0,1.0,1.0,1.0,1.0,2.0,2.0,1.0,1.0,2.0,0.125,0.125,1.0,0.5,0.0625,0.047619047619047616,1.0,,,,,,,,,,,,,,,,,,,,,,2020ps
202658,1611661319,Danielle Robinson,Danielle Robinson,202658,LVA,14313.0,8,239.0,-32.0,465,462.0,89.0,66.0,59.0,927,14.0,25.0,3.0,4.0,2.0,4.0,3.0,10.0,7.0,24.0,24.0,59.0,16.0,73.0,498.0,3.0,6.0,,6.0,4.0,10.0,6.0,14.0,24.0,24.0,2.0,4.0,26.0,5.0,31.0,4.0,11.0,7.0,8.0,67.0,2.0,6.0,12.0,15.0,,27.0,8.0,35.0,10.0,7.0,3.0,9.0,5.0,3.0,1.0,4.0,,12.0,3.0,,9.0,,20.0,2.0,1.0,22.0,2.0,8.0,4.0,,,,,,,,67.0,14.0,89.0,4.0,3.0,7.0,100.21505376344085,107.79220779220779,0.5,0.5217391304347826,0.4067796610169492,0.5,0.4,0.41911764705882354,0.5,0.3333333333333333,0.46794871794871795,0.5,0.4375,0.06779661016949153,0.12,0.1,,16.853932584269664,0.75,,0.10273972602739725,0.030927835051546393,0.15,0.05405405405405406,0.11946902654867257,0.03463203463203463,,0.025974025974025976,0.04819277108433735,0.029411764705882353,0.3333333333333333,0.12903225806451613,0.09836065573770492,0.09259259259259259,0.16417910447761194,0.07692307692307693,,0.36764705882352944,0.56,0.6363636363636364,0.35714285714285715,0.14705882352941177,0.3,0.3333333333333333,0.6666666666666666,0.35294117647058826,0.2916666666666667,0.2916666666666667,0.7142857142857143,0.6666666666666666,0.75,0.3333333333333333,0.5,0.5,0.45289776119402986,0.5106,0.4156590909090909,0.10810810810810811,0.12307692307692308,0.0821917808219178,0.1917808219178082,9.45593220338983,0.6,0.2857142857142857,0.29411764705882354,0.1913978494623656,1.0,2.0,8.0,,,,2.0,3.0,9.0,,,,2.0,9.0,,8.0,2.0,1.0,2.0,1.0,,1.0,1.0,0.3333333333333333,,,0.3333333333333333,0.1323529411764706,0.014705882352941176,0.11764705882352941,0.25,0.25,1.0,,,,0.16666666666666666,,0.25,25.866666666666667,0.4,1.0,,,,,,1.0,,1.0,,1.0,1.0,1.0,0.3333333333333333,,,,3.0,0.08333333333333333,,,,,,,,,,,,,,,,,,,,2020ps
201896,1611661323,Briann January,Briann January,201896,CON,13685.0,7,228.0,21.0,439,440.0,73.0,104.0,63.0,879,2.0,6.0,,,,2.0,2.0,5.0,11.0,32.0,15.0,43.0,3.0,63.0,415.0,1.0,7.0,,2.0,2.0,7.0,3.0,7.0,10.0,20.0,,1.0,19.0,6.0,25.0,6.0,8.0,7.0,4.0,56.0,1.0,1.0,3.0,8.0,,11.0,2.0,13.0,6.0,5.0,1.0,4.0,3.0,2.0,,1.0,,6.0,1.0,5.0,15.0,,16.0,,2.0,3.0,,1.0,1.0,,,,,,,,61.0,7.0,73.0,1.0,6.0,,99.31662870159454,94.31818181818181,0.3333333333333333,0.3333333333333333,0.3488372093023256,0.14285714285714285,0.2857142857142857,0.4166666666666667,0.1111111111111111,0.2,0.42567567567567566,0.1111111111111111,0.2916666666666667,0.023255813953488372,0.16666666666666666,,,15.779092702169624,0.6666666666666666,,0.04938271604938271,0.006024096385542169,0.0625,0.014705882352941176,0.05238095238095238,0.008547008547008548,,0.015151515151515152,,0.018867924528301886,,0.12121212121212122,0.04225352112676056,0.017241379310344827,0.07142857142857142,,,0.08333333333333333,0.3333333333333333,0.4,1.0,0.06944444444444445,0.4,0.4,,0.4444444444444444,0.34375,0.34375,0.2727272727272727,,,0.2,,0.4861111111111111,0.4471604166666666,0.3774666666666667,0.44504,0.0136986301369863,0.022727272727272728,0.031746031746031744,0.1111111111111111,14.830232558139535,0.75,,0.2,0.1662870159453303,5.0,8.0,24.0,,2.0,,2.0,10.0,29.0,,2.0,,3.0,24.0,6.0,24.0,8.0,,2.0,1.0,,4.0,0.8,0.3448275862068966,,,0.3448275862068966,0.4027777777777778,0.06944444444444445,0.3333333333333333,0.3333333333333333,0.3333333333333333,0.75,0.2222222222222222,,,0.2,,0.3333333333333333,24.655172413793103,0.15789473684210525,2.0,,,1.0,,,,,3.0,4.0,0.4,0.4,1.0,,,0.1,,,,,,,,,,,,,,,,,,,,,,,2020ps
203826,1611661323,Alyssa Thomas,Alyssa Thomas,203826,CON,13615.0,7,227.0,49.0,438,436.0,76.0,97.0,61.0,874,22.0,34.0,5.0,9.0,6.0,7.0,21.0,46.0,8.0,19.0,51.0,99.0,25.0,127.0,408.0,7.0,14.0,3.0,17.0,14.0,20.0,,28.0,84.0,18.0,6.0,4.0,19.0,9.0,28.0,8.0,10.0,5.0,4.0,65.0,4.0,17.0,7.0,27.0,2.0,36.0,21.0,57.0,12.0,7.0,5.0,10.0,6.0,5.0,,4.0,1.0,15.0,,8.0,22.0,,29.0,,,32.0,6.0,19.0,,3.0,2.0,,1.0,3.0,1.0,,110.0,28.0,76.0,,29.0,14.0,104.337899543379,93.57798165137613,0.8235294117647058,0.875,0.5151515151515151,0.5,0.7,0.5151515151515151,0.5,0.7,0.5669642857142857,0.5666666666666667,0.7,0.04040404040404041,0.058823529411764705,0.043478260869565216,,25.0,0.6666666666666666,0.3333333333333333,0.16875,0.10625,0.13725490196078433,0.06153846153846154,0.16113744075829384,0.09333333333333334,0.058823529411764705,0.10294117647058823,0.13793103448275862,0.04081632653061224,0.125,0.22580645161290322,0.1323529411764706,0.18032786885245902,0.13333333333333333,0.16666666666666666,0.3333333333333333,0.3434343434343434,0.6470588235294118,0.6875,0.6363636363636364,0.46464646464646464,0.45652173913043476,0.4772727272727273,0.9523809523809523,0.1919191919191919,0.42105263157894735,0.42105263157894735,1.0,0.6428571428571429,0.5555555555555556,0.35,0.8571428571428571,0.3434343434343434,0.4448242424242424,0.5381666666666667,0.43423999999999996,0.16964285714285715,0.16964285714285715,0.13385826771653545,0.2204724409448819,7.4929292929292926,0.3333333333333333,0.25,0.36363636363636365,0.1735159817351598,,,,,,,,,,,,,,,,,,1.0,2.0,,,,,,,,,,,,,,,,,,,,,,,,,,,,,3.0,2.0,,11.0,,,,0.4,,,,5.0,0.11627906976744186,6.0,1.0,3.0,,,,,,,,,,,,,,,,,2020ps
202662,1611661323,Jasmine Thomas,Jasmine Thomas,202662,CON,13412.0,7,224.0,45.0,436,435.0,80.0,103.0,58.0,871,5.0,9.0,,,,2.0,11.0,19.0,12.0,23.0,28.0,51.0,8.0,103.0,393.0,,1.0,,3.0,3.0,7.0,2.0,11.0,10.0,46.0,,1.0,26.0,5.0,31.0,5.0,10.0,11.0,5.0,67.0,1.0,,2.0,11.0,1.0,14.0,1.0,15.0,8.0,6.0,2.0,7.0,5.0,6.0,2.0,2.0,1.0,13.0,1.0,8.0,12.0,1.0,9.0,,,10.0,2.0,5.0,1.0,1.0,1.0,,,1.0,,,100.0,11.0,80.0,1.0,6.0,3.0,100.45871559633026,90.3448275862069,0.17857142857142858,0.17857142857142858,0.5490196078431373,,0.42857142857142855,0.521978021978022,0.3,0.375,0.5421052631578948,0.3,0.4230769230769231,0.0196078431372549,,0.05263157894736842,,21.64328657314629,0.5384615384615384,0.14285714285714285,0.06547619047619048,,0.046511627906976744,0.014705882352941176,0.061611374407582936,0.0044444444444444444,,,,,0.058823529411764705,0.029411764705882353,0.05405405405405406,0.1,0.05263157894736842,,,0.0989010989010989,0.5555555555555556,0.5555555555555556,0.2,0.2087912087912088,0.5789473684210527,0.6111111111111112,0.2727272727272727,0.25274725274725274,0.5217391304347826,0.5217391304347826,0.08333333333333333,,,0.16666666666666666,,0.5384615384615384,0.4689054945054945,0.5157,0.4685958333333333,0.05319148936170213,0.09259259259259259,0.02912621359223301,0.10679611650485436,11.254901960784315,0.25,0.125,0.45454545454545453,0.1834862385321101,7.0,11.0,33.0,1.0,4.0,,3.0,13.0,40.0,1.0,4.0,1.0,5.0,36.0,3.0,33.0,11.0,,1.0,,,1.0,0.9230769230769231,0.325,0.25,0.2,0.325,0.43956043956043955,0.07692307692307693,0.3626373626373626,0.3333333333333333,0.3333333333333333,0.9090909090909091,0.8,0.25,1.0,0.25,,0.3333333333333333,24.775,0.3333333333333333,2.0,,1.0,2.0,,,,,,3.0,0.2857142857142857,0.2857142857142857,1.0,,,0.16666666666666666,0.5,,,5.0,,,,,,,,,,,,,,,,,,,2020ps
201881,1611661319,Angel McCoughtry,Angel McCoughtry,201881,LVA,12048.0,8,201.0,-1.0,394,392.0,62.0,55.0,51.0,786,16.0,28.0,2.0,7.0,,3.0,8.0,30.0,10.0,31.0,34.0,89.0,23.0,124.0,411.0,3.0,10.0,2.0,17.0,1.0,12.0,5.0,10.0,34.0,34.0,4.0,8.0,20.0,2.0,22.0,2.0,8.0,8.0,4.0,46.0,1.0,9.0,10.0,20.0,,30.0,10.0,40.0,13.0,4.0,9.0,10.0,5.0,5.0,,5.0,1.0,15.0,3.0,7.0,24.0,2.0,34.0,2.0,2.0,27.0,4.0,13.0,3.0,2.0,1.0,,1.0,2.0,1.0,,107.0,10.0,62.0,2.0,10.0,7.0,104.06091370558376,104.84693877551021,0.5,0.53125,0.38202247191011235,0.3,0.08333333333333333,0.463302752293578,0.5357142857142857,0.19230769230769232,0.512396694214876,0.53125,0.3125,0.0898876404494382,0.07142857142857142,0.2,,29.540481400437635,0.6666666666666666,,0.17094017094017094,0.05357142857142857,0.1388888888888889,0.034482758620689655,0.15873015873015872,0.050761421319796954,0.058823529411764705,0.1,,0.037037037037037035,,0.2222222222222222,0.08163265306122448,0.24390243902439024,0.13559322033898305,0.15384615384615385,0.5,0.25688073394495414,0.5714285714285714,0.6153846153846154,0.5625,0.27522935779816515,0.26666666666666666,0.3333333333333333,0.375,0.28440366972477066,0.3225806451612903,0.3225806451612903,0.5,0.5,0.2857142857142857,0.23076923076923078,,0.44036697247706424,0.4459591743119266,0.5383625,0.3978269230769231,0.11016949152542373,0.1326530612244898,0.13709677419354838,0.08064516129032258,9.937078651685393,0.25,0.5,0.1,0.15736040609137056,2.0,10.0,18.0,2.0,3.0,1.0,1.0,11.0,20.0,3.0,4.0,1.0,1.0,30.0,3.0,18.0,10.0,,1.0,1.0,,1.0,0.9090909090909091,0.55,0.75,1.0,0.55,0.1834862385321101,0.01834862385321101,0.1651376146788991,0.5555555555555556,0.5555555555555556,0.9,0.21428571428571427,0.6666666666666666,1.0,0.07692307692307693,1.0,0.5555555555555556,24.619999999999997,0.4444444444444444,1.0,1.0,,,,1.0,,,2.0,9.0,0.5,0.5,1.0,,0.07142857142857142,,,4.0,0.07272727272727272,,2.0,1.0,1.0,1.0,1.0,,,,,,,,,,,,,,2020ps
1628280,1611661323,Brionna Jones,Brionna Jones,1628280,CON,11904.0,7,198.0,19.0,381,381.0,76.0,91.0,54.0,762,19.0,29.0,9.0,13.0,2.0,3.0,6.0,27.0,4.0,8.0,29.0,64.0,8.0,66.0,359.0,9.0,16.0,2.0,20.0,3.0,10.0,2.0,8.0,44.0,14.0,12.0,13.0,6.0,4.0,10.0,1.0,2.0,1.0,3.0,24.0,6.0,19.0,5.0,20.0,1.0,26.0,25.0,51.0,11.0,5.0,6.0,5.0,1.0,5.0,2.0,4.0,,10.0,1.0,11.0,22.0,,11.0,,,9.0,1.0,5.0,,2.0,1.0,,1.0,2.0,2.0,,46.0,8.0,76.0,,3.0,13.0,99.21259842519684,94.22572178477691,0.7586206896551724,0.9565217391304348,0.453125,0.5625,0.3,0.453125,0.5625,0.3,0.4852941176470588,0.5882352941176471,0.36363636363636365,0.203125,0.034482758620689655,0.4444444444444444,,17.647058823529413,0.5,0.14285714285714285,0.14084507042253522,0.13013698630136986,0.12195121951219512,0.10344827586206896,0.1366120218579235,0.12254901960784313,0.21212121212121213,0.1,0.11320754716981132,0.09090909090909091,0.14285714285714285,0.10344827586206896,0.15254237288135594,0.14814814814814814,0.1111111111111111,0.2,1.0,0.453125,0.6551724137931034,0.6785714285714286,0.631578947368421,0.421875,0.2222222222222222,0.4,1.0,0.125,0.5,0.5,1.0,0.8125,0.6923076923076923,0.3,0.6666666666666666,0.453125,0.4547390625,0.5959916666666667,0.4183,0.07352941176470588,0.07352941176470588,0.30303030303030304,0.12121212121212122,5.2578125,0.4,0.3333333333333333,0.25,0.1994750656167979,,,,,,,,,,,,,,,,,,3.0,1.0,2.0,,3.0,,,,,,,,,,,,,,,,,,,,,,,,,,2.0,2.0,,7.0,,,,0.2222222222222222,,,,3.0,0.13636363636363635,,,8.0,,,,1.0,,,,,,,,,,,,,2020ps
1627668,1611661328,Breanna Stewart,Breanna Stewart,1627668,SEA,11730.0,6,196.0,84.0,385,388.0,74.0,89.0,40.0,773,15.0,18.0,2.0,4.0,4.0,4.0,19.0,36.0,6.0,18.0,40.0,72.0,23.0,154.0,392.0,6.0,12.0,4.0,22.0,9.0,13.0,6.0,33.0,70.0,10.0,4.0,6.0,14.0,10.0,24.0,8.0,6.0,3.0,5.0,58.0,1.0,5.0,11.0,29.0,1.0,41.0,6.0,47.0,10.0,7.0,3.0,2.0,1.0,5.0,,1.0,1.0,7.0,1.0,8.0,11.0,,31.0,1.0,,27.0,3.0,11.0,4.0,10.0,2.0,2.0,6.0,10.0,6.0,,132.0,33.0,74.0,4.0,1.0,10.0,123.63636363636364,101.03092783505154,0.875,0.9210526315789473,0.5555555555555556,0.5,0.6923076923076923,0.6179245283018868,0.5294117647058824,0.6428571428571429,0.652542372881356,0.5789473684210527,0.66,0.08333333333333333,,0.16666666666666666,,29.069767441860467,0.2857142857142857,0.3333333333333333,0.19863013698630136,0.05813953488372093,0.1864406779661017,0.012345679012345678,0.1951219512195122,0.03592814371257485,,0.09523809523809523,0.041666666666666664,0.013513513513513514,,0.1724137931034483,0.2028985507246377,0.20833333333333334,0.1568627450980392,0.375,0.6,0.16981132075471697,0.8333333333333334,0.8333333333333334,0.8,0.33962264150943394,0.5277777777777778,0.6333333333333333,0.9473684210526315,0.16981132075471697,0.3333333333333333,0.3333333333333333,0.8333333333333334,0.23529411764705882,0.5,0.19047619047619047,1.0,0.49056603773584906,0.47628254716981133,0.501015,0.4741714285714285,0.09649122807017543,0.1375,0.14285714285714285,0.21428571428571427,9.13888888888889,,0.47058823529411764,0.16666666666666666,0.19220779220779222,2.0,15.0,32.0,2.0,5.0,3.0,8.0,17.0,34.0,2.0,5.0,3.0,8.0,51.0,,32.0,15.0,2.0,4.0,1.0,,,1.0,0.5,0.4,0.375,0.5,0.32075471698113206,0.018867924528301886,0.3018867924528302,0.46875,0.46875,1.0,0.29411764705882354,0.4,1.0,0.38095238095238093,0.375,0.46875,24.711764705882356,0.23529411764705882,2.0,,,,,,,,1.0,,1.0,1.0,1.0,,,,,3.0,0.06976744186046512,,,,,,,,,,,,,,,,,,,,2020ps
202252,1611661328,Alysha Clark,Alysha Clark,202252,SEA,10996.0,6,183.0,39.0,354,362.0,70.0,75.0,37.0,716,12.0,21.0,2.0,3.0,3.0,4.0,2.0,6.0,2.0,3.0,16.0,30.0,6.0,62.0,379.0,2.0,5.0,,4.0,3.0,4.0,,15.0,20.0,12.0,4.0,1.0,14.0,5.0,19.0,3.0,6.0,7.0,1.0,43.0,5.0,6.0,6.0,20.0,2.0,28.0,11.0,39.0,4.0,2.0,2.0,1.0,1.0,3.0,1.0,,1.0,4.0,1.0,8.0,16.0,1.0,8.0,1.0,,6.0,,2.0,1.0,3.0,1.0,1.0,1.0,4.0,1.0,,58.0,15.0,70.0,,8.0,9.0,118.07909604519774,104.69613259668508,0.625,0.7142857142857143,0.5333333333333333,0.4,0.75,0.5283018867924528,0.4,0.75,0.5535714285714286,0.4,0.75,0.03333333333333333,,0.16666666666666666,,15.012722646310431,0.25,0.4,0.15748031496062992,0.07142857142857142,0.10909090909090909,0.07142857142857142,0.14285714285714285,0.07142857142857142,0.09090909090909091,0.04878048780487805,0.09523809523809523,0.0625,0.16666666666666666,0.17391304347826086,0.17543859649122806,0.1276595744680851,0.10638297872340426,0.125,0.25,0.39622641509433965,0.5714285714285714,0.5714285714285714,0.5833333333333334,0.11320754716981132,0.3333333333333333,0.4,0.5,0.05660377358490566,0.6666666666666666,0.6666666666666666,1.0,0.6,0.6666666666666666,0.4,0.75,0.8301886792452831,0.48482499999999995,0.5452,0.5005499999999999,0.03636363636363636,0.0625,0.06451612903225806,0.24193548387096775,5.11,0.1111111111111111,0.75,,0.1977401129943503,5.0,7.0,18.0,,,3.0,5.0,8.0,23.0,,,3.0,6.0,24.0,,18.0,7.0,2.0,,1.0,,1.0,1.0,0.34782608695652173,,0.5,0.34782608695652173,0.4339622641509434,0.09433962264150944,0.33962264150943394,0.3888888888888889,0.3888888888888889,1.0,,,,0.5,0.6,0.3888888888888889,25.02608695652174,0.2857142857142857,1.0,,,1.0,,,1.0,,1.0,1.0,0.2,0.2,1.0,,,0.1,,2.0,0.07407407407407407,,,,,,,,1.0,1.0,,,,,,,,,,,2020ps
204319,1611661328,Jewell Loyd,Jewell Loyd,204319,SEA,10837.0,6,181.0,100.0,360,354.0,71.0,64.0,44.0,714,19.0,21.0,4.0,5.0,2.0,2.0,4.0,15.0,7.0,10.0,30.0,46.0,14.0,107.0,344.0,5.0,7.0,,13.0,5.0,7.0,,19.0,34.0,26.0,6.0,3.0,11.0,12.0,23.0,11.0,4.0,4.0,3.0,58.0,5.0,3.0,6.0,17.0,,23.0,8.0,31.0,8.0,6.0,2.0,13.0,9.0,1.0,,4.0,,14.0,1.0,3.0,12.0,,17.0,,,15.0,1.0,7.0,,3.0,,1.0,2.0,3.0,2.0,,94.0,19.0,71.0,,8.0,2.0,123.33333333333333,97.17514124293785,0.5666666666666667,0.6296296296296297,0.6521739130434783,0.7142857142857143,0.7142857142857143,0.6283783783783784,0.7222222222222222,0.6785714285714286,0.65625,0.7222222222222222,0.6785714285714286,0.06521739130434782,,0.2,,23.152709359605915,0.9285714285714286,,0.12318840579710146,0.03409090909090909,0.10909090909090909,0.07692307692307693,0.11917098445595854,0.05228758169934641,0.045454545454545456,0.044444444444444446,,0.08771929824561403,,0.07142857142857142,0.11940298507462686,0.16279069767441862,0.125,,0.6666666666666666,0.28378378378378377,0.9047619047619048,0.9047619047619048,0.47368421052631576,0.20270270270270271,0.26666666666666666,0.3333333333333333,0.75,0.13513513513513514,0.7,0.7,0.7142857142857143,0.5555555555555556,0.8,0.14285714285714285,1.0,0.6621621621621622,0.493572972972973,0.5369142857142857,0.4730392857142857,0.0875,0.1346153846153846,0.12149532710280374,0.17757009345794392,7.78695652173913,1.0,0.18181818181818182,0.3333333333333333,0.19722222222222222,6.0,9.0,22.0,1.0,2.0,3.0,4.0,11.0,28.0,1.0,2.0,3.0,7.0,27.0,6.0,22.0,9.0,1.0,,,2.0,1.0,0.8181818181818182,0.39285714285714285,0.5,0.42857142857142855,0.39285714285714285,0.3783783783783784,0.08108108108108109,0.2972972972972973,0.4090909090909091,0.4090909090909091,0.7777777777777778,0.2222222222222222,0.5,1.0,0.2857142857142857,0.75,0.4090909090909091,24.146428571428572,0.17647058823529413,2.0,,,3.0,,,,1.0,,2.0,0.3333333333333333,0.3333333333333333,1.0,0.25,,0.21428571428571427,,1.0,0.03333333333333333,,,,,,,,,,,,,,,,,,,,2020ps
202670,1611661319,Carolyn Swords,Carolyn Swords,202670,LVA,10590.0,8,176.0,1.0,340,340.0,51.0,32.0,46.0,680,9.0,19.0,6.0,10.0,,,3.0,5.0,1.0,3.0,13.0,27.0,,26.0,342.0,6.0,13.0,,12.0,2.0,4.0,,4.0,14.0,12.0,12.0,5.0,9.0,1.0,10.0,1.0,3.0,3.0,3.0,21.0,1.0,18.0,14.0,13.0,2.0,29.0,19.0,48.0,3.0,2.0,1.0,3.0,2.0,2.0,,1.0,,5.0,2.0,7.0,16.0,1.0,3.0,,,,,,,5.0,2.0,,3.0,5.0,4.0,1.0,14.0,4.0,51.0,,,7.0,100.88235294117648,100.58823529411765,0.5384615384615384,1.0,0.48148148148148145,0.46153846153846156,0.5,0.48148148148148145,0.46153846153846156,0.5,0.48148148148148145,0.46153846153846156,0.5,0.18518518518518517,0.21052631578947367,0.2,,8.060453400503778,0.6,0.6666666666666666,0.11607142857142858,0.11688311688311688,0.2153846153846154,0.03225806451612903,0.15254237288135594,0.10270270270270271,0.13333333333333333,0.15789473684210525,0.07462686567164178,0.034482758620689655,,0.08695652173913043,0.16666666666666666,0.0851063829787234,0.23636363636363636,0.1,0.8,0.7037037037037037,0.47368421052631576,0.6,0.3333333333333333,0.18518518518518517,0.6,0.75,1.0,0.1111111111111111,0.3333333333333333,0.3333333333333333,1.0,0.7692307692307693,0.6,,,0.7037037037037037,0.5311111111111111,0.6232923076923077,0.40355,,,0.46153846153846156,0.15384615384615385,4.2555555555555555,0.4,0.5,0.5,0.15,,,,,,,,,,,,,,,,,,,,,,,,,,,,,,,,,,,,,,,,,,,,,,,,2.0,1.0,1.0,10.0,,,,,,,,1.0,0.1111111111111111,,,1.0,,,,1.0,,,,,,,,,,,,,2020ps
1629498,1611661319,Jackie Young,Jackie Young,1629498,LVA,9768.0,8,163.0,-99.0,324,331.0,108.0,80.0,29.0,655,2.0,5.0,,,1.0,2.0,9.0,28.0,9.0,29.0,20.0,62.0,19.0,62.0,360.0,2.0,6.0,,4.0,4.0,20.0,3.0,11.0,16.0,24.0,,7.0,16.0,6.0,22.0,5.0,6.0,7.0,3.0,50.0,,3.0,7.0,14.0,,21.0,3.0,24.0,2.0,1.0,1.0,11.0,6.0,8.0,1.0,5.0,,19.0,9.0,5.0,18.0,,18.0,1.0,,21.0,5.0,13.0,,1.0,,,1.0,1.0,1.0,,58.0,11.0,108.0,,5.0,7.0,80.55555555555556,108.76132930513594,0.4,0.4,0.3225806451612903,0.3333333333333333,0.2,0.3161764705882353,0.3333333333333333,0.17391304347826086,0.40789473684210525,0.3333333333333333,0.22916666666666666,0.11290322580645161,,0.17857142857142858,0.06896551724137931,26.243093922651934,0.5789473684210527,,0.14432989690721648,0.023622047244094488,0.11475409836065574,,0.13291139240506328,0.018518518518518517,,0.05172413793103448,,,,0.14285714285714285,0.16666666666666666,0.11764705882352941,0.10204081632653061,0.16666666666666666,1.0,0.07352941176470588,0.4,0.4,,0.4117647058823529,0.32142857142857145,0.391304347826087,0.1111111111111111,0.4264705882352941,0.3103448275862069,0.3333333333333333,0.7777777777777778,,,0.08695652173913043,0.5,0.16176470588235295,0.3940544776119403,0.37515000000000004,0.37074772727272726,0.17105263157894737,0.18571428571428572,0.06451612903225806,0.1774193548387097,12.435483870967742,,0.3684210526315789,0.10526315789473684,0.3333333333333333,,1.0,6.0,,,,3.0,1.0,6.0,,,,3.0,3.0,,5.0,1.0,1.0,5.0,1.0,,3.0,1.0,0.16666666666666666,,,0.2,0.08823529411764706,,0.08823529411764706,0.16666666666666666,0.16666666666666666,1.0,,,,0.13043478260869565,,0.2,27.383333333333336,,,,,,1.0,,,2.0,,6.0,,,,,,,,1.0,0.02631578947368421,2.0,,,,,,,,,,,,,,,,,,,2020ps
100720,1611661328,Sue Bird,Sue Bird,100720,SEA,9568.0,6,159.0,86.0,314,313.0,53.0,54.0,29.0,627,2.0,2.0,,,,,3.0,3.0,3.0,8.0,8.0,13.0,5.0,57.0,311.0,,,,,1.0,1.0,2.0,13.0,6.0,10.0,,,39.0,16.0,55.0,12.0,21.0,13.0,5.0,126.0,,,4.0,8.0,,12.0,,12.0,4.0,3.0,1.0,3.0,3.0,11.0,1.0,,2.0,14.0,4.0,1.0,11.0,2.0,8.0,,2.0,5.0,1.0,2.0,1.0,2.0,1.0,,1.0,2.0,1.0,,57.0,13.0,53.0,1.0,5.0,8.0,126.43312101910827,99.36102236421726,0.375,0.375,0.6153846153846154,,1.0,0.5098039215686274,,0.6875,0.5377358490566038,,0.7222222222222222,,,,,19.476744186046513,0.21428571428571427,,0.06666666666666667,,0.0784313725490196,,0.07017543859649122,,,,,,,0.037037037037037035,0.05357142857142857,0.10810810810810811,0.09302325581395349,,0.5,0.0392156862745098,1.0,1.0,,0.058823529411764705,1.0,1.0,0.6666666666666666,0.1568627450980392,0.375,0.375,0.3333333333333333,,,,,0.7843137254901961,0.502865,,0.4855785714285714,0.038461538461538464,0.14285714285714285,,0.22807017543859648,13.399999999999999,,,0.2,0.16878980891719744,5.0,7.0,33.0,,1.0,1.0,5.0,12.0,38.0,,1.0,3.0,7.0,30.0,6.0,32.0,7.0,4.0,4.0,,,2.0,0.8333333333333334,0.3157894736842105,,0.42857142857142855,0.32432432432432434,0.7450980392156863,0.09803921568627451,0.6470588235294118,0.21212121212121213,0.21212121212121213,0.7142857142857143,1.0,,,0.625,0.2,0.21875,25.307894736842105,0.20833333333333334,5.0,,2.0,2.0,1.0,1.0,,1.0,1.0,,1.0,1.0,1.0,,,0.25,1.0,,,,,,,,,,,,,,,,,,,,,,2020ps
203827,1611661328,Natasha Howard,Natasha Howard,203827,SEA,8254.0,6,138.0,22.0,272,273.0,34.0,42.0,29.0,545,15.0,21.0,4.0,4.0,1.0,1.0,5.0,13.0,,2.0,20.0,36.0,8.0,57.0,302.0,4.0,4.0,1.0,9.0,1.0,3.0,5.0,7.0,34.0,6.0,6.0,3.0,8.0,1.0,9.0,,6.0,1.0,1.0,19.0,3.0,3.0,7.0,17.0,1.0,25.0,6.0,31.0,7.0,5.0,2.0,6.0,1.0,3.0,,5.0,,9.0,,7.0,18.0,2.0,16.0,2.0,,11.0,1.0,6.0,,5.0,2.0,,3.0,5.0,4.0,,48.0,7.0,34.0,,15.0,4.0,119.11764705882352,110.62271062271063,0.85,1.0,0.5555555555555556,1.0,0.3333333333333333,0.5833333333333334,1.0,0.3333333333333333,0.6063829787234043,0.9,0.5833333333333334,0.08333333333333333,,0.23076923076923078,,18.42105263157895,0.6666666666666666,0.5,0.20481927710843373,0.046875,0.14583333333333334,0.06,0.183206106870229,0.05263157894736842,0.2,,,0.06521739130434782,,0.2727272727272727,0.18604651162790697,0.16666666666666666,0.1794871794871795,,0.8,0.5,0.7142857142857143,0.7142857142857143,0.8,0.30952380952380953,0.38461538461538464,0.5,1.0,0.047619047619047616,,,,1.0,1.0,0.3333333333333333,1.0,0.6428571428571429,0.4988047619047619,0.6776,0.3896,0.1276595744680851,0.14634146341463414,0.15789473684210525,0.12280701754385964,4.686111111111111,0.16666666666666666,0.25,0.5,0.125,1.0,3.0,5.0,,,,,3.0,6.0,,,,,9.0,,5.0,3.0,1.0,,3.0,,,1.0,0.5,,,0.5,0.14285714285714285,0.023809523809523808,0.11904761904761904,0.6,0.6,1.0,,,,,,0.6,24.099999999999998,,,,,,,,2.0,1.0,1.0,6.0,,,,0.25,,,,1.0,0.06666666666666667,,3.0,5.0,,,,,,,,,,,,,,,,,2020ps
203024,1611661324,Damiris Dantas,Damiris Dantas,203024,MIN,8248.0,4,137.0,-13.0,271,269.0,57.0,47.0,26.0,540,5.0,9.0,2.0,2.0,,,4.0,11.0,1.0,4.0,10.0,24.0,10.0,72.0,298.0,2.0,3.0,4.0,11.0,,4.0,2.0,8.0,14.0,6.0,,1.0,5.0,6.0,11.0,5.0,4.0,1.0,,28.0,5.0,3.0,8.0,13.0,1.0,22.0,8.0,30.0,6.0,4.0,2.0,4.0,2.0,6.0,1.0,2.0,1.0,10.0,2.0,5.0,14.0,1.0,11.0,,,12.0,,5.0,1.0,,,,,,,,61.0,8.0,57.0,1.0,7.0,7.0,105.1660516605166,110.78066914498142,0.7,0.7,0.4166666666666667,0.6666666666666666,,0.6078431372549019,0.7,0.375,0.631578947368421,0.7857142857142857,0.4,0.041666666666666664,,0.09090909090909091,,22.259136212624586,0.4,1.0,0.20634920634920634,0.034482758620689655,0.14545454545454545,0.10204081632653061,0.17796610169491525,0.058823529411764705,0.1,0.02040816326530612,,0.0975609756097561,0.125,0.23529411764705882,0.21212121212121213,0.15384615384615385,0.14,0.2,,0.17647058823529413,0.5555555555555556,0.5555555555555556,0.8,0.21568627450980393,0.36363636363636365,0.4,0.75,0.0784313725490196,0.25,0.25,,0.4,1.0,,,0.7058823529411765,0.46827843137254904,0.4315,0.405775,0.08928571428571429,0.1724137931034483,0.1527777777777778,0.1111111111111111,7.2,0.25,,,0.21033210332103322,5.0,12.0,22.0,1.0,2.0,1.0,3.0,14.0,27.0,1.0,2.0,2.0,4.0,42.0,,22.0,12.0,1.0,1.0,3.0,,,1.0,0.5185185185185185,0.5,0.5,0.5185185185185185,0.5294117647058824,0.09803921568627451,0.43137254901960786,0.5454545454545454,0.5454545454545454,1.0,0.4,0.5,1.0,0.375,0.3333333333333333,0.5454545454545454,24.15555555555556,0.15384615384615385,2.0,,1.0,1.0,,,1.0,2.0,1.0,19.0,0.4,0.4,1.0,0.5,,0.125,1.0,,,,9.0,,,,,,,,,,,,,,,,,,2020ps
1629483,1611661324,Napheesa Collier,Napheesa Collier,1629483,MIN,8244.0,4,137.0,-8.0,272,274.0,58.0,37.0,23.0,546,12.0,18.0,4.0,5.0,4.0,5.0,8.0,21.0,,2.0,20.0,41.0,5.0,66.0,292.0,4.0,5.0,,11.0,8.0,11.0,,19.0,28.0,12.0,6.0,3.0,5.0,7.0,12.0,7.0,2.0,3.0,,31.0,2.0,5.0,10.0,17.0,1.0,28.0,8.0,36.0,2.0,1.0,1.0,2.0,1.0,6.0,2.0,1.0,,8.0,1.0,6.0,12.0,2.0,17.0,3.0,,8.0,1.0,3.0,1.0,9.0,,,9.0,10.0,4.0,,55.0,19.0,58.0,1.0,,10.0,104.41176470588235,106.56934306569342,0.7,0.8235294117647058,0.4878048780487805,0.8,0.7272727272727273,0.5648148148148148,0.9166666666666666,0.6785714285714286,0.5701754385964912,0.9166666666666666,0.6333333333333333,0.07317073170731707,,0.14285714285714285,,21.739130434782606,0.25,0.5,0.25757575757575757,0.06097560975609756,0.16666666666666666,0.0425531914893617,0.21428571428571427,0.05426356589147287,0.05263157894736842,0.06666666666666667,0.05555555555555555,0.02564102564102564,0.125,0.47368421052631576,0.2,0.08333333333333333,0.18867924528301888,,0.4,0.3333333333333333,0.6666666666666666,0.6666666666666666,0.5833333333333334,0.3888888888888889,0.38095238095238093,0.4444444444444444,0.875,0.037037037037037035,,,,0.8333333333333334,0.8,0.35714285714285715,0.8,0.5740740740740741,0.45751111111111115,0.60309,0.4427964285714286,0.05357142857142857,0.06976744186046512,0.16666666666666666,0.2878787878787879,5.353658536585366,0.3333333333333333,0.23076923076923078,0.5,0.21323529411764705,,7.0,13.0,1.0,1.0,1.0,3.0,7.0,13.0,1.0,1.0,1.0,3.0,21.0,,13.0,7.0,,1.0,1.0,1.0,1.0,1.0,0.5384615384615384,1.0,0.3333333333333333,0.5384615384615384,0.24074074074074073,,0.24074074074074073,0.5384615384615384,0.5384615384615384,1.0,0.16666666666666666,1.0,1.0,0.21428571428571427,0.3333333333333333,0.5384615384615384,24.615384615384617,0.16666666666666666,,,,,,1.0,1.0,,2.0,6.0,,,,0.25,,,,1.0,0.041666666666666664,,,,,,,,1.0,1.0,1.0,0.3333333333333333,,,,,,,,,2020ps
1630101,1611661324,Crystal Dangerfield,Crystal Dangerfield,1630101,MIN,8173.0,4,136.0,-28.0,268,270.0,71.0,53.0,27.0,538,6.0,10.0,,1.0,3.0,4.0,5.0,17.0,3.0,10.0,14.0,37.0,7.0,47.0,309.0,,3.0,,3.0,7.0,13.0,3.0,17.0,4.0,24.0,,1.0,4.0,11.0,15.0,10.0,3.0,1.0,,41.0,,1.0,5.0,5.0,,10.0,1.0,11.0,4.0,3.0,1.0,6.0,4.0,2.0,1.0,2.0,,8.0,,3.0,11.0,,13.0,,3.0,11.0,1.0,5.0,1.0,,,,,,,,44.0,17.0,71.0,1.0,7.0,,104.8507462686567,114.44444444444444,0.14285714285714285,0.14285714285714285,0.3783783783783784,,0.5384615384615384,0.37735849056603776,0.1875,0.3684210526315789,0.4051724137931034,0.1875,0.40476190476190477,0.02702702702702703,,0.058823529411764705,,22.0,0.75,,0.07936507936507936,0.011904761904761904,0.09259259259259259,,0.08547008547008547,0.007518796992481203,,,0.058823529411764705,,,,0.08823529411764706,0.18181818181818182,0.10204081632653061,,,0.18867924528301888,0.6,0.6,0.16666666666666666,0.32075471698113206,0.29411764705882354,0.3125,0.2,0.18867924528301888,0.3,0.3,,0.125,,0.21052631578947367,0.75,0.49056603773584906,0.44534056603773586,0.47139,0.44188684210526313,0.08771929824561403,0.12195121951219512,0.06382978723404255,0.3617021276595745,9.49189189189189,0.75,0.08333333333333333,0.42857142857142855,0.26492537313432835,1.0,4.0,15.0,1.0,4.0,,6.0,4.0,16.0,1.0,5.0,,6.0,9.0,3.0,15.0,4.0,1.0,1.0,,,1.0,0.75,0.25,0.2,,0.25,0.3018867924528302,0.018867924528301886,0.2830188679245283,0.26666666666666666,0.26666666666666666,0.75,0.5,0.25,1.0,0.3157894736842105,,0.26666666666666666,24.94375,0.25,,1.0,,,,,,,,,,,,,0.125,,,1.0,0.029411764705882353,,,,,,,,,,,,,,,,,,,,2020ps
203824,1611661324,Odyssey Sims,Odyssey Sims,203824,MIN,7885.0,4,131.0,-26.0,257,260.0,59.0,42.0,24.0,517,8.0,10.0,,,1.0,1.0,6.0,18.0,4.0,10.0,18.0,38.0,16.0,61.0,280.0,1.0,1.0,,2.0,5.0,7.0,4.0,14.0,8.0,28.0,,3.0,7.0,10.0,17.0,8.0,2.0,5.0,,44.0,1.0,,9.0,3.0,,12.0,1.0,13.0,7.0,2.0,5.0,7.0,6.0,4.0,,1.0,1.0,11.0,1.0,3.0,9.0,,16.0,,1.0,16.0,,7.0,1.0,,,,,,,,59.0,14.0,59.0,1.0,,,98.83268482490273,107.6923076923077,0.2222222222222222,0.2222222222222222,0.47368421052631576,1.0,0.7142857142857143,0.4411764705882353,0.3333333333333333,0.625,0.5169491525423728,0.3333333333333333,0.7,0.07894736842105263,,0.16666666666666666,,24.647887323943664,0.6363636363636364,,0.05084745762711865,,0.15517241379310345,0.020833333333333332,0.10256410256410256,0.007874015748031496,,,,0.025,,,0.09375,,0.15384615384615385,0.16666666666666666,,0.19607843137254902,0.8,0.8,0.375,0.35294117647058826,0.3333333333333333,0.4,0.16666666666666666,0.19607843137254902,0.4,0.4,,,,0.125,1.0,0.45098039215686275,0.46308039215686275,0.515325,0.3963875,0.1206896551724138,0.15555555555555556,0.03278688524590164,0.22950819672131148,9.626315789473685,,0.08333333333333333,,0.22957198443579765,3.0,2.0,10.0,,1.0,,1.0,3.0,13.0,,2.0,,1.0,9.0,,10.0,2.0,2.0,1.0,,,,1.0,0.23076923076923078,,,0.23076923076923078,0.2549019607843137,0.058823529411764705,0.19607843137254902,0.2,0.2,1.0,0.3333333333333333,,,0.125,,0.2,24.715384615384615,0.3,1.0,1.0,,,,,,2.0,1.0,,0.3333333333333333,0.3333333333333333,1.0,,0.3333333333333333,,,,,,,,,,,,,,,,,,,,,,,,2020ps
1629524,1611661324,Bridget Carleton,Bridget Carleton,1629524,MIN,7054.0,4,118.0,-16.0,229,226.0,53.0,31.0,23.0,455,,,,,,,2.0,3.0,,2.0,2.0,5.0,,25.0,247.0,,1.0,,3.0,1.0,2.0,,8.0,2.0,2.0,,,6.0,4.0,10.0,4.0,3.0,3.0,,24.0,2.0,3.0,7.0,3.0,,10.0,5.0,15.0,5.0,5.0,,2.0,2.0,1.0,,,1.0,3.0,,2.0,5.0,,2.0,,,,,,,,,,,,,,22.0,8.0,53.0,,8.0,5.0,100.87336244541484,109.2920353982301,0.5,0.5,0.4,,0.5,0.6944444444444444,0.75,0.8,0.6944444444444444,0.75,0.8,,,,,8.13953488372093,0.6666666666666666,,0.05660377358490566,0.03896103896103896,0.14,0.05263157894736842,0.0970873786407767,0.043478260869565216,0.11764705882352941,0.024390243902439025,,0.06451612903225806,,0.0625,0.07407407407407407,,0.15217391304347827,,,,,,,0.16666666666666666,0.6666666666666666,0.6666666666666666,0.5,0.1111111111111111,,,,,,,,0.7222222222222222,0.4951444444444444,0.476525,0.44148,,,0.12,0.32,11.940000000000001,,1.0,,0.2314410480349345,2.0,7.0,11.0,1.0,1.0,2.0,3.0,7.0,13.0,1.0,1.0,2.0,3.0,18.0,3.0,11.0,7.0,,,,,,0.8571428571428571,0.5384615384615384,1.0,0.6666666666666666,0.5384615384615384,0.7222222222222222,0.1111111111111111,0.6111111111111112,0.6363636363636364,0.6363636363636364,0.8571428571428571,0.5,1.0,1.0,0.6,0.6666666666666666,0.6363636363636364,24.361538461538462,0.6666666666666666,,,,,,,,,,,,,,,,,,1.0,0.125,,,,,,,,,,,,,,,,,,,,2020ps
1628920,1611661328,Mercedes Russell,Mercedes Russell,1628920,SEA,6328.0,6,105.0,77.0,205,204.0,63.0,61.0,28.0,409,9.0,13.0,4.0,5.0,1.0,2.0,4.0,7.0,,1.0,13.0,21.0,5.0,31.0,167.0,4.0,5.0,3.0,11.0,1.0,3.0,2.0,4.0,24.0,2.0,2.0,1.0,4.0,2.0,6.0,2.0,1.0,2.0,1.0,14.0,1.0,6.0,1.0,15.0,,16.0,7.0,23.0,1.0,1.0,,1.0,1.0,4.0,,,,5.0,2.0,6.0,17.0,2.0,6.0,,,5.0,1.0,3.0,,1.0,,,1.0,1.0,1.0,,20.0,4.0,63.0,,4.0,1.0,119.02439024390245,81.86274509803921,0.9230769230769231,1.0,0.6190476190476191,0.8,0.3333333333333333,0.6190476190476191,0.8,0.3333333333333333,0.6739130434782609,0.9166666666666666,0.5,0.047619047619047616,0.07692307692307693,,,12.017167381974248,0.2,,0.16483516483516483,0.11320754716981132,0.05,0.024390243902439025,0.14414414414414414,0.07446808510638298,0.06666666666666667,0.09523809523809523,0.17647058823529413,0.02857142857142857,,0.2222222222222222,0.17073170731707318,0.14634146341463414,0.05263157894736842,,1.0,0.6190476190476191,0.6923076923076923,0.75,0.8888888888888888,0.3333333333333333,0.5714285714285714,0.5714285714285714,1.0,0.047619047619047616,,,,1.0,0.8,0.6666666666666666,0.5,0.6190476190476191,0.47335238095238097,0.5451,0.48346666666666666,0.13043478260869565,0.13043478260869565,0.3548387096774194,0.12903225806451613,4.585714285714285,0.25,,,0.3073170731707317,,,,,,,,,,,,,,,,,,,1.0,1.0,,1.0,,,,,,,,,,,,,,,,,,,,,,,,,,2.0,1.0,,6.0,,,,0.75,,,,,,,1.0,,,,,,,,,,,,,,,,,,2020ps
1628886,1611661328,Jordin Canada,Jordin Canada,1628886,SEA,5571.0,6,93.0,4.0,185,186.0,46.0,62.0,25.0,371,6.0,8.0,,,1.0,1.0,5.0,11.0,7.0,11.0,18.0,30.0,6.0,42.0,183.0,,,,,5.0,8.0,5.0,15.0,24.0,12.0,,2.0,5.0,3.0,8.0,2.0,3.0,1.0,1.0,19.0,2.0,1.0,1.0,7.0,,8.0,3.0,11.0,3.0,,3.0,2.0,2.0,,,,,2.0,1.0,2.0,5.0,,10.0,1.0,1.0,9.0,1.0,3.0,2.0,,,,,,,,42.0,15.0,46.0,2.0,,,101.08108108108108,98.38709677419354,0.6666666666666666,0.6666666666666666,0.6,,0.625,0.5454545454545454,,0.625,0.5675675675675675,,0.6818181818181818,0.06666666666666667,,0.18181818181818182,,18.30985915492958,1.0,,0.109375,0.0196078431372549,0.043478260869565216,0.045454545454545456,0.09195402298850575,0.031578947368421054,,0.047619047619047616,,0.027777777777777776,0.125,0.3333333333333333,0.06060606060606061,0.14285714285714285,0.047619047619047616,,,0.24242424242424243,0.75,0.75,0.5,0.3333333333333333,0.45454545454545453,0.5555555555555556,0.8,0.3333333333333333,0.6363636363636364,0.6363636363636364,0.7142857142857143,,,0.125,1.0,0.3333333333333333,0.42953484848484846,,0.37265,0.08571428571428572,0.09375,,0.35714285714285715,9.966666666666667,,0.5,0.3333333333333333,0.24864864864864866,1.0,,2.0,,,,,,3.0,,,,,,,2.0,,1.0,,,,1.0,,,,,,0.09090909090909091,0.030303030303030304,0.06060606060606061,,,,,,,,,,24.3,0.6666666666666666,,,,,,,,,,,,,,,,,,,,,,,,,,,,,,,,,,,,,,,2020ps
1629492,1611661323,Beatrice Mompremier,Beatrice Mompremier,1629492,CON,5177.0,7,86.0,14.0,166,168.0,26.0,43.0,22.0,334,5.0,8.0,2.0,4.0,3.0,5.0,,4.0,,3.0,5.0,15.0,2.0,12.0,155.0,2.0,5.0,,4.0,3.0,8.0,,6.0,6.0,4.0,4.0,2.0,,1.0,1.0,1.0,,,,3.0,2.0,4.0,6.0,11.0,2.0,19.0,6.0,25.0,4.0,3.0,1.0,,,3.0,1.0,,,3.0,2.0,10.0,17.0,,5.0,1.0,1.0,5.0,1.0,3.0,,6.0,2.0,1.0,3.0,6.0,4.0,,8.0,6.0,26.0,,12.0,3.0,101.80722891566266,92.26190476190476,0.6,1.0,0.3333333333333333,0.4,0.375,0.3333333333333333,0.4,0.375,0.35294117647058826,0.4,0.375,0.13333333333333333,,0.5,,10.416666666666668,,0.5,0.171875,0.07017543859649122,0.35294117647058826,0.07692307692307693,0.20987654320987653,0.07228915662650602,0.17647058823529413,,0.05,0.045454545454545456,0.25,0.23076923076923078,0.18181818181818182,0.1111111111111111,0.26666666666666666,1.0,0.6666666666666666,0.5333333333333333,0.625,0.625,0.6,0.26666666666666666,,,,0.2,,,,0.8,0.5,0.625,0.6,0.5333333333333333,0.49788000000000004,0.59275,0.4945125,0.17647058823529413,0.17647058823529413,0.3333333333333333,0.5,5.926666666666667,0.3333333333333333,0.25,0.6666666666666666,0.1566265060240964,,,,,,,,,,,,,,,,,,,1.0,2.0,,1.0,,,,,,,,,,,,,,,,,,,,,,,,,,1.0,,,2.0,,,,,,,,,,,,2.0,,,,,,,,,,,,,,,,,2020ps
1628242,1611661319,Emma Cannon,Emma Cannon,1628242,LVA,5160.0,6,86.0,-49.0,173,170.0,53.0,45.0,19.0,343,7.0,7.0,1.0,1.0,1.0,1.0,1.0,6.0,2.0,4.0,10.0,17.0,,23.0,203.0,1.0,1.0,,2.0,2.0,2.0,,4.0,14.0,6.0,2.0,1.0,4.0,1.0,5.0,1.0,2.0,1.0,1.0,11.0,,5.0,5.0,1.0,1.0,7.0,6.0,13.0,,,,5.0,3.0,5.0,,2.0,1.0,10.0,6.0,9.0,19.0,2.0,3.0,1.0,,2.0,,,1.0,,,,,,,,21.0,4.0,53.0,1.0,8.0,4.0,89.01734104046243,119.41176470588236,0.7,0.7777777777777778,0.5882352941176471,1.0,1.0,0.5227272727272727,0.5,0.5,0.5,0.3333333333333333,0.4,0.058823529411764705,,0.16666666666666666,,16.923076923076923,0.5,1.0,0.02564102564102564,0.08620689655172414,0.15625,,0.08450704225352113,0.06578947368421052,,0.07407407407407407,0.13043478260869565,,,,0.05555555555555555,,0.11538461538461539,0.3333333333333333,,0.3181818181818182,1.0,1.0,0.7142857142857143,0.2727272727272727,0.16666666666666666,0.2,,0.18181818181818182,0.5,0.5,1.0,0.5,1.0,0.25,1.0,0.5454545454545454,0.46805681818181816,0.66,0.4814375,,,0.08695652173913043,0.17391304347826086,6.829411764705882,,,,0.3063583815028902,,1.0,5.0,,1.0,,2.0,1.0,5.0,,1.0,,2.0,3.0,,5.0,1.0,,,,,,1.0,0.2,,,0.2,0.22727272727272727,,0.22727272727272727,0.2,0.2,1.0,0.5,,,0.5,,0.2,24.46,,,,,,,,3.0,1.0,1.0,14.0,,,,,,,,,,,,,,,,,,,1.0,0.25,1.0,,,,,,,,2020ps
1630097,1611661323,Kaila Charles,Kaila Charles,1630097,CON,4891.0,7,82.0,5.0,155,151.0,29.0,58.0,22.0,306,3.0,3.0,1.0,1.0,1.0,1.0,3.0,7.0,1.0,3.0,7.0,13.0,8.0,28.0,155.0,1.0,1.0,,2.0,1.0,2.0,2.0,4.0,14.0,,,2.0,3.0,,3.0,,,1.0,2.0,6.0,3.0,2.0,4.0,3.0,,7.0,5.0,12.0,1.0,1.0,,6.0,4.0,3.0,,2.0,1.0,9.0,1.0,4.0,7.0,,5.0,,,8.0,2.0,4.0,1.0,1.0,,,1.0,1.0,,,26.0,4.0,29.0,1.0,,,103.2258064516129,102.64900662251655,1.0,1.0,0.5384615384615384,1.0,0.5,0.4166666666666667,1.0,0.3333333333333333,0.5185185185185185,1.0,0.5,0.15384615384615385,,0.2857142857142857,,19.672131147540984,0.6666666666666666,,0.058823529411764705,0.038461538461538464,0.2,0.125,0.09859154929577464,0.06578947368421052,,0.037037037037037035,0.058823529411764705,0.09523809523809523,0.3333333333333333,0.14285714285714285,0.08695652173913043,,0.23529411764705882,,,0.125,1.0,1.0,1.0,0.2916666666666667,0.42857142857142855,0.6,1.0,0.125,0.3333333333333333,0.3333333333333333,1.0,1.0,1.0,0.3333333333333333,1.0,0.5833333333333334,0.46356250000000004,0.6854,0.4619333333333333,0.15384615384615385,0.26666666666666666,0.07142857142857142,0.14285714285714285,8.123076923076923,,0.5,0.5,0.1870967741935484,2.0,2.0,9.0,,,,1.0,2.0,11.0,,,,1.0,6.0,,9.0,2.0,,,,,1.0,1.0,0.18181818181818182,,,0.18181818181818182,0.4583333333333333,0.08333333333333333,0.375,0.2222222222222222,0.2222222222222222,1.0,,,,0.3333333333333333,,0.2222222222222222,24.254545454545454,0.25,,,,,,,,1.0,,,,,,1.0,,,,1.0,0.08333333333333333,,,,,,,,,,,,,,,,,,,,2020ps
203411,1611661319,Sugar Rodgers,Sugar Rodgers,203411,LVA,4718.0,8,79.0,-47.0,156,157.0,51.0,36.0,19.0,313,,,,,,,,1.0,,2.0,,3.0,,9.0,162.0,,1.0,,,,1.0,,,,,,,7.0,1.0,8.0,1.0,1.0,4.0,2.0,17.0,,1.0,3.0,4.0,1.0,8.0,1.0,9.0,2.0,1.0,1.0,3.0,3.0,2.0,,,,5.0,2.0,6.0,9.0,,,,,,,,,,,,,,,,9.0,,51.0,,,,73.71794871794872,103.18471337579618,,,,,,0.21428571428571427,,,0.21428571428571427,,,,,,,14.689265536723164,0.6,0.2,0.10810810810810811,0.017857142857142856,0.1,,0.1044776119402985,0.0125,,,0.038461538461538464,,,,0.07142857142857142,0.21428571428571427,0.125,,,,,,,0.047619047619047616,,,,0.09523809523809523,,,,,,,,0.8571428571428571,0.5063725,0.45083333333333336,0.5656375,,,,,14.799999999999999,,,,0.3269230769230769,1.0,3.0,17.0,,1.0,,4.0,3.0,18.0,,2.0,,4.0,9.0,,17.0,3.0,,2.0,,,,1.0,0.16666666666666666,,,0.16666666666666666,0.8571428571428571,0.047619047619047616,0.8095238095238095,0.17647058823529413,0.17647058823529413,1.0,0.3333333333333333,,,0.8,,0.17647058823529413,25.844444444444445,0.21428571428571427,,1.0,,,,,,,,,,,,,0.3333333333333333,,,,,,,,,,,,,,,,,,,,,,,,2020ps
1629488,1611661317,Brianna Turner,Brianna Turner,1629488,PHO,4710.0,2,78.0,-3.0,155,154.0,23.0,22.0,10.0,309,6.0,7.0,2.0,2.0,,,2.0,3.0,,,8.0,10.0,1.0,17.0,161.0,2.0,2.0,,4.0,1.0,1.0,,2.0,10.0,6.0,4.0,,3.0,5.0,8.0,4.0,,2.0,1.0,21.0,2.0,2.0,7.0,14.0,,21.0,4.0,25.0,2.0,1.0,1.0,,,5.0,,,,5.0,1.0,1.0,4.0,,5.0,1.0,2.0,4.0,,2.0,,4.0,,3.0,1.0,4.0,2.0,,13.0,2.0,23.0,,,,101.93548387096774,104.54545454545455,0.625,0.8333333333333334,0.8,1.0,1.0,0.8,1.0,1.0,0.7083333333333334,1.0,1.0,,,,,10.119047619047619,,,0.2413793103448276,0.05128205128205128,0.3684210526315789,0.06666666666666667,0.2727272727272727,0.057971014492753624,,0.047619047619047616,0.125,0.07692307692307693,,0.14285714285714285,0.23076923076923078,0.3333333333333333,0.35294117647058826,0.5,0.5,0.7,0.8571428571428571,0.8571428571428571,0.5,0.3,0.6666666666666666,0.6666666666666666,1.0,,,,,1.0,1.0,,,0.7,0.53123,0.7301,0.3869,0.16666666666666666,0.16666666666666666,0.23529411764705882,0.11764705882352941,4.07,1.0,,,0.14838709677419354,,,,,,,,,,,,,,,,,,1.0,2.0,1.0,,,,,,,,,,,,,,,,,,,,,,,,,,,1.0,,2.0,,,,,,,,,,,,,,,,,,,,,,,,,,,,,,,2020ps
204324,1611661319,Dearica Hamby,Dearica Hamby,204324,LVA,4508.0,3,75.0,-31.0,147,148.0,48.0,28.0,17.0,295,5.0,6.0,1.0,1.0,1.0,2.0,3.0,6.0,,,8.0,12.0,5.0,24.0,154.0,1.0,1.0,3.0,5.0,2.0,4.0,2.0,6.0,10.0,6.0,2.0,3.0,7.0,,7.0,,2.0,2.0,3.0,14.0,,1.0,2.0,5.0,,7.0,2.0,9.0,2.0,1.0,1.0,4.0,3.0,4.0,1.0,1.0,1.0,8.0,1.0,3.0,8.0,1.0,4.0,1.0,,8.0,,2.0,2.0,,,,,,,,19.0,6.0,48.0,2.0,,,83.6734693877551,104.05405405405405,0.625,0.7142857142857143,0.6666666666666666,1.0,0.5,0.5588235294117647,0.3333333333333333,0.3333333333333333,0.5714285714285714,0.5,0.375,0.25,0.16666666666666666,0.3333333333333333,,17.901234567901234,0.5,,0.09803921568627451,0.01818181818181818,0.08333333333333333,,0.09333333333333334,0.014492753623188406,,0.03571428571428571,,,,0.16666666666666666,0.05,0.10526315789473684,0.05,0.25,,0.35294117647058826,0.8333333333333334,1.0,0.4,0.35294117647058826,0.5,0.75,1.0,,,,,0.3333333333333333,1.0,0.3333333333333333,0.5,0.6470588235294118,0.4738323529411764,0.5903333333333333,0.5202166666666667,0.10526315789473684,0.14285714285714285,0.20833333333333334,0.25,4.533333333333333,,0.6666666666666666,,0.32653061224489793,2.0,,3.0,,1.0,,1.0,1.0,5.0,,2.0,,2.0,3.0,,3.0,,,1.0,,,,1.0,0.2,,,0.2,0.29411764705882354,0.11764705882352941,0.17647058823529413,,,,0.3333333333333333,,,0.16666666666666666,,,24.94,,1.0,1.0,,1.0,,,,,,7.0,0.5,0.5,1.0,,0.3333333333333333,0.16666666666666666,,,,,,,,,,,,,1.0,0.2,,,,,,,,,2020ps
1627671,1611661324,Rachel Banham,Rachel Banham,1627671,MIN,4474.0,4,75.0,-26.0,149,146.0,52.0,27.0,17.0,295,1.0,3.0,,,,1.0,3.0,11.0,1.0,3.0,5.0,17.0,1.0,23.0,163.0,,2.0,,3.0,,6.0,,3.0,4.0,6.0,,2.0,6.0,1.0,7.0,1.0,3.0,3.0,,15.0,1.0,,1.0,4.0,,5.0,1.0,6.0,,,,4.0,3.0,1.0,1.0,1.0,,5.0,2.0,3.0,6.0,,3.0,,1.0,1.0,1.0,1.0,,1.0,,,1.0,1.0,1.0,,20.0,3.0,52.0,,,,91.94630872483222,111.64383561643835,0.4,0.4,0.29411764705882354,,,0.3793103448275862,0.5,0.125,0.39655172413793105,0.5,0.125,0.11764705882352941,,0.18181818181818182,,20.238095238095237,0.8,,0.11428571428571428,,0.034482758620689655,0.03225806451612903,0.078125,0.0125,,,,0.038461538461538464,,,0.125,0.18181818181818182,,0.3333333333333333,1.0,0.10344827586206896,0.3333333333333333,0.3333333333333333,,0.3793103448275862,0.2727272727272727,0.3333333333333333,0.6666666666666666,0.10344827586206896,0.3333333333333333,0.3333333333333333,,,,0.08333333333333333,,0.5172413793103449,0.4357465517241379,0.4785,0.4150958333333334,0.034482758620689655,0.058823529411764705,0.13043478260869565,0.13043478260869565,9.117647058823529,,0.25,,0.348993288590604,2.0,3.0,10.0,,,,5.0,4.0,12.0,1.0,1.0,1.0,6.0,12.0,,10.0,3.0,,,,,1.0,1.0,0.3333333333333333,1.0,0.16666666666666666,0.3333333333333333,0.41379310344827586,0.06896551724137931,0.3448275862068966,0.3,0.3333333333333333,1.0,,,,0.4166666666666667,,0.3,25.616666666666664,0.375,1.0,1.0,1.0,1.0,,,,,1.0,,0.5,0.5,1.0,,0.3333333333333333,0.08333333333333333,1.0,,,,,,1.0,1.0,1.0,,,,,,,1.0,1.0,0.08333333333333333,0.1,,,,2020ps
203400,1611661317,Skylar Diggins-Smith,Skylar Diggins-Smith,203400,PHO,4378.0,2,73.0,-6.0,143,144.0,18.0,18.0,10.0,287,2.0,7.0,,,,1.0,4.0,11.0,1.0,2.0,7.0,20.0,9.0,32.0,152.0,1.0,1.0,,2.0,1.0,2.0,,2.0,6.0,8.0,2.0,2.0,6.0,5.0,11.0,3.0,1.0,2.0,3.0,27.0,,1.0,6.0,2.0,1.0,9.0,1.0,10.0,1.0,,1.0,5.0,5.0,2.0,1.0,,,7.0,,2.0,6.0,,7.0,,1.0,10.0,,5.0,,,,,,,,,30.0,2.0,18.0,,,,102.09790209790211,105.55555555555556,0.42857142857142855,0.5,0.35,1.0,0.5,0.3484848484848485,0.3333333333333333,0.2,0.42105263157894735,0.3333333333333333,0.2,0.1,,0.18181818181818182,,28.846153846153847,0.7142857142857143,0.5,0.03773584905660377,0.02631578947368421,0.3333333333333333,,0.11267605633802817,0.015151515151515152,,0.047619047619047616,,,,0.08333333333333333,0.041666666666666664,,0.3125,0.5,,0.21212121212121213,0.2857142857142857,0.2857142857142857,0.5,0.3333333333333333,0.36363636363636365,0.4444444444444444,0.25,0.06060606060606061,0.5,0.5,1.0,,,0.2,,0.6060606060606061,0.4509734375,0.5596833333333333,0.39452,0.13157894736842105,0.2,0.0625,0.0625,7.615,,0.14285714285714285,,0.1258741258741259,2.0,3.0,11.0,,2.0,,3.0,3.0,13.0,,2.0,,3.0,9.0,,10.0,3.0,2.0,,,,1.0,1.0,0.23076923076923078,,,0.25,0.3939393939393939,0.06060606060606061,0.3333333333333333,0.2727272727272727,0.2727272727272727,1.0,0.6666666666666666,,,0.6,,0.3,26.200000000000003,0.25,,,,,1.0,,,1.0,,,,,,,,,,,,,,,,,,,,,,,,,,,,,,,2020ps
100940,1611661317,Diana Taurasi,Diana Taurasi,100940,PHO,4193.0,2,70.0,16.0,136,136.0,17.0,19.0,10.0,272,,2.0,,,,,4.0,7.0,2.0,4.0,6.0,13.0,9.0,51.0,136.0,,,,,2.0,4.0,2.0,6.0,8.0,4.0,,2.0,12.0,3.0,15.0,2.0,5.0,3.0,4.0,33.0,,1.0,,6.0,1.0,7.0,1.0,8.0,1.0,,1.0,2.0,,2.0,,2.0,1.0,4.0,,1.0,6.0,,11.0,,,9.0,,2.0,1.0,,,,,,,,51.0,6.0,17.0,1.0,,4.0,111.76470588235293,99.99999999999999,0.6666666666666666,0.6666666666666666,0.46153846153846156,,0.5,0.6176470588235294,,0.25,0.6756756756756757,,0.3333333333333333,0.15384615384615385,,0.14285714285714285,0.25,27.516778523489933,0.5,0.5,0.12,0.02702702702702703,,,0.08955223880597014,0.01639344262295082,,0.047619047619047616,,,,0.08333333333333333,0.13043478260869565,0.13333333333333333,,,,0.058823529411764705,,,,0.20588235294117646,0.5714285714285714,0.6666666666666666,0.75,0.11764705882352941,0.5,0.6666666666666666,0.5,,,,,0.6764705882352942,0.4656191176470588,0.45465,0.4344125,0.1111111111111111,0.13333333333333333,,0.11764705882352941,9.907692307692308,,0.6666666666666666,,0.125,,10.0,21.0,,1.0,,4.0,10.0,21.0,,1.0,,4.0,18.0,12.0,21.0,10.0,1.0,1.0,1.0,1.0,,0.6,0.47619047619047616,,,0.47619047619047616,0.6176470588235294,,0.6176470588235294,0.47619047619047616,0.5,0.6,1.0,,,0.5,,0.47619047619047616,26.61904761904762,0.09090909090909091,,,,,,,,,,,,,,,,,,1.0,0.06666666666666667,,,,,,,,,,,,,1.0,,0.047619047619047616,0.047619047619047616,2.0,2.0,0.09523809523809523,2020ps
202259,1611661328,Epiphanny Prince,Epiphanny Prince,202259,SEA,3882.0,5,65.0,37.0,132,135.0,35.0,43.0,13.0,267,2.0,2.0,,,,,,1.0,2.0,3.0,4.0,6.0,5.0,25.0,117.0,,,,,1.0,1.0,1.0,3.0,2.0,6.0,,,9.0,2.0,11.0,2.0,3.0,5.0,1.0,24.0,,,3.0,1.0,,4.0,,4.0,5.0,1.0,4.0,1.0,,1.0,1.0,1.0,,2.0,,,4.0,,4.0,,1.0,6.0,,3.0,,,,,,,,,25.0,3.0,35.0,,,,116.66666666666666,86.66666666666666,0.25,0.25,0.6666666666666666,,1.0,0.5882352941176471,,0.25,0.625,,0.3,,,,,14.965986394557824,0.5,,0.019230769230769232,,0.16666666666666666,,0.05714285714285714,,,,,,,,0.04,,0.21428571428571427,,,0.11764705882352941,1.0,1.0,,0.058823529411764705,,,,0.17647058823529413,0.6666666666666666,0.6666666666666666,0.5,,,,,0.7647058823529411,0.45789117647058825,0.37755,0.39095,0.15,0.3333333333333333,,0.12,11.85,,,,0.26515151515151514,,4.0,11.0,,3.0,,3.0,4.0,11.0,,3.0,,3.0,9.0,3.0,11.0,4.0,,,1.0,,1.0,0.75,0.36363636363636365,,,0.36363636363636365,0.6470588235294118,,0.6470588235294118,0.36363636363636365,0.36363636363636365,0.75,1.0,,,0.75,,0.36363636363636365,24.60909090909091,0.6666666666666666,,,,,,,,,,,,,,,,,,,,,,,,,,,,,,,,,,,,,,,2020ps
201913,1611661317,Kia Vaughn,Kia Vaughn,201913,PHO,3800.0,2,63.0,13.0,123,124.0,11.0,8.0,10.0,247,1.0,2.0,,,,,4.0,11.0,6.0,9.0,11.0,22.0,,22.0,126.0,1.0,3.0,,2.0,,,,,20.0,2.0,,,1.0,,1.0,,,1.0,,2.0,,3.0,,9.0,,9.0,3.0,12.0,,,,1.0,,1.0,,1.0,,2.0,,3.0,6.0,,,,,,,,,,,,,,,,20.0,,11.0,,5.0,10.0,113.00813008130082,101.61290322580645,0.9090909090909091,0.9090909090909091,0.5,0.3333333333333333,,0.4782608695652174,0.3333333333333333,,0.4782608695652174,0.3333333333333333,,,,,,18.38235294117647,0.5,,0.1956521739130435,0.09375,,,0.14754098360655737,0.05555555555555555,0.1111111111111111,0.05555555555555555,0.2,,,0.4166666666666667,0.1,0.14285714285714285,,,,0.08695652173913043,0.5,0.5,1.0,0.4782608695652174,0.36363636363636365,0.36363636363636365,0.75,0.391304347826087,0.6666666666666666,0.6666666666666666,1.0,,,,,0.13043478260869565,0.4066456521739131,0.34845,,,,0.09090909090909091,,12.268181818181818,,0.2857142857142857,0.6666666666666666,0.08943089430894309,,,1.0,,,,,,1.0,,,,,,,1.0,,,1.0,,,,,,,,,0.043478260869565216,,0.043478260869565216,,,,,,,,,,25.8,,,,,,,,1.0,,,,,,,,,,,1.0,0.08333333333333333,1.0,,,,,,,,,,,,,,,,,,,2020ps
1629567,1611661323,Natisha Hiedeman,Natisha Hiedeman,1629567,CON,3223.0,7,54.0,-2.0,102,104.0,16.0,39.0,7.0,206,,,,,,,,1.0,2.0,4.0,2.0,5.0,3.0,22.0,102.0,,,1.0,4.0,,,,,4.0,,,,8.0,1.0,9.0,1.0,4.0,3.0,1.0,19.0,,,1.0,3.0,1.0,5.0,,5.0,2.0,1.0,1.0,3.0,3.0,1.0,,,,4.0,2.0,2.0,4.0,,4.0,,,4.0,,2.0,,1.0,1.0,,,1.0,,,18.0,,16.0,,,,98.0392156862745,98.07692307692308,1.0,1.0,0.4,,,0.7307692307692307,1.5,,0.7333333333333333,1.0,,,,,,16.8141592920354,0.75,0.5,0.08333333333333333,,0.07692307692307693,,0.08163265306122448,,,,,,,,0.07142857142857142,0.125,0.09090909090909091,,,,,,,0.07692307692307693,,,,0.3076923076923077,0.5,0.5,1.0,,,,,0.6153846153846154,0.4665884615384615,,,0.13333333333333333,0.2857142857142857,0.18181818181818182,,14.059999999999999,,,0.5,0.1568627450980392,1.0,5.0,7.0,1.0,1.0,,,5.0,8.0,1.0,1.0,,,9.0,6.0,7.0,5.0,,1.0,,,1.0,0.6,0.625,1.0,,0.625,0.6153846153846154,0.07692307692307693,0.5384615384615384,0.7142857142857143,0.7142857142857143,0.6,1.0,1.0,1.0,,,0.7142857142857143,25.775,,,,,,,,,,,,,,,,,,,,,,,,,,,,,,,,,,,,,,,,2020ps
203035,1611661317,Shey Peddy,Shey Peddy,203035,PHO,2492.0,2,42.0,7.0,78,78.0,5.0,13.0,6.0,156,1.0,2.0,,1.0,,,1.0,1.0,,,2.0,3.0,2.0,15.0,86.0,,1.0,,,,,,,,4.0,,,1.0,2.0,3.0,2.0,1.0,,,8.0,2.0,,2.0,2.0,,4.0,2.0,6.0,6.0,3.0,3.0,1.0,1.0,,,,,1.0,,2.0,6.0,,3.0,,,2.0,,1.0,,1.0,,,1.0,1.0,,,15.0,,5.0,,,,119.23076923076923,110.25641025641025,,,0.6666666666666666,,,0.5909090909090909,,,0.625,,,,,,,14.942528735632184,1.0,,0.06451612903225806,,0.16666666666666666,0.14285714285714285,0.09302325581395349,0.06451612903225806,,,,0.09090909090909091,0.3333333333333333,,0.06666666666666667,0.1111111111111111,0.16666666666666666,,,0.18181818181818182,0.5,0.5,,0.09090909090909091,1.0,1.0,,,,,,1.0,,,,0.9090909090909091,0.5737272727272728,,,0.08333333333333333,0.25,,,2.733333333333333,,,,0.0641025641025641,4.0,1.0,4.0,,,,,3.0,8.0,,,,,6.0,3.0,4.0,1.0,,,,,1.0,0.6666666666666666,0.375,,,0.375,0.7272727272727273,0.36363636363636365,0.36363636363636365,0.25,0.25,,,,,,,0.25,24.1875,0.4,2.0,,,,,,,,2.0,,0.5,0.5,1.0,,,,,1.0,0.16666666666666666,,,,,,,,,,,,,,,,,,,,2020ps
201496,1611661320,Candace Parker,Candace Parker,201496,LAS,2400.0,1,40.0,-14.0,74,75.0,18.0,23.0,5.0,149,2.0,3.0,1.0,1.0,1.0,1.0,3.0,8.0,,,5.0,11.0,9.0,22.0,73.0,1.0,1.0,,2.0,1.0,2.0,2.0,7.0,4.0,6.0,2.0,,4.0,1.0,5.0,1.0,2.0,1.0,1.0,11.0,,1.0,1.0,12.0,,13.0,1.0,14.0,1.0,1.0,,1.0,,,,1.0,,1.0,,1.0,2.0,,7.0,,,10.0,1.0,4.0,,2.0,1.0,,1.0,2.0,2.0,,20.0,7.0,18.0,,,,79.72972972972973,97.33333333333333,0.4,0.5,0.45454545454545453,1.0,0.5,0.5,1.0,0.8333333333333334,0.6470588235294118,1.0,0.875,,,,,21.951219512195124,1.0,,0.3870967741935484,0.041666666666666664,0.125,,0.3333333333333333,0.02564102564102564,,,0.2,,,0.16666666666666666,0.42857142857142855,0.45454545454545453,0.25,,1.0,0.23076923076923078,0.6666666666666666,0.6666666666666666,,0.6153846153846154,0.375,0.375,0.6666666666666666,,,,,1.0,1.0,0.3333333333333333,1.0,0.38461538461538464,0.41727692307692305,0.6515,0.40976666666666667,0.29411764705882354,0.2857142857142857,0.09090909090909091,0.3181818181818182,6.672727272727273,1.0,0.2,,0.24324324324324326,,1.0,2.0,,,1.0,1.0,1.0,2.0,,,1.0,1.0,3.0,,2.0,1.0,,,,,,1.0,0.5,,1.0,0.5,0.15384615384615385,,0.15384615384615385,0.5,0.5,1.0,,,,0.3333333333333333,1.0,0.5,24.45,,,,,,,,,,,,,,,,,,,,,,,,,,,,,,,,,,,,,,1.0,0.3333333333333333,2020ps
201502,1611661323,Essence Carson,Essence Carson,201502,CON,2327.0,5,39.0,10.0,73,74.0,18.0,31.0,6.0,147,1.0,1.0,,,,,,1.0,4.0,6.0,5.0,8.0,,13.0,63.0,,,,,2.0,2.0,,7.0,8.0,2.0,,,,,,,,,,,,,1.0,1.0,,2.0,,2.0,1.0,,1.0,1.0,1.0,1.0,,,,2.0,,1.0,2.0,,1.0,,,,,,,2.0,,,2.0,2.0,1.0,,13.0,7.0,18.0,,,,100.0,85.13513513513513,0.8,0.8,0.625,,1.0,0.5,,0.875,0.5,,0.875,,,,,18.75,0.5,,0.04,,0.09090909090909091,,0.05555555555555555,,,,,,,,,0.14285714285714285,0.1,,0.5,0.07692307692307693,1.0,1.0,1.0,0.07692307692307693,,,,0.46153846153846156,0.6666666666666666,0.6666666666666666,0.75,,,,,0.46153846153846156,0.4288653846153846,,0.4299875,,,,0.5384615384615384,14.975,,,0.5,0.2465753424657534,,1.0,5.0,,,1.0,2.0,1.0,5.0,,,1.0,2.0,3.0,,5.0,1.0,,1.0,,,,1.0,0.2,,0.5,0.2,0.38461538461538464,,0.38461538461538464,0.2,0.2,1.0,,,,0.5,0.5,0.2,24.64,0.3333333333333333,,,,,,,,,,,,,,,,,,,,,,,,,,,,,,,,,,,,,,,2020ps
1628278,1611661317,Shatori Walker-Kimbrough,Shatori Walker-Kimbrough,1628278,PHO,2307.0,2,38.0,-6.0,80,78.0,18.0,12.0,4.0,158,1.0,1.0,,,,,,2.0,,1.0,1.0,4.0,3.0,17.0,80.0,,,,6.0,,2.0,1.0,4.0,2.0,,,,1.0,2.0,3.0,2.0,,1.0,,8.0,1.0,,,2.0,,2.0,1.0,3.0,,,,2.0,1.0,,,1.0,,2.0,,,2.0,,3.0,,,6.0,,2.0,1.0,1.0,,,1.0,1.0,,,11.0,4.0,18.0,1.0,,,92.5,102.56410256410255,1.0,1.0,0.25,,,0.7,1.5,0.5,0.6538461538461539,1.5,0.5,,,,,17.857142857142858,1.0,,0.06896551724137931,,,0.07692307692307693,0.05555555555555555,0.029411764705882353,,,,0.07692307692307693,,,0.07692307692307693,0.1,,,,0.1,1.0,1.0,1.0,0.2,,,,0.1,,,,,,,,0.7,0.474315,0.4608,0.4167166666666667,0.16666666666666666,0.3333333333333333,0.35294117647058826,0.23529411764705882,9.7,,,,0.225,2.0,2.0,4.0,1.0,1.0,,,4.0,6.0,2.0,2.0,1.0,1.0,12.0,,4.0,2.0,,,1.0,,1.0,1.0,0.6666666666666666,1.0,1.0,0.6666666666666666,0.6,0.2,0.4,0.5,0.5,1.0,0.5,1.0,1.0,,,0.5,24.55,,2.0,1.0,1.0,1.0,,,,,,,1.0,1.0,1.0,,0.5,0.3333333333333333,1.0,,,,,,1.0,1.0,1.0,,,,,,,,,,,,,,2020ps
201507,1611661322,Leilani Mitchell,Leilani Mitchell,201507,WAS,2148.0,1,36.0,,70,69.0,15.0,8.0,12.0,139,1.0,1.0,,,,,2.0,5.0,,2.0,3.0,8.0,4.0,25.0,75.0,,,1.0,4.0,,1.0,1.0,7.0,,6.0,,,3.0,1.0,4.0,1.0,,2.0,1.0,9.0,,,1.0,1.0,,2.0,,2.0,,,,3.0,1.0,,,2.0,,3.0,,1.0,2.0,,4.0,,,5.0,1.0,2.0,1.0,,,,,,,,21.0,7.0,15.0,1.0,9.0,,107.14285714285715,108.69565217391305,,,0.375,,,0.7,1.5,1.0,0.7352941176470589,1.0,0.875,,,,,24.096385542168676,1.0,,0.05263157894736842,,0.08333333333333333,,0.06451612903225806,,,,,,,,0.08333333333333333,,0.1,,,0.06666666666666667,1.0,1.0,,0.3333333333333333,0.4,0.4,,0.13333333333333333,,,,,,,,0.5333333333333333,0.42535333333333336,0.53175,0.445,0.125,0.2222222222222222,0.16,0.28,10.0875,,0.3333333333333333,,0.21428571428571427,,5.0,7.0,1.0,1.0,2.0,2.0,5.0,7.0,1.0,1.0,2.0,2.0,15.0,,7.0,5.0,,,,,1.0,1.0,0.7142857142857143,1.0,1.0,0.7142857142857143,0.4666666666666667,,0.4666666666666667,0.7142857142857143,0.7142857142857143,1.0,1.0,1.0,1.0,0.6666666666666666,1.0,0.7142857142857143,25.87142857142857,,,,,,,,,,,,,,,,,,,,,,,,,,,,,,,,,,,,,,,,2020ps
1628878,1611661322,Ariel Atkins,Ariel Atkins,1628878,WAS,2145.0,1,36.0,7.0,70,68.0,17.0,11.0,12.0,138,,2.0,,,,,2.0,3.0,4.0,8.0,6.0,13.0,1.0,13.0,69.0,1.0,1.0,1.0,3.0,2.0,3.0,,4.0,6.0,6.0,,2.0,3.0,1.0,4.0,1.0,2.0,1.0,,9.0,,2.0,1.0,1.0,,2.0,2.0,4.0,2.0,2.0,,,,,,,,,,1.0,1.0,,4.0,,,1.0,1.0,1.0,,,,,,,,,10.0,4.0,17.0,,,,108.57142857142858,101.47058823529412,0.5,0.5,0.46153846153846156,1.0,0.6666666666666666,0.375,1.0,0.5,0.40625,1.5,0.5,0.15384615384615385,,,0.25,19.27710843373494,,,0.047619047619047616,0.06896551724137931,0.07692307692307693,,0.058823529411764705,0.05405405405405406,,,0.16666666666666666,,,,0.08333333333333333,,,0.5,,0.125,,,,0.1875,0.6666666666666666,0.6666666666666666,0.5,0.5,0.5,0.6666666666666666,0.5,,,,,0.3125,0.398178125,0.3635,0.3416,0.0625,0.07692307692307693,0.23076923076923078,0.3076923076923077,13.2,0.5,1.0,0.5,0.24285714285714285,,,3.0,,,,1.0,,3.0,,,,1.0,,,3.0,,,,,,,,,,,,0.1875,,0.1875,,,,,,,0.25,,,25.099999999999998,,,,,,,,,,1.0,,,,,,,,,,,,,,,,,,,,,,,,,,,,,,2020ps
202664,1611661329,Courtney Vandersloot,Courtney Vandersloot,202664,CHI,2138.0,1,36.0,-9.0,66,69.0,13.0,15.0,4.0,135,,2.0,,,,1.0,2.0,3.0,1.0,1.0,3.0,6.0,,12.0,84.0,,,,,,1.0,,,,6.0,,,4.0,2.0,6.0,2.0,2.0,1.0,1.0,14.0,,1.0,1.0,2.0,,3.0,1.0,4.0,2.0,2.0,,2.0,1.0,,,1.0,,2.0,1.0,1.0,4.0,,2.0,,,,,,,,,,,,,,12.0,,13.0,,,,113.63636363636363,121.73913043478262,,,0.5,,,0.6,,,0.6,,,,,,,17.142857142857142,1.0,,0.08333333333333333,0.07142857142857142,0.1,,0.08823529411764706,0.04,0.2,,,,,,0.1,0.16666666666666666,0.1111111111111111,,,0.2,,,,0.3,0.6666666666666666,0.6666666666666666,,0.1,1.0,1.0,,,,1.0,,0.6,0.457505,,0.544,,,,,7.616666666666667,1.0,,,0.19696969696969696,,2.0,4.0,,,,,2.0,4.0,,,,,3.0,3.0,4.0,2.0,,,,,2.0,0.5,0.5,,,0.5,0.4,,0.4,0.5,0.5,0.5,,,,,,0.5,24.875,,,,,,,,,,1.0,,,,,,,,,1.0,0.2,,,,,,,,,,,,,,,,,,,,2020ps
1629496,1611661328,Ezi Magbegor,Ezi Magbegor,1629496,SEA,2108.0,6,35.0,-5.0,71,74.0,22.0,22.0,7.0,145,1.0,1.0,,,1.0,1.0,1.0,5.0,,1.0,2.0,7.0,2.0,6.0,67.0,,1.0,,,1.0,3.0,,2.0,4.0,,,1.0,2.0,,2.0,,,1.0,1.0,4.0,,,4.0,3.0,,7.0,,7.0,,,,,,,,,,,,1.0,4.0,,3.0,2.0,,2.0,,1.0,,1.0,,,1.0,1.0,,,6.0,2.0,22.0,,,,87.32394366197184,90.54054054054055,1.0,1.0,0.2857142857142857,,0.3333333333333333,0.2222222222222222,,0.3333333333333333,0.3,,0.3333333333333333,0.14285714285714285,,0.2,,12.987012987012987,,,0.13043478260869565,,0.2857142857142857,,0.1891891891891892,,,,,,,,0.16666666666666666,0.09090909090909091,0.25,0.5,,0.1111111111111111,1.0,1.0,1.0,0.5555555555555556,0.2,0.25,1.0,0.1111111111111111,,,,,,0.3333333333333333,1.0,0.3333333333333333,0.44889999999999997,0.4608,0.46449999999999997,0.1,0.125,,0.3333333333333333,7.271428571428571,,,,0.30985915492957744,,,2.0,,,,,,2.0,,,,,,,2.0,,,,1.0,,,,,,,,0.2222222222222222,,0.2222222222222222,,,,,,,,,,24.75,,,,,,,,,,,,,,,,,,,,,,,,,,,,,,,,,,,,,,,,2020ps
203416,1611661322,Emma Meesseman,Emma Meesseman,203416,WAS,2102.0,1,35.0,14.0,69,67.0,17.0,13.0,11.0,136,2.0,3.0,,,,,3.0,7.0,1.0,3.0,6.0,13.0,,18.0,64.0,,1.0,,,1.0,3.0,,5.0,10.0,2.0,,1.0,2.0,2.0,4.0,2.0,,1.0,1.0,10.0,1.0,1.0,1.0,,,1.0,2.0,3.0,2.0,2.0,,,,,,,,,,,1.0,,3.0,1.0,,,,,,1.0,,,1.0,1.0,1.0,,18.0,5.0,17.0,,,,113.04347826086958,95.52238805970148,0.8333333333333334,0.8333333333333334,0.46153846153846156,,0.3333333333333333,0.6,,0.625,0.6,,0.625,0.07692307692307693,,0.14285714285714285,,18.51851851851852,,,,0.038461538461538464,0.07692307692307693,0.125,0.03125,0.058823529411764705,0.3333333333333333,,,0.14285714285714285,,,,,0.09090909090909091,,1.0,0.2,0.6666666666666666,0.6666666666666666,1.0,0.4666666666666667,0.42857142857142855,0.5,0.6666666666666666,0.2,0.3333333333333333,0.3333333333333333,1.0,,,,,0.3333333333333333,0.41888,,0.4062375,,,,0.2777777777777778,8.669230769230769,,0.5,0.5,0.2463768115942029,,2.0,2.0,,,1.0,1.0,2.0,2.0,,,1.0,1.0,6.0,,2.0,2.0,,,,,,1.0,1.0,,1.0,1.0,0.13333333333333333,,0.13333333333333333,1.0,1.0,1.0,,,,0.25,1.0,1.0,24.2,,,,,,,,,,,,,,,,,,,,,,,,,,,,,,,,,,,,,,,,2020ps
203833,1611661320,Chelsea Gray,Chelsea Gray,203833,LAS,2099.0,1,35.0,-18.0,66,65.0,18.0,22.0,5.0,131,1.0,2.0,,,1.0,1.0,1.0,3.0,,,2.0,5.0,,4.0,66.0,,,,,1.0,1.0,,2.0,4.0,,,,,,,,,,,,,,,2.0,,2.0,,2.0,1.0,1.0,,2.0,2.0,1.0,,,,3.0,2.0,,3.0,,2.0,,,,,,,,,,,,,,4.0,2.0,18.0,,1.0,8.0,72.72727272727272,101.53846153846153,1.0,1.0,0.4,,1.0,0.2222222222222222,,0.5,0.2222222222222222,,0.5,,,,,16.216216216216218,0.6666666666666666,,0.07142857142857142,,,,0.05714285714285714,,,,,,,0.2,0.07692307692307693,,,,,0.2222222222222222,0.5,0.5,1.0,0.3333333333333333,0.3333333333333333,0.3333333333333333,1.0,,,,,,,0.5,1.0,0.6666666666666666,0.42683333333333334,0.52035,0.45785,,,,0.5,6.38,,,,0.2727272727272727,,,4.0,,1.0,,1.0,,4.0,,1.0,,1.0,,,4.0,,,,,,,,,,,,0.4444444444444444,,0.4444444444444444,,,,1.0,,,0.5,,,25.225,,,,,,,,,1.0,,,,,,,,,,,,,,,,,,,,,,,,,,,,,,,2020ps
1627674,1611661329,Kahleah Copper,Kahleah Copper,1627674,CHI,2076.0,1,35.0,-6.0,67,66.0,15.0,18.0,5.0,133,3.0,4.0,,,,,1.0,3.0,1.0,3.0,5.0,10.0,1.0,17.0,81.0,,,,,,,1.0,7.0,6.0,4.0,,,3.0,1.0,4.0,1.0,2.0,,1.0,9.0,,,,,,,,,2.0,2.0,,1.0,,1.0,,1.0,,2.0,1.0,,2.0,,3.0,,,4.0,,1.0,1.0,,,,,,,,17.0,7.0,15.0,1.0,,,111.94029850746269,122.72727272727272,0.6,0.6,0.5,,,0.5714285714285714,,1.5,0.53125,,1.1666666666666667,,,,,25.0,0.5,,,,,,,,,,,,,,,,,,,0.2857142857142857,0.75,0.75,0.6666666666666666,0.21428571428571427,0.3333333333333333,0.3333333333333333,1.0,0.21428571428571427,0.3333333333333333,0.3333333333333333,,,,,,0.5714285714285714,0.46790000000000004,0.44775,0.56505,0.06666666666666667,0.09090909090909091,,0.4117647058823529,7.81,,,0.5,0.22388059701492538,1.0,2.0,3.0,,1.0,2.0,2.0,2.0,4.0,,1.0,2.0,2.0,6.0,,3.0,2.0,,,,,1.0,1.0,0.5,,1.0,0.5,0.2857142857142857,0.07142857142857142,0.21428571428571427,0.6666666666666666,0.6666666666666666,1.0,1.0,,,1.0,1.0,0.6666666666666666,24.45,,,,,,,1.0,,,,,,,,,,,,,,,,,,,,,,,,,,,,,,,,,2020ps
1629506,1611661322,Kiara Leslie,Kiara Leslie,1629506,WAS,1987.0,1,33.0,1.0,64,64.0,13.0,4.0,10.0,128,1.0,1.0,,,,,2.0,3.0,,2.0,3.0,6.0,1.0,7.0,68.0,,,,,,,,,,6.0,,1.0,2.0,2.0,4.0,2.0,,1.0,1.0,10.0,,1.0,2.0,3.0,,5.0,1.0,6.0,1.0,,1.0,,,1.0,,,,1.0,,1.0,4.0,,2.0,,,1.0,1.0,1.0,,2.0,,1.0,1.0,2.0,2.0,,7.0,,13.0,,,6.0,107.8125,106.25,,,0.5,,,0.3333333333333333,,,0.3888888888888889,,,0.16666666666666666,,,0.5,13.333333333333334,,,0.1875,0.03571428571428571,0.2,,0.19230769230769232,0.029411764705882353,,0.08333333333333333,,,,0.6666666666666666,,0.3333333333333333,0.25,,1.0,0.1111111111111111,1.0,1.0,,0.3333333333333333,0.6666666666666666,0.6666666666666666,,0.2222222222222222,,,,,,,,0.4444444444444444,0.4691555555555556,,0.5754,0.1111111111111111,0.16666666666666666,,,8.366666666666667,,,,0.203125,1.0,,2.0,,,,1.0,,3.0,,,,1.0,,,2.0,,,,,,,,,,,,0.3333333333333333,0.1111111111111111,0.2222222222222222,,,,,,,1.0,,,24.8,,,,,,,,,1.0,,8.0,,,,,,,,,,,1.0,,,,,,,,,,,,,,,,,,2020ps
1628244,1611661328,Sami Whitcomb,Sami Whitcomb,1628244,SEA,1930.0,3,32.0,6.0,61,62.0,17.0,25.0,11.0,123,1.0,2.0,,,,1.0,2.0,4.0,,1.0,3.0,7.0,,15.0,60.0,1.0,1.0,,2.0,1.0,2.0,,8.0,2.0,4.0,,1.0,3.0,2.0,5.0,2.0,2.0,1.0,,12.0,,,1.0,3.0,,4.0,,4.0,3.0,3.0,,1.0,1.0,,,,,1.0,,2.0,3.0,,2.0,,,,,,,,,,,,,,13.0,8.0,17.0,,,,108.19672131147541,96.7741935483871,0.3333333333333333,0.3333333333333333,0.42857142857142855,1.0,0.5,0.4166666666666667,1.0,0.6666666666666666,0.4166666666666667,1.0,0.6666666666666666,0.14285714285714285,,,1.0,26.760563380281692,1.0,,0.17647058823529413,,0.1111111111111111,,0.15384615384615385,,,,,,,,0.18181818181818182,0.2,0.125,,,0.1111111111111111,0.5,0.5,,0.2222222222222222,0.5,0.5,0.5,0.05555555555555555,,,,,,0.16666666666666666,,0.7222222222222222,0.4844916666666667,0.4054,0.5082166666666666,,,0.13333333333333333,0.5333333333333333,6.885714285714286,1.0,,1.0,0.2786885245901639,2.0,2.0,9.0,,,1.0,3.0,3.0,11.0,,,2.0,4.0,9.0,,9.0,2.0,,,,,,1.0,0.2727272727272727,,0.5,0.2727272727272727,0.6111111111111112,0.1111111111111111,0.5,0.2222222222222222,0.2222222222222222,1.0,,,,0.5,0.3333333333333333,0.2222222222222222,24.227272727272727,0.25,1.0,,1.0,1.0,,,,,,,0.5,0.5,1.0,,,0.16666666666666666,1.0,,,,,,,,,,,,,,,,,,,,,,2020ps
1628931,1611661329,Gabby Williams,Gabby Williams,1628931,CHI,1928.0,1,32.0,-7.0,63,62.0,18.0,19.0,4.0,125,3.0,4.0,1.0,1.0,2.0,2.0,1.0,2.0,,3.0,4.0,9.0,2.0,16.0,77.0,1.0,1.0,,2.0,3.0,6.0,1.0,7.0,2.0,6.0,2.0,1.0,1.0,1.0,2.0,,1.0,,,5.0,1.0,2.0,1.0,1.0,,2.0,3.0,5.0,2.0,1.0,1.0,,,1.0,,,,1.0,,2.0,3.0,,2.0,,,2.0,2.0,2.0,,,,,,,,,14.0,7.0,18.0,,,,111.11111111111111,124.19354838709677,0.25,0.3333333333333333,0.4444444444444444,1.0,0.5,0.5,1.0,0.375,0.5714285714285714,1.0,0.4375,0.1111111111111111,0.25,,,22.388059701492537,,,0.05,0.15384615384615385,0.14285714285714285,0.1,0.07407407407407407,0.13043478260869565,0.25,0.25,,0.125,,,0.1111111111111111,,0.14285714285714285,,,0.2857142857142857,0.75,1.0,0.3333333333333333,0.14285714285714285,0.5,0.5,,0.21428571428571427,,,,1.0,1.0,0.25,1.0,0.6428571428571429,0.4772785714285714,0.6778,0.495325,0.14285714285714285,0.2222222222222222,0.125,0.4375,7.955555555555555,,1.0,,0.2857142857142857,1.0,2.0,4.0,,,,1.0,2.0,5.0,,,,2.0,6.0,,4.0,2.0,1.0,1.0,,,1.0,1.0,0.4,,,0.4,0.35714285714285715,0.07142857142857142,0.2857142857142857,0.5,0.5,1.0,,,,0.125,,0.5,24.22,,,,,1.0,,,1.0,,,,,,,,,0.125,,1.0,0.14285714285714285,,,,,,,,,,,,,,,,,,,,2020ps
1628263,1611661319,Lindsay Allen,Lindsay Allen,1628263,LVA,1924.0,5,32.0,-8.0,64,66.0,20.0,21.0,8.0,130,1.0,1.0,,,1.0,1.0,,1.0,2.0,4.0,3.0,6.0,,6.0,59.0,,,,,2.0,5.0,,4.0,2.0,4.0,,,1.0,1.0,2.0,1.0,,,1.0,5.0,,,1.0,,,1.0,,1.0,1.0,,1.0,3.0,3.0,3.0,,,,6.0,,1.0,3.0,,,,,,,,,1.0,,,1.0,1.0,,,6.0,4.0,20.0,,1.0,,79.6875,89.39393939393939,0.3333333333333333,0.3333333333333333,0.5,,0.4,0.3333333333333333,,0.3333333333333333,0.3333333333333333,,0.3333333333333333,,,,,20.27027027027027,0.5,,,,0.09090909090909091,,0.030303030303030304,,,,,,,,,,0.1111111111111111,,,0.1111111111111111,1.0,1.0,1.0,0.1111111111111111,,,,0.4444444444444444,0.5,0.5,,,,0.16666666666666666,1.0,0.4444444444444444,0.4694875,,0.44304,,,,0.6666666666666666,13.816666666666668,,,,0.3125,,,3.0,,,,1.0,,3.0,,,,1.0,,,3.0,,,2.0,,,,,,,,,0.3333333333333333,,0.3333333333333333,,,,,,,0.16666666666666666,,,28.2,,,,,,,,,1.0,,,,,,,,,,,,,,,,,,,,,,,,,,,,,,,2020ps
1630114,1611661324,Mikiah Herbert Harrigan,Mikiah Herbert Harrigan,1630114,MIN,1728.0,3,29.0,-15.0,59,58.0,29.0,19.0,7.0,117,,,,,,,1.0,1.0,,,1.0,1.0,1.0,9.0,63.0,,,,,,,1.0,7.0,,2.0,,,,,,,,,,,,1.0,3.0,1.0,,4.0,1.0,5.0,,,,1.0,,2.0,1.0,1.0,,3.0,2.0,3.0,6.0,,4.0,2.0,,2.0,,,1.0,1.0,,,1.0,1.0,1.0,,9.0,7.0,29.0,1.0,1.0,4.0,81.35593220338984,108.62068965517243,,,1.0,,,0.8,,0.75,0.75,,0.7,,,,,13.636363636363635,0.3333333333333333,,0.05263157894736842,0.05,0.25,,0.12903225806451613,0.03225806451612903,,0.07692307692307693,,,,,,0.2,0.25,0.25,1.0,,,,,0.2,1.0,1.0,,,,,,,,,,0.8,0.40682999999999997,,0.4074375,,,,0.7777777777777778,5.4,,,,0.4915254237288136,,2.0,4.0,,,2.0,4.0,2.0,4.0,,,2.0,4.0,6.0,,4.0,2.0,,1.0,1.0,,,1.0,0.5,,0.5,0.5,0.8,,0.8,0.5,0.5,1.0,,,,1.0,0.5,0.5,26.025,0.5,,,,,,,,,,,,,,,,,,,,,,,,,,,,,,,,,,,,,,,2020ps
201516,1611661329,Allie Quigley,Allie Quigley,201516,CHI,1678.0,1,28.0,-14.0,51,55.0,8.0,10.0,3.0,106,,,,,,,3.0,3.0,3.0,3.0,6.0,6.0,4.0,19.0,70.0,,,,3.0,2.0,2.0,,7.0,8.0,4.0,,,,,,,,,,,,,,,,,,,,,,1.0,1.0,,,,,1.0,,1.0,1.0,,3.0,,,4.0,,2.0,,,,,,,,,16.0,7.0,8.0,,,,109.80392156862744,127.27272727272727,0.6666666666666666,0.6666666666666666,1.0,,1.0,0.8333333333333334,1.5,0.875,0.8636363636363636,1.5,0.875,,,,,22.22222222222222,1.0,,,,,,,,,,,,,,,,,,,,,,,0.3333333333333333,1.0,1.0,0.6666666666666666,0.3333333333333333,1.0,1.0,0.6666666666666666,,,,,0.3333333333333333,0.4509833333333333,0.51555,0.4683875,0.18181818181818182,0.25,0.15789473684210525,0.3684210526315789,12.883333333333333,,,,0.1568627450980392,,1.0,3.0,1.0,1.0,1.0,2.0,1.0,3.0,1.0,1.0,1.0,2.0,3.0,,3.0,1.0,,,,,,1.0,0.3333333333333333,1.0,0.5,0.3333333333333333,0.3333333333333333,,0.3333333333333333,0.3333333333333333,0.3333333333333333,1.0,1.0,1.0,1.0,0.5,0.5,0.3333333333333333,25.566666666666666,,,,,,,,,,,,,,,,,,,,,,,,,,,,,,,,,,,,,,,,2020ps
1628899,1611661322,Myisha Hines-Allen,Myisha Hines-Allen,1628899,WAS,1599.0,1,27.0,-11.0,52,52.0,1.0,2.0,6.0,104,,,,,,,1.0,2.0,2.0,3.0,3.0,5.0,2.0,11.0,65.0,1.0,2.0,,2.0,,,,,4.0,2.0,,,,1.0,1.0,1.0,,,,3.0,,,2.0,6.0,1.0,9.0,,9.0,,,,2.0,,1.0,,2.0,,3.0,,4.0,4.0,,3.0,,,2.0,,1.0,,2.0,,,2.0,2.0,1.0,,9.0,,1.0,,1.0,8.0,103.84615384615384,125.0,0.6666666666666666,0.6666666666666666,0.6,0.5,,0.75,0.5,,0.7857142857142857,0.5,,,,,,17.24137931034483,0.6666666666666666,1.0,0.375,,0.3333333333333333,,0.36363636363636365,,,,,,,0.25,0.4444444444444444,0.3333333333333333,0.3333333333333333,,0.5,,,,,0.3333333333333333,0.5,0.5,1.0,0.5,0.6666666666666666,0.6666666666666666,0.5,,,,,0.16666666666666666,0.4028,0.38235,,0.14285714285714285,0.16666666666666666,0.18181818181818182,,12.819999999999999,,,,0.019230769230769232,,1.0,1.0,,,,,1.0,1.0,,,,,3.0,,1.0,1.0,,1.0,,,,1.0,1.0,,,1.0,0.16666666666666666,,0.16666666666666666,1.0,1.0,1.0,,,,,,1.0,24.9,,,,,,,,2.0,,1.0,10.0,,,,,,,,,,,1.0,,,,,,,,,,,,,,,,,,2020ps
204323,1611661329,Cheyenne Parker,Cheyenne Parker,204323,CHI,1504.0,1,25.0,-5.0,47,46.0,17.0,14.0,3.0,93,1.0,3.0,1.0,1.0,,,,,,,1.0,3.0,6.0,8.0,59.0,1.0,1.0,,2.0,,,2.0,2.0,,2.0,2.0,,1.0,2.0,3.0,2.0,1.0,,,8.0,,1.0,1.0,6.0,,7.0,1.0,8.0,2.0,2.0,,,,3.0,1.0,,,3.0,,2.0,3.0,,5.0,,,6.0,,2.0,1.0,1.0,,,1.0,1.0,1.0,,6.0,2.0,17.0,1.0,,,114.8936170212766,128.26086956521738,,,0.3333333333333333,1.0,,0.25,1.0,,0.5714285714285714,1.0,1.0,,,,,20.0,,,0.3157894736842105,0.1,0.125,,0.25925925925925924,0.0625,,,0.25,,,0.25,0.42857142857142855,0.25,0.14285714285714285,,1.0,0.75,0.3333333333333333,0.3333333333333333,,,,,,,,,,1.0,1.0,,,1.0,0.5502625,0.4591,,0.3333333333333333,0.4,0.25,0.25,1.9666666666666668,,,,0.3617021276595745,,,1.0,,,,,,1.0,,,,,,,1.0,,,,,,,,,,,,0.25,,0.25,,,,,,,,,,24.4,,,,,,,,,,,,,,,,,,,,,,,,,,,,,,,,2.0,,,,,,,,2020ps
1628279,1611661320,Brittney Sykes,Brittney Sykes,1628279,LAS,1347.0,1,22.0,-2.0,41,41.0,6.0,8.0,3.0,82,2.0,3.0,,,,,,2.0,1.0,2.0,3.0,7.0,2.0,8.0,37.0,,1.0,,,,,,,4.0,2.0,,,2.0,,2.0,,,2.0,,4.0,1.0,1.0,1.0,2.0,,3.0,2.0,5.0,,,,2.0,2.0,1.0,,,1.0,3.0,,2.0,6.0,,2.0,,,2.0,,1.0,,,,,,,,,8.0,,6.0,,1.0,8.0,85.3658536585366,90.2439024390244,0.6666666666666666,0.6666666666666666,0.42857142857142855,,,0.2727272727272727,,,0.3333333333333333,,,,,,,31.914893617021278,0.6666666666666666,,0.1111111111111111,0.08333333333333333,0.25,0.1,0.13636363636363635,0.09090909090909091,,0.16666666666666666,,0.125,,,,0.3333333333333333,1.0,,,0.2727272727272727,0.6666666666666666,0.6666666666666666,1.0,0.18181818181818182,,,,0.18181818181818182,0.5,0.5,,,,,,0.6363636363636364,0.49875454545454545,,,0.08333333333333333,0.125,,,8.528571428571428,,,1.0,0.14634146341463414,2.0,,2.0,,,,,,4.0,,,,,,,2.0,,,,,,,,,,,,0.36363636363636365,0.18181818181818182,0.18181818181818182,,,,,,,,,,23.7,0.25,,,,,,,,,,2.0,,,,,,,,,,,,2.0,,,,,,,,,,,,,,,,,2020ps
200671,1611661320,Seimone Augustus,Seimone Augustus,200671,LAS,1324.0,1,22.0,3.0,41,42.0,17.0,13.0,2.0,83,,1.0,,,,1.0,1.0,1.0,2.0,4.0,3.0,6.0,4.0,10.0,34.0,,,2.0,2.0,,1.0,,,6.0,,,,1.0,,1.0,,,,1.0,2.0,,2.0,,1.0,,1.0,2.0,3.0,,,,,,1.0,,,,1.0,1.0,,,,2.0,,,4.0,,2.0,,1.0,,,1.0,1.0,,,8.0,,17.0,,,,90.2439024390244,80.95238095238095,1.0,1.0,0.5,,,0.5,,,0.625,1.0,,,,,,20.930232558139537,,,0.06666666666666667,0.15384615384615385,,,0.05,0.10526315789473684,,0.2857142857142857,,,,,0.125,,,,,0.16666666666666666,,,,0.16666666666666666,1.0,1.0,1.0,0.6666666666666666,0.5,0.5,1.0,,,1.0,,0.16666666666666666,0.40458333333333335,,0.479,0.25,0.25,0.2,,15.133333333333333,,,,0.4146341463414634,,,,,,,,,,,,,,,,,,,,,,,,,,,,,,,,,,,,,,,,,,,,,,,1.0,,,,,,,,,,,,,,,,,,,,,,,,,,,,,,,,,2020ps
1630099,1611661320,Te'a Cooper,Te'a Cooper,1630099,LAS,1253.0,1,21.0,-1.0,39,41.0,18.0,15.0,2.0,80,,,,,,,,1.0,,1.0,,2.0,,3.0,36.0,,,,,,2.0,,3.0,,,,1.0,1.0,1.0,2.0,1.0,,,1.0,5.0,,,,,,,,,1.0,1.0,,2.0,,1.0,,2.0,1.0,3.0,2.0,,,,,,,,,,,,,,,,,,3.0,3.0,18.0,,,,89.74358974358974,87.8048780487805,,,,,,0.375,,0.5,0.375,,0.5,0.5,,1.0,,17.073170731707318,0.6666666666666666,,,,,,,,,,,,,,,,,,,,,,,0.25,,,,0.25,,,,,,,,0.5,0.4919625,,0.49415000000000003,,,,1.0,9.65,,,,0.46153846153846156,,1.0,2.0,,,1.0,1.0,1.0,2.0,,,1.0,1.0,3.0,,2.0,1.0,,,,,,1.0,0.5,,1.0,0.5,0.5,,0.5,0.5,0.5,1.0,,,,0.3333333333333333,1.0,0.5,25.8,,,,,,,,,,,,,,,,,,,,,,,,,,,,,,,,,,,,,,,,2020ps
1629482,1611661317,Sophie Cunningham,Sophie Cunningham,1629482,PHO,1157.0,2,19.0,-15.0,41,39.0,11.0,8.0,,80,1.0,1.0,,,,,,,,,1.0,1.0,,5.0,42.0,,,,,,,,,2.0,,,,,,,,,,,,,,,2.0,,2.0,,2.0,,,,1.0,1.0,2.0,,,,3.0,1.0,,2.0,2.0,,,,,,,,,,,,,,,5.0,,11.0,,,,65.85365853658537,107.6923076923077,1.0,1.0,1.0,,,0.625,,,0.625,,,,,,,17.073170731707318,0.3333333333333333,,0.13333333333333333,,,,0.10526315789473684,,,,,,,,0.2857142857142857,,,,,0.25,1.0,1.0,1.0,,,,,,,,,,,,,1.0,0.467175,,,,,,,3.1,,,,0.2682926829268293,,1.0,3.0,,,,,1.0,3.0,,,,,3.0,,3.0,1.0,,,,,,1.0,0.3333333333333333,,,0.3333333333333333,0.75,,0.75,0.3333333333333333,0.3333333333333333,1.0,,,,,,0.3333333333333333,26.03333333333333,,,,,,,,,,,,,,,,,,,,,,,,,,,,,,,,,,,,,,,,2020ps
204332,1611661319,Cierra Burdick,Cierra Burdick,204332,LVA,1156.0,4,19.0,-6.0,36,38.0,16.0,15.0,4.0,74,2.0,2.0,,,1.0,1.0,,3.0,,2.0,2.0,7.0,,4.0,36.0,,1.0,,,1.0,5.0,,2.0,4.0,,,1.0,2.0,,2.0,,,,2.0,4.0,,,1.0,3.0,,4.0,,4.0,,,,,,,,,,,,,1.0,,1.0,,,,,,,,,,,,,,4.0,2.0,16.0,,,,83.33333333333334,94.73684210526315,1.0,1.0,0.2857142857142857,,0.2,0.2857142857142857,,0.2,0.2857142857142857,,0.2,0.14285714285714285,,0.3333333333333333,,16.666666666666668,,,0.3333333333333333,,0.09090909090909091,,0.2,,,,,,,0.5,0.4,,0.1111111111111111,,,0.2857142857142857,1.0,1.0,1.0,0.42857142857142855,,,,0.2857142857142857,,,,,,0.2,1.0,0.2857142857142857,0.4435285714285714,0.3828,0.42855999999999994,,,,0.5,9.442857142857141,,0.6666666666666666,,0.4444444444444444,,,,,,,,,,,,,,,,,,,,,,1.0,,,,,,,,,,,,,,,,,,,,,,,,,,,,,,,,,,,,,,,,,,,,,,,,,,,,,,,,,,2020ps
201480,1611661324,Sylvia Fowles,Sylvia Fowles,201480,MIN,1086.0,1,18.0,-16.0,36,38.0,2.0,,3.0,74,2.0,6.0,,1.0,,,,2.0,,,2.0,8.0,2.0,6.0,45.0,,1.0,,,,,,,4.0,,,,1.0,,1.0,,1.0,,,2.0,,1.0,1.0,2.0,,3.0,1.0,4.0,,,,,,1.0,,,,1.0,,,,,1.0,,,2.0,,1.0,,,,,,,,,6.0,,2.0,,,,80.55555555555556,118.42105263157895,1.0,1.0,0.25,,,0.25,,,0.3333333333333333,,,,,,,25.64102564102564,,,0.25,0.09090909090909091,0.2,,0.23076923076923078,0.058823529411764705,0.16666666666666666,,,,,1.0,0.2,,0.2,,,0.75,0.3333333333333333,0.3333333333333333,1.0,0.25,,,,,,,,1.0,,,,0.75,0.48555,0.7025,,0.1111111111111111,0.1111111111111111,,,4.1,,,,0.05555555555555555,,,,,,,,,,,,,,,,,,,1.0,,,,,,,,,,,,,,,,,,,,,,,,,,,,,,,,,,,,,,,,,,,,,,,,,,,,,,,,,,,,,2020ps
1630113,1611661329,Ruthy Hebard,Ruthy Hebard,1630113,CHI,1082.0,1,18.0,-10.0,34,33.0,3.0,4.0,3.0,67,2.0,2.0,,,,,,1.0,,1.0,2.0,4.0,,4.0,39.0,,,,,,,,,4.0,,,,,,,,,,,,,,1.0,1.0,,2.0,,2.0,,,,1.0,,1.0,,1.0,1.0,2.0,,2.0,2.0,,,,,,,,,1.0,,,1.0,1.0,,,4.0,,3.0,,,,85.29411764705881,118.18181818181817,1.0,1.0,0.5,,,0.5,,,0.5,,,,,,,16.216216216216218,0.5,,0.08333333333333333,,0.14285714285714285,,0.10526315789473684,,,,,,,0.3333333333333333,,,0.16666666666666666,,,0.5,1.0,1.0,1.0,0.25,,,,0.25,,,,,,,,0.5,0.38,,,,,,,7.875,,,,0.08823529411764706,,,,,,,,,,,,,,,,,,,,,,,,,,,,,,,,,,,,,,,,,,,,,,,,,,,,,,,,,,,,,,,,,,,,,,,,,,,,,,,,2020ps
1629485,1611661320,Kristine Anigwe,Kristine Anigwe,1629485,LAS,1076.0,1,18.0,-17.0,33,33.0,1.0,10.0,3.0,66,2.0,3.0,1.0,2.0,,,1.0,2.0,,,3.0,5.0,2.0,8.0,39.0,1.0,3.0,,2.0,,,,,2.0,4.0,2.0,1.0,,,,,,,,,1.0,1.0,1.0,4.0,,5.0,2.0,7.0,,,,,,1.0,1.0,,,1.0,1.0,1.0,2.0,,2.0,,,2.0,,1.0,,1.0,1.0,,,1.0,,,6.0,,1.0,,1.0,,66.66666666666666,118.18181818181817,0.3333333333333333,0.5,0.6,0.3333333333333333,,0.6,0.3333333333333333,,0.6666666666666666,0.3333333333333333,,0.2,,0.5,,17.94871794871795,,,0.25,0.09090909090909091,0.3333333333333333,0.1111111111111111,0.2631578947368421,0.1,0.2,,,,0.5,,0.16666666666666666,0.6,,0.5,,0.6,0.6666666666666666,0.6666666666666666,0.5,0.4,0.5,1.0,,,,,,0.6666666666666666,0.5,,,0.6,0.50656,0.61175,,0.16666666666666666,0.16666666666666666,0.25,,4.220000000000001,1.0,1.0,,0.030303030303030304,,,,,,,,,,,,,,,,,,,,,,,,,,,,,,,,,,,,,,,,,,,,,,,,,,,,,,,,,,,,,,,,,,,,,,,,,,,,,,,,2020ps
1628282,1611661320,Sydney Wiese,Sydney Wiese,1628282,LAS,1052.0,1,18.0,-9.0,31,31.0,4.0,6.0,4.0,62,,1.0,,1.0,,1.0,,,,,,1.0,,,31.0,,1.0,,,,1.0,,,,,,,1.0,,1.0,,1.0,,,2.0,,,,,,,,,,,,,,,,,,,,,,,,,,,,,,,,,,,,,,,4.0,,,,70.96774193548387,100.0,,,,,,,,,,,,,,,,7.894736842105263,,,,,,,,,,,,,,,,,,,,0.3333333333333333,,,,,,,,,,,,1.0,,0.5,,1.0,0.5159166666666667,0.5324,0.508825,,,,,3.3,,,,0.12903225806451613,,,2.0,,,,1.0,,2.0,,,,1.0,,,2.0,,,,,,,,,,,,0.6666666666666666,,0.6666666666666666,,,,,,,0.5,,,24.35,0.5,,,,,,,,,,,,,,,,,,,,,,,,,,,,,,,,,,,,,,,2020ps
1629501,1611661317,Alanna Smith,Alanna Smith,1629501,PHO,963.0,2,16.0,-6.0,34,32.0,12.0,10.0,,66,,,,,,,,1.0,,1.0,,2.0,2.0,5.0,37.0,,,,,,1.0,2.0,5.0,,,,1.0,,,,,,,,,,,,2.0,,2.0,,2.0,1.0,,1.0,1.0,1.0,1.0,,,,2.0,,,3.0,,2.0,1.0,,2.0,,,1.0,1.0,,,1.0,1.0,,,5.0,5.0,12.0,1.0,3.0,,91.17647058823529,115.625,,,,,,0.375,,0.5,0.5,,0.625,0.5,,1.0,,20.588235294117645,0.5,,0.15384615384615385,,,,0.125,,,,,,,0.5,,0.25,,,,,,,,0.25,,,,0.25,,,,,,,,0.5,0.427475,,0.42860000000000004,,,,1.0,10.35,,,,0.35294117647058826,,1.0,2.0,,,1.0,2.0,1.0,2.0,,,1.0,2.0,3.0,,2.0,1.0,,1.0,,,1.0,1.0,0.5,,0.5,0.5,0.5,,0.5,0.5,0.5,1.0,,,,0.6666666666666666,0.5,0.5,24.35,,,,,,,,,,,,,,,,,,,,,,,,,,,1.0,,,,,,,,,,,,,2020ps
1628286,1611661324,Erica McCall,Erica McCall,1628286,MIN,956.0,3,16.0,-11.0,30,31.0,14.0,9.0,5.0,61,1.0,1.0,,,,,1.0,2.0,,,2.0,3.0,3.0,7.0,40.0,,,2.0,2.0,,1.0,,,4.0,,,,,,,,,,,,,2.0,,4.0,,4.0,2.0,6.0,,,,,,,,,,,,2.0,2.0,,3.0,,,3.0,1.0,2.0,,1.0,,1.0,,1.0,,,5.0,,14.0,,,,96.66666666666667,129.03225806451613,1.0,1.0,0.6666666666666666,,,0.6666666666666666,,,0.875,1.0,,,,,,11.11111111111111,,,0.5714285714285714,0.2,,,0.3076923076923077,0.13333333333333333,,0.16666666666666666,0.3333333333333333,,,,0.5,0.6666666666666666,,,,0.3333333333333333,1.0,1.0,1.0,0.6666666666666666,0.5,0.5,1.0,,,,,,,,,0.3333333333333333,0.32180000000000003,,0.3996,0.5,0.5,0.2857142857142857,,6.033333333333334,,,,0.4666666666666667,,,,,,,,,,,,,,,,,,,,,,,,,,,,,,,,,,,,,,,,,,,,,,,,,,,,,,,,,,,,,,,,,,,,,,,,,,,,,,,,2020ps
203828,1611661329,Stefanie Dolson,Stefanie Dolson,203828,CHI,955.0,1,16.0,-10.0,30,31.0,4.0,5.0,2.0,61,1.0,1.0,,,,,,,,1.0,1.0,2.0,,2.0,37.0,,,,,,,,,2.0,,,,2.0,1.0,3.0,1.0,,2.0,,7.0,,,1.0,1.0,,2.0,,2.0,,,,,,,,,,,,1.0,2.0,,,,,,,,,1.0,,,1.0,1.0,,,2.0,,4.0,,,,90.0,119.35483870967742,1.0,1.0,0.5,,,0.25,,,0.25,,,,,,,12.5,,,0.14285714285714285,,0.25,,0.18181818181818182,,,,,,,,0.25,,0.25,,,0.25,1.0,1.0,1.0,,,,,0.25,,,,,,,,0.75,0.41725,,,,,,,10.15,,,,0.13333333333333333,,,2.0,,,,,,2.0,,,,,,,2.0,,,,,,,,,,,,0.5,,0.5,,,,,,,,,,25.75,1.0,,,,,,,,,,,,,,,,,,,,,,,,,,,,,,,,,,,,,,,2020ps
203403,1611661322,Tianna Hawkins,Tianna Hawkins,203403,WAS,888.0,1,15.0,1.0,29,29.0,16.0,11.0,7.0,58,,,,,,,1.0,5.0,,1.0,1.0,6.0,3.0,5.0,29.0,,1.0,1.0,1.0,1.0,4.0,3.0,5.0,2.0,,,1.0,,,,,,,,,,2.0,1.0,2.0,,3.0,2.0,5.0,,,,1.0,,1.0,,1.0,1.0,2.0,,,4.0,,2.0,1.0,,4.0,,,2.0,,,,,,,,4.0,5.0,16.0,2.0,,,103.44827586206897,100.0,1.0,1.0,0.16666666666666666,,0.25,0.14285714285714285,,0.25,0.2777777777777778,0.25,0.4166666666666667,0.16666666666666666,,0.2,,29.72972972972973,0.5,,0.2857142857142857,0.13333333333333333,0.14285714285714285,,0.21428571428571427,0.10526315789473684,,0.1,0.2,,,,0.25,0.5,0.2,,,,,,,0.7142857142857143,0.2,0.25,1.0,0.14285714285714285,,,,,,,,0.14285714285714285,0.4475857142857143,0.5723,0.4373,,,0.2,1.0,7.6499999999999995,,0.5,1.0,0.5517241379310345,,,1.0,,,,,,1.0,,,,,,,1.0,,,,1.0,,2.0,,,,,,0.14285714285714285,,0.14285714285714285,,,,,,,,,,25.2,1.0,,,,,,,1.0,,,2.0,,,,,,,,,,,,,,,,,,,,,,,,,,,,,2020ps
203437,1611661320,Tierra Ruffin-Pratt,Tierra Ruffin-Pratt,203437,LAS,775.0,1,13.0,-6.0,24,24.0,5.0,6.0,1.0,48,,1.0,,,,,,1.0,,,,2.0,,,26.0,,,,,,,,,,,,,3.0,,3.0,,1.0,1.0,1.0,6.0,,,1.0,1.0,,2.0,,2.0,,,,,,1.0,,,1.0,1.0,,2.0,2.0,,,,,,,,,1.0,,,1.0,1.0,,,,,5.0,,,,83.33333333333334,108.33333333333334,,,,,,,,,,,,,,,,20.0,,,0.09090909090909091,,0.3333333333333333,,0.14285714285714285,,,,,,,0.5,,,,1.0,,0.25,,,,0.25,,,,,,,,,,,,0.75,0.509075,,,,,,,4.25,,1.0,,0.20833333333333334,1.0,,1.0,,,,,,2.0,,,,,,,1.0,,,,,,,,,,,,0.5,0.25,0.25,,,,,,,,,,23.65,,,,,,,,,,,,,,,,,,,,,,,,,,,,,,,,,,,,,,,,2020ps
203849,1611661323,Theresa Plaisance,Theresa Plaisance,203849,CON,734.0,3,12.0,-2.0,25,25.0,3.0,22.0,2.0,50,,,,,,,,1.0,,,,1.0,,,20.0,,,,,,,,,,,,,,1.0,1.0,1.0,,,,3.0,,,,2.0,,2.0,,2.0,,,,1.0,,1.0,1.0,1.0,,2.0,,1.0,2.0,,1.0,,,,,,,1.0,,,1.0,1.0,1.0,,,,3.0,,,,72.0,80.0,,,,,,,,,,,,,,,,14.814814814814813,0.5,,0.2222222222222222,,,,0.18181818181818182,,,,,,,,0.3333333333333333,0.2,,,1.0,,,,,0.5,,,,,,,,,,,,0.5,0.4252,,,,,,,11.6,,,,0.12,,,1.0,,,,,,1.0,,,,,,,1.0,,,,,,,,,,,,0.5,,0.5,,,,,,,,,,24.7,,,,,,,,,,1.0,,,,,,,,,,,,,,,,,,,,,,,,,,,,,,2020ps
203043,1611661322,Jacki Gemelos,Jacki Gemelos,203043,WAS,668.0,1,11.0,-10.0,22,22.0,4.0,11.0,4.0,44,,,,,,,,2.0,,,,2.0,,3.0,33.0,,,,,,,,3.0,,,,1.0,1.0,1.0,2.0,1.0,,,1.0,5.0,,1.0,2.0,,,2.0,1.0,3.0,,,,,,,,,,,,,,,,,,,,,,,,,,,,,3.0,3.0,4.0,,,,104.54545454545455,150.0,,,,,,0.5,,1.5,0.5,,1.5,0.5,,0.5,,11.538461538461538,,,,0.1111111111111111,0.6666666666666666,,0.25,0.07692307692307693,,0.16666666666666666,,,,,,,0.6666666666666666,,,,,,,0.6666666666666666,,,,,,,,,,,,0.3333333333333333,0.32408333333333333,,0.16065,,,,1.0,9.0,,1.0,,0.18181818181818182,,1.0,1.0,,,1.0,1.0,1.0,1.0,,,1.0,1.0,,3.0,1.0,1.0,,,,,,,1.0,,1.0,1.0,0.3333333333333333,,0.3333333333333333,1.0,1.0,,,,,1.0,1.0,1.0,31.2,,,,,,,,,,,,,,,,,,,,,,,,,,,,,,,,,,,,,,,,2020ps
203029,1611661320,Riquna Williams,Riquna Williams,203029,LAS,599.0,1,10.0,-10.0,18,20.0,,9.0,,38,,,,,,,,,1.0,2.0,1.0,2.0,,2.0,23.0,,,,,,,,,2.0,,,,,,,,,,,,,,,1.0,,1.0,,1.0,1.0,1.0,,,,1.0,,,,1.0,,,1.0,,,,,,,,,,,,,,,,2.0,,,,,,72.22222222222223,115.0,1.0,1.0,0.5,,,0.25,,,0.25,,,,,,,27.77777777777778,,,0.14285714285714285,,,,0.1,,,,,,,,0.5,,,,,,,,,,,,,0.5,0.5,0.5,1.0,,,,,0.5,0.407725,,,,,,,19.05,,,,,,,2.0,,,,,,2.0,,,,,,,2.0,,,1.0,,,,,,,,,0.5,,0.5,,,,,,,,,,25.0,,,,,,,,,,,,,,,,,,,,,,,,,,,,,,,,,,,,,,,,2020ps
1628297,1611661329,Alexis Prince,Alexis Prince,1628297,CHI,539.0,1,9.0,-2.0,18,15.0,10.0,9.0,1.0,33,,,,,,,,,,,,,,3.0,21.0,,,,,,,,,,,,,,,,,,,,,,,,,,,,,,,,,,,,,,,,1.0,1.0,,,,,,,,,1.0,,,1.0,1.0,1.0,,3.0,,10.0,,,,105.55555555555556,140.0,,,,,,1.5,,,1.5,,,,,,,5.2631578947368425,,,,,,,,,,,,,,,,,,,1.0,,,,,,,,,,,,,,,,,1.0,0.57165,,,,,,,,,,,0.5555555555555556,1.0,,,,,,,1.0,1.0,,,,,3.0,,,,,,,,,1.0,1.0,,,1.0,1.0,1.0,,,,,,,,,,,24.1,,1.0,,,,,,,,,,1.0,1.0,1.0,,,,,,,,,,,,,,,,,,,,,,,,,,2020ps
1627670,1611661328,Morgan Tuck,Morgan Tuck,1627670,SEA,440.0,1,7.0,6.0,14,13.0,,4.0,4.0,27,1.0,3.0,,,,,,,,,1.0,3.0,,2.0,4.0,,,,,,,,,2.0,,,,1.0,,1.0,,,1.0,,2.0,,,1.0,,,1.0,,1.0,,,,,,,,,,,,1.0,1.0,,,,,,,,,,,,,,,,2.0,,,,,,71.42857142857142,30.769230769230766,1.0,1.0,0.3333333333333333,,,0.2,,,0.2,,,,,,,27.77777777777778,,,,,0.5,,0.1111111111111111,,,,,,,,,,0.5,,,0.6,0.3333333333333333,0.3333333333333333,1.0,,,,,,,,,,,,,1.0,0.47024,0.39795,,,,,,3.5,0.5,,,,,,2.0,,1.0,,,,2.0,,1.0,,,,,2.0,,,,,,,,,,,,0.4,,0.4,,,,1.0,,,,,,24.5,,,,,,,,,,,,,,,,,,,,,,,,,,,,,,,,,,,,,,,,2020ps
201518,1611661328,Crystal Langhorne,Crystal Langhorne,201518,SEA,356.0,1,6.0,4.0,12,11.0,,4.0,3.0,23,,,,,,,,,,,,,,,4.0,,,,,,,,,,,,,1.0,,1.0,,1.0,,,2.0,,,,2.0,,2.0,,2.0,,,,,,,,,,,,,1.0,,,,,,,,,,,,,,,,,,,,,,66.66666666666667,36.36363636363637,,,,,,,,,,,,,,,,14.285714285714285,,,0.2857142857142857,,,,0.25,,,,,,,,,0.5,,,,,,,,,,,,,,,,,,,,1.0,0.5574,,,,,,,,,,,,1.0,,1.0,,,,,,2.0,,,,,,,1.0,,,,1.0,,1.0,,,,,,1.0,0.5,0.5,,,,,,,,,,24.05,0.5,,,,,,,,,,,,,,,,,,,,,,,,,,,,,,,,,,,,,,,2020ps
204321,1611661323,Kaleena Mosqueda-Lewis,Kaleena Mosqueda-Lewis,204321,CON,316.0,2,5.0,5.0,9,9.0,2.0,7.0,3.0,18,1.0,1.0,,,,,,,,,1.0,1.0,,2.0,9.0,,,,,,,,,2.0,,,,1.0,,1.0,,1.0,,,2.0,,,,,,,,,,,,,,,,,,,,,,,,,,,,,,,,,,,,,2.0,,2.0,,,,155.55555555555557,100.0,1.0,1.0,1.0,,,0.5,,,0.5,,,,,,,15.384615384615383,,,,,,,,,,,,,,,,,,,,0.5,1.0,1.0,1.0,,,,,,,,,,,,,1.0,0.481925,,,,,,,3.1,,,,0.2222222222222222,,,1.0,,,,,,1.0,,,,,,,1.0,,,,,,,,,,,,0.5,,0.5,,,,,,,,,,25.8,1.0,,,,,,,,,,,,,,,,,,,,,,,,,,,,,,,,,,,,,,,2020ps
1630134,1611661322,Sug Sutton,Sug Sutton,1630134,WAS,252.0,1,4.0,-1.0,8,8.0,2.0,5.0,1.0,16,,,,,,,1.0,1.0,,1.0,1.0,2.0,,2.0,10.0,,,,,,,,,,2.0,,,,,,,,,,,,,,1.0,,1.0,,1.0,,,,,,,,,,,,,,,,,,,,,,,,,,,,,2.0,,2.0,,,,112.5,125.0,,,0.5,,,0.5,,,0.5,,,,,,,22.22222222222222,,,0.5,,,,0.3333333333333333,,,,,,,,,0.5,,,,,,,,0.5,1.0,1.0,,0.5,,,,,,,,,0.4246,,,,,,,9.55,,,,0.25,,,,,,,,,,,,,,,,,,,,,,,,,,,,,,,,,,,,,,,,,,,,,,,,,,,,,,,,,,,,,,,,,,,,,,,,,,,,,,,,2020ps
1628268,1611661322,Alaina Coates,Alaina Coates,1628268,WAS,211.0,1,4.0,-6.0,6,6.0,,,2.0,12,,1.0,,1.0,,,,,,,,1.0,,,12.0,,1.0,,,,,,,,,,,,,,,,,,,,1.0,,,,,1.0,1.0,,,,,,,,,,,,1.0,1.0,,,,,,,,,,,,,,,,,,,,,,100.0,200.0,,,,,,,,,,,,,,,,12.5,,,,0.2,,,,0.16666666666666666,,0.5,,,,,,,,,,1.0,,,,,,,,,,,,1.0,,,,1.0,0.7121,0.7121,,,,,,0.6,,,,,,,,,,,,,,,,,,,,,,,,,,,,,,,,,,,,,,,,,,,,,,,,,,,,,,,,,,,,,,,,,,,,,,,,,,,,,,,,,,,,2020ps
203018,1611661324,Shenise Johnson,Shenise Johnson,203018,MIN,152.0,1,3.0,-1.0,4,3.0,,,,7,,,,,,,,,,1.0,,1.0,,,3.0,,,,,,,,,,,,,,,,,,,,,,,,,,,,,,,,,,,,,,,,,,,2.0,,,,,,,,,,,,,,,,,,,,50.0,100.0,,,,,,,,,,,,,,,,25.0,,,,,,,,,,,,,,,,,,,,,,,,,,,,1.0,,,,,,,,,0.3726,,,,,,,20.7,,,,,,,,,,,,,,,,,,,,,,,,,,,,,,,,,,,,,,,,,,,,,,,,,,,,,,,,,,,,,,,,,,,,,,,,,,,,,,,,,,,,2020ps
1628906,1611661329,Stephanie Mavunga,Stephanie Mavunga,1628906,CHI,75.0,1,1.0,-2.0,3,3.0,1.0,1.0,,6,,,,,,,,,,,,,,,2.0,,,,,,,,,,,,,,,,,,,,,,,,,,,,,,,,1.0,1.0,,,,,1.0,,1.0,1.0,,,,,,,,,,,,,,,,,,1.0,,,,,66.66666666666667,,,,,,,,,,,,,,,,33.333333333333336,1.0,,,,,,,,,,,,,,,,,,,,,,,,,,,,,,,,,,,,,,,,,,,,,,,0.3333333333333333,,,,,,,,,,,,,,,,,,,,,,,,,,,,,,,,,,,,,,,,,,,,,,,,,,,,,,,,,,,,,,,,,,,,,,,,,,,,,,,,2020ps
204334,1611661320,Reshanda Gray,Reshanda Gray,204334,LAS,75.0,1,1.0,4.0,3,3.0,3.0,3.0,,6,,,,,,,,,1.0,1.0,1.0,1.0,,2.0,,,,,,1.0,1.0,,2.0,2.0,,,,,,,,,,,,,,,1.0,,1.0,,1.0,1.0,1.0,,,,,,,,,,,,,,,,,,,,,,,,,,,2.0,2.0,3.0,,,,133.33333333333334,,1.0,1.0,1.0,,1.0,1.0,,1.0,1.0,,1.0,,,,,33.333333333333336,,,1.0,,,,0.5,,,,,,,,,1.0,,,,,,,,,,,,1.0,1.0,1.0,1.0,,,,,,0.3786,,0.3786,,,,1.0,17.8,,,,1.0,,,,,,,,,,,,,,,,,,,,,,,,,,,,,,,,,,,,,,,,,,,,,,,,,,,,,,,,,,,,,,,,,,,,,,,,,,,,,,,,2020ps
202641,1611661329,Sydney Colson,Sydney Colson,202641,CHI,25.0,1,,,1,,1.0,,,1,,,,,,,,,,,,,,,,,,,,,,,,,,,,,,,,,,,,,,,,,,,,,,,,,,,,,,,,,,,,,,,,,,,,,,,,,,1.0,,,,,,,,,,,,,,,,,,,,,,,,,,,,,,,,,,,,,,,,,,,,,,,,,,,,,,,,,,,,,,,,,,,,,1.0,,,,,,,,,,,,,,,,,,,,,,,,,,,,,,,,,,,,,,,,,,,,,,,,,,,,,,,,,,,,,,,,,,,,,,,,,,,,,,,,2020ps
